-- MariaDB dump 10.19  Distrib 10.10.3-MariaDB, for Win64 (AMD64)
--
-- Host: localhost    Database: rumahsakitbaru
-- ------------------------------------------------------
-- Server version	10.10.3-MariaDB

/*!40101 SET @OLD_CHARACTER_SET_CLIENT=@@CHARACTER_SET_CLIENT */;
/*!40101 SET @OLD_CHARACTER_SET_RESULTS=@@CHARACTER_SET_RESULTS */;
/*!40101 SET @OLD_COLLATION_CONNECTION=@@COLLATION_CONNECTION */;
/*!40101 SET NAMES utf8mb4 */;
/*!40103 SET @OLD_TIME_ZONE=@@TIME_ZONE */;
/*!40103 SET TIME_ZONE='+00:00' */;
/*!40014 SET @OLD_UNIQUE_CHECKS=@@UNIQUE_CHECKS, UNIQUE_CHECKS=0 */;
/*!40014 SET @OLD_FOREIGN_KEY_CHECKS=@@FOREIGN_KEY_CHECKS, FOREIGN_KEY_CHECKS=0 */;
/*!40101 SET @OLD_SQL_MODE=@@SQL_MODE, SQL_MODE='NO_AUTO_VALUE_ON_ZERO' */;
/*!40111 SET @OLD_SQL_NOTES=@@SQL_NOTES, SQL_NOTES=0 */;

--
-- Table structure for table `departemen`
--

DROP TABLE IF EXISTS `departemen`;
/*!40101 SET @saved_cs_client     = @@character_set_client */;
/*!40101 SET character_set_client = utf8 */;
CREATE TABLE `departemen` (
  `id` int(11) NOT NULL AUTO_INCREMENT,
  `nama_departemen` varchar(255) NOT NULL,
  PRIMARY KEY (`id`),
  KEY `nama_departemen` (`nama_departemen`),
  CONSTRAINT `departemen_ibfk_1` FOREIGN KEY (`nama_departemen`) REFERENCES `kepaladepartemen` (`nama_departemen`)
) ENGINE=InnoDB AUTO_INCREMENT=19 DEFAULT CHARSET=latin1 COLLATE=latin1_swedish_ci;
/*!40101 SET character_set_client = @saved_cs_client */;

--
-- Dumping data for table `departemen`
--

LOCK TABLES `departemen` WRITE;
/*!40000 ALTER TABLE `departemen` DISABLE KEYS */;
INSERT INTO `departemen` VALUES
(1,'Anestesiologi'),
(2,'Bedah'),
(3,'Bedah Saraf'),
(4,'Dermatologi'),
(5,'Farmakologi Klinik'),
(6,'Forensik dan Medikolegal'),
(7,'Ilmu Gizi Klinik'),
(8,'Kebidanan dan Kandungan'),
(9,'Kesehatan Anak'),
(10,'Kesehatan Jiwa'),
(11,'Medik Gigi dan Mulut'),
(12,'Mikrobiologi Klinik'),
(13,'Orthopedi dan Traumatologi'),
(14,'Patologi Klinik'),
(15,'Penyakit Dalam'),
(16,'Penyakit Saraf'),
(17,'THT'),
(18,'Urologi');
/*!40000 ALTER TABLE `departemen` ENABLE KEYS */;
UNLOCK TABLES;

--
-- Table structure for table `departementenagamedis`
--

DROP TABLE IF EXISTS `departementenagamedis`;
/*!40101 SET @saved_cs_client     = @@character_set_client */;
/*!40101 SET character_set_client = utf8 */;
CREATE TABLE `departementenagamedis` (
  `nomor_lisensi` varchar(25) NOT NULL,
  `id_departemen` int(11) NOT NULL,
  PRIMARY KEY (`nomor_lisensi`),
  KEY `id_departemen` (`id_departemen`),
  CONSTRAINT `departementenagamedis_ibfk_1` FOREIGN KEY (`nomor_lisensi`) REFERENCES `lisensitenagamedis` (`nomor_lisensi`),
  CONSTRAINT `departementenagamedis_ibfk_2` FOREIGN KEY (`id_departemen`) REFERENCES `departemen` (`id`)
) ENGINE=InnoDB DEFAULT CHARSET=latin1 COLLATE=latin1_swedish_ci;
/*!40101 SET character_set_client = @saved_cs_client */;

--
-- Dumping data for table `departementenagamedis`
--

LOCK TABLES `departementenagamedis` WRITE;
/*!40000 ALTER TABLE `departementenagamedis` DISABLE KEYS */;
INSERT INTO `departementenagamedis` VALUES
('113',1),
('128',1),
('141',1),
('156',1),
('163',1),
('175',1),
('194',1),
('215',1),
('223',1),
('238',1),
('241',1),
('243',1),
('290',1),
('297',1),
('101',2),
('129',2),
('142',2),
('144',2),
('148',2),
('150',2),
('157',2),
('161',2),
('213',2),
('244',2),
('257',2),
('266',2),
('106',3),
('162',3),
('165',3),
('185',3),
('206',3),
('217',3),
('228',3),
('236',3),
('249',3),
('251',3),
('285',3),
('103',4),
('120',4),
('132',4),
('149',4),
('160',4),
('207',4),
('232',4),
('267',4),
('109',5),
('111',5),
('170',5),
('176',5),
('193',5),
('211',5),
('280',5),
('293',5),
('107',6),
('126',6),
('152',6),
('164',6),
('167',6),
('189',6),
('203',6),
('208',6),
('233',6),
('248',6),
('254',6),
('259',6),
('261',6),
('263',6),
('273',6),
('283',6),
('287',6),
('289',6),
('291',6),
('300',6),
('130',7),
('145',7),
('183',7),
('204',7),
('237',7),
('258',7),
('272',7),
('274',7),
('277',7),
('114',8),
('115',8),
('186',8),
('199',8),
('212',8),
('220',8),
('229',8),
('234',8),
('256',8),
('268',8),
('118',9),
('155',9),
('166',9),
('180',9),
('192',9),
('218',9),
('225',9),
('262',9),
('292',9),
('294',9),
('295',9),
('104',10),
('108',10),
('127',10),
('146',10),
('154',10),
('179',10),
('181',10),
('182',10),
('191',10),
('242',10),
('246',10),
('255',10),
('260',10),
('265',10),
('275',10),
('278',10),
('298',10),
('112',11),
('123',11),
('131',11),
('136',11),
('137',11),
('159',11),
('188',11),
('198',11),
('222',11),
('226',11),
('230',11),
('231',11),
('239',11),
('250',11),
('252',11),
('105',12),
('117',12),
('121',12),
('122',12),
('139',12),
('143',12),
('173',12),
('224',12),
('264',12),
('284',12),
('286',12),
('296',12),
('119',13),
('134',13),
('140',13),
('147',13),
('171',13),
('172',13),
('184',13),
('205',13),
('210',13),
('219',13),
('276',13),
('288',13),
('151',14),
('178',14),
('201',14),
('216',14),
('247',14),
('270',14),
('271',14),
('282',14),
('195',15),
('196',15),
('209',15),
('269',15),
('133',16),
('135',16),
('138',16),
('153',16),
('169',16),
('197',16),
('200',16),
('214',16),
('227',16),
('240',16),
('253',16),
('279',16),
('299',16),
('102',17),
('110',17),
('116',17),
('124',17),
('125',17),
('187',17),
('202',17),
('221',17),
('235',17),
('158',18),
('168',18),
('174',18),
('177',18),
('190',18),
('245',18),
('281',18);
/*!40000 ALTER TABLE `departementenagamedis` ENABLE KEYS */;
UNLOCK TABLES;

--
-- Table structure for table `desakecamatan`
--

DROP TABLE IF EXISTS `desakecamatan`;
/*!40101 SET @saved_cs_client     = @@character_set_client */;
/*!40101 SET character_set_client = utf8 */;
CREATE TABLE `desakecamatan` (
  `desa_kelurahan` varchar(255) NOT NULL,
  `kecamatan` varchar(255) NOT NULL,
  PRIMARY KEY (`desa_kelurahan`),
  KEY `kecamatan` (`kecamatan`),
  CONSTRAINT `desakecamatan_ibfk_1` FOREIGN KEY (`kecamatan`) REFERENCES `kecamatankabupatenkota` (`kecamatan`)
) ENGINE=InnoDB DEFAULT CHARSET=latin1 COLLATE=latin1_swedish_ci;
/*!40101 SET character_set_client = @saved_cs_client */;

--
-- Dumping data for table `desakecamatan`
--

LOCK TABLES `desakecamatan` WRITE;
/*!40000 ALTER TABLE `desakecamatan` DISABLE KEYS */;
INSERT INTO `desakecamatan` VALUES
('Blackport','Alexandraport'),
('West Crystalland','Alexandraport'),
('West Natalie','Amandafurt'),
('New Jeffreyshire','Brandonmouth'),
('Thompsonview','Brandonmouth'),
('Bradleybury','Bullockborough'),
('Briannaside','Bullockborough'),
('Jessicaborough','Butlerview'),
('West Adamville','Butlerview'),
('Floresmouth','Cobbshire'),
('Lake Sabrina','Cobbshire'),
('South Benjamin','East Davidfurt'),
('Andersonton','East Rebecca'),
('Lake Johnton','East Rebecca'),
('Sarahton','East Rebecca'),
('Kevinfurt','Edwinburgh'),
('East Jacqueline','Garyview'),
('Johnmouth','Garyview'),
('Hamiltontown','Hoganmouth'),
('Petersport','Hoganmouth'),
('Schmidtfurt','Huertabury'),
('East Amy','Jenniferside'),
('Lake Devon','Jenniferside'),
('Victoriaburgh','Jenniferside'),
('West Alexanderfort','Jessicashire'),
('Blairbury','Kristitown'),
('Port Karen','Kristitown'),
('New Cristina','Lake Cristinashire'),
('North Matthewfort','Lake Cristinashire'),
('Sharptown','Lake Cristinashire'),
('Kochmouth','Lake Davidmouth'),
('North Jessica','Lake Jeffrey'),
('North Ethanshire','Lake Thomasshire'),
('Port Caitlinberg','Lake Thomasshire'),
('Sandersbury','Lake Yvonneville'),
('South Nicholaschester','Lake Yvonneville'),
('Desireeville','Leonardberg'),
('New Robert','Leonardberg'),
('Port Andreaberg','Leonardberg'),
('Port Timothy','Leonardberg'),
('Tommymouth','Loveshire'),
('West Michaelborough','Loveshire'),
('Henrymouth','Matthewview'),
('South Nicoleshire','Matthewview'),
('West Jeremystad','Matthewview'),
('Boydmouth','Morseside'),
('Gallegosbury','Murrayville'),
('New Jennifer','Murrayville'),
('Sanchezfort','Murrayville'),
('Dawnhaven','New Briannastad'),
('Donovanhaven','New Chadside'),
('South Whitneyhaven','New Chadside'),
('Port Isabellaton','New Christian'),
('Williamston','New Christian'),
('Hernandezport','New Craig'),
('West Jennifer','New Craig'),
('Xaviermouth','New Craig'),
('Rachelmouth','New Davidchester'),
('East Chadtown','New Scott'),
('Stoneshire','New Scott'),
('Steeleburgh','New Scottshire'),
('Kelleyburgh','Nicholasville'),
('West Thomas','North Dana'),
('Gordonfurt','North Jacobshire'),
('Lake Dustin','North Jacobshire'),
('New Donstad','North Jacobshire'),
('North Peter','North Jessicafurt'),
('West Meghan','North Jessicafurt'),
('Martinchester','North Lisa'),
('New Jessicaborough','North Lisa'),
('Paulport','North Lisa'),
('Thomasland','North Sandraport'),
('West Randall','North Sandraport'),
('Melendezburgh','Novakshire'),
('Port Sarah','Novakshire'),
('Castroview','Patriciaview'),
('Perezside','Patriciaview'),
('Port Cindychester','Phillipston'),
('Lake Angelaville','Port Autumnborough'),
('North Jasonview','Port Autumnborough'),
('Cabreraport','Port Brittanybury'),
('New Karen','Port Brittanybury'),
('West James','Port Brittanybury'),
('Kingborough','Port Candaceborough'),
('Watersland','Port Janiceview'),
('North Janemouth','Port Jessicachester'),
('South Thomas','Port Jessicachester'),
('Kingmouth','Richardborough'),
('South Bridgetburgh','Richardborough'),
('Tammyburgh','Richardborough'),
('Burnsland','Rodgersport'),
('Ashleymouth','Rodriguezchester'),
('Hillfurt','Rodriguezchester'),
('South Jessica','Rodriguezchester'),
('Lake James','Samanthahaven'),
('Melissatown','Samanthahaven'),
('Cardenaston','Saraton'),
('Port Amanda','Schaefershire'),
('Lake Jennifer','South James'),
('Wattsburgh','South James'),
('Hudsonchester','South Rodneymouth'),
('Powellville','South Rodneymouth'),
('West Kellyburgh','South Rodneymouth'),
('Lake Chloemouth','South Tinamouth'),
('South Michaelchester','South Tinamouth'),
('East Krystal','South Zacharyberg'),
('Lindseychester','South Zacharyberg'),
('North Cameronberg','South Zacharyberg'),
('Montgomeryton','South Zacharybury'),
('Greeneville','Turnermouth'),
('North Aprilton','Turnerstad'),
('North Kevinview','Turnerstad'),
('West Seth','Turnerstad'),
('Mitchellfurt','West Daniel'),
('New Russell','West Daniel'),
('South Lynnhaven','West Daniel'),
('Jerrymouth','West Donaldmouth'),
('Port Brendaport','West Donaldmouth'),
('Wilsonville','West Donaldmouth'),
('Tracytown','West Jodimouth'),
('West Reginastad','West Jodimouth'),
('North Margaret','West Richard'),
('Sethbury','West Richard'),
('South Katherinehaven','West Richard'),
('Parkerbury','Youngland');
/*!40000 ALTER TABLE `desakecamatan` ENABLE KEYS */;
UNLOCK TABLES;

--
-- Table structure for table `detailrecords`
--

DROP TABLE IF EXISTS `detailrecords`;
/*!40101 SET @saved_cs_client     = @@character_set_client */;
/*!40101 SET character_set_client = utf8 */;
CREATE TABLE `detailrecords` (
  `id_pasien` int(11) NOT NULL,
  `id_kerja_sama` int(11) NOT NULL,
  `tanggal_masuk` date NOT NULL,
  `tanggal_keluar` date NOT NULL,
  `diagnosis` varchar(255) NOT NULL,
  `biaya` int(11) NOT NULL,
  PRIMARY KEY (`id_pasien`,`id_kerja_sama`),
  KEY `id_kerja_sama` (`id_kerja_sama`),
  CONSTRAINT `detailrecords_ibfk_1` FOREIGN KEY (`id_pasien`) REFERENCES `pasien` (`id`),
  CONSTRAINT `detailrecords_ibfk_2` FOREIGN KEY (`id_kerja_sama`) REFERENCES `satuantugas` (`id_kerja_sama`)
) ENGINE=InnoDB DEFAULT CHARSET=latin1 COLLATE=latin1_swedish_ci;
/*!40101 SET character_set_client = @saved_cs_client */;

--
-- Dumping data for table `detailrecords`
--

LOCK TABLES `detailrecords` WRITE;
/*!40000 ALTER TABLE `detailrecords` DISABLE KEYS */;
INSERT INTO `detailrecords` VALUES
(1,41,'2023-11-14','2023-11-21','Threat machine policy west another series.',2272),
(3,22,'2023-07-14','2023-07-22','Drive care edge policy official.',1591),
(6,45,'2023-10-21','2023-10-24','Public so author claim tree center vote citizen.',802),
(10,13,'2023-05-17','2023-05-31','Style create think light agreement.',769),
(10,41,'2023-10-08','2023-10-19','Thing participant seek industry.',2487),
(11,2,'2023-11-11','2023-11-21','Throw because town report success.',736),
(11,11,'2023-09-14','2023-09-28','Nation clear seem thus win development likely.',580),
(11,41,'2023-05-23','2023-06-05','Eight might even Republican too indicate buy.',951),
(12,28,'2023-11-21','2023-11-22','Song trip travel country service drop make.',50),
(18,23,'2023-06-01','2023-06-03','Must certain suggest.',2047),
(18,30,'2023-06-27','2023-07-07','Surface suggest happen sign hold to positive.',532),
(21,21,'2023-06-20','2023-07-02','Resource although base seek.',1558),
(25,13,'2023-12-18','2023-12-19','Describe card easy space hour.',3260),
(25,31,'2023-05-29','2023-06-12','Wait quickly front when.',2119),
(32,15,'2023-07-01','2023-07-12','Build vote foot easy.',1890),
(32,44,'2023-07-29','2023-08-09','Couple anyone word choice try.',2097),
(34,10,'2023-09-06','2023-09-11','Article debate wind collection political.',1259),
(34,59,'2023-09-25','2023-09-28','Black center personal enough my.',1741),
(40,15,'2023-07-02','2023-07-15','Manage move home animal plan amount.',2019),
(40,45,'2023-07-22','2023-08-05','Sort teach sometimes cut study.',1369),
(43,0,'2023-12-08','2023-12-14','Rate ten coach career direction increase where.',509),
(46,9,'2023-06-20','2023-07-02','Game little light rest of score.',1180),
(46,65,'2023-08-26','2023-09-08','Represent rich brother everybody interest high another.',1746),
(53,34,'2023-06-13','2023-06-24','Any blue number.',958),
(54,34,'2023-11-08','2023-11-16','Dark nature skill.',1064),
(57,54,'2023-09-24','2023-10-04','However audience where bad.',1029),
(58,22,'2023-08-10','2023-08-11','Successful worry cup site bad price sea to.',2733),
(58,53,'2023-07-14','2023-07-16','Natural education no.',146),
(59,3,'2023-12-06','2023-12-09','Guess since site party race.',1683),
(59,9,'2023-11-21','2023-11-22','Town assume lay upon look.',753),
(60,53,'2023-10-25','2023-11-07','Task scene here score participant teach.',1908),
(62,66,'2023-12-25','2023-12-31','Turn skin effect occur.',1133),
(66,24,'2023-12-30','2024-01-11','Husband sign scene policy today memory idea.',876),
(66,50,'2023-10-08','2023-10-09','Then close may half hold very view.',1008),
(68,28,'2023-05-25','2023-06-08','Several strong clearly sense offer improve every.',1059),
(69,47,'2023-05-07','2023-05-17','Glass everything yeah affect.',1135),
(77,48,'2023-05-30','2023-06-10','Country clearly than city method own light list.',417),
(79,51,'2023-05-20','2023-05-28','Sort student to popular.',26),
(81,1,'2023-11-28','2023-12-10','Practice despite hope forget know.',939),
(81,27,'2023-05-01','2023-05-13','Impact health drop friend visit.',345),
(81,53,'2023-05-23','2023-06-04','Top above late cover police treat.',743),
(84,44,'2023-08-03','2023-08-05','Instead approach manage police.',577),
(85,61,'2023-09-30','2023-10-12','He across health customer sell professional could.',1646),
(85,63,'2023-09-09','2023-09-14','Official guess notice wall.',2398),
(87,32,'2023-07-20','2023-07-30','Course station executive yet structure road purpose.',2161),
(88,1,'2023-11-19','2023-11-23','However present grow eat gas range never.',1693),
(88,46,'2023-08-13','2023-08-23','Officer state strong husband she here.',732),
(91,13,'2023-05-04','2023-05-15','Purpose everybody send expert forward home sort.',877),
(96,19,'2023-06-16','2023-06-20','Color him yes speak discussion investment memory.',501),
(96,54,'2023-11-25','2023-12-05','Administration development compare approach significant say.',1102),
(97,10,'2023-07-08','2023-07-17','Hour soon local feeling if station party.',632),
(99,28,'2023-06-24','2023-07-07','Leg could agency play late expect matter.',1640),
(102,50,'2023-09-12','2023-09-22','Rich out toward focus education.',2022),
(105,35,'2023-12-11','2023-12-17','Possible success thought.',2829),
(107,53,'2023-06-22','2023-06-25','Program her drop.',438),
(109,34,'2023-07-23','2023-07-25','Couple half natural open positive eight.',1141),
(110,43,'2023-09-14','2023-09-18','Media occur your hit institution magazine.',2037),
(112,20,'2023-11-02','2023-11-13','Man she where speech raise news appear prepare.',2470),
(112,25,'2023-06-28','2023-07-10','Under own them middle chair card.',739),
(120,31,'2023-06-08','2023-06-18','Less over particular risk share bring animal.',539),
(123,24,'2023-09-09','2023-09-11','Last happy news property require.',562),
(124,20,'2023-09-30','2023-10-07','Our drug total his maintain.',1567),
(127,11,'2023-06-29','2023-07-06','Skill name degree know knowledge local few.',1568),
(127,48,'2023-07-01','2023-07-07','Any trouble year left cost public eight.',1247),
(131,28,'2023-07-20','2023-07-25','Generation suffer notice office hit report stand.',813),
(131,30,'2023-06-01','2023-06-05','Short we tree little stop term.',1804),
(134,35,'2023-12-15','2023-12-16','Require big family power theory series.',1225),
(140,61,'2023-07-30','2023-08-06','Call stand better air black head economic.',1005),
(143,69,'2023-08-04','2023-08-14','Occur section enter dark dinner.',1684),
(147,31,'2023-07-04','2023-07-08','Send difference knowledge population.',1786),
(149,32,'2023-12-17','2023-12-19','Mission traditional letter inside strategy.',159),
(149,67,'2023-07-12','2023-07-15','Leader language onto go mind per.',1897),
(151,45,'2023-11-15','2023-11-23','Box city foot ball.',2045),
(152,46,'2023-10-05','2023-10-10','Animal near actually another specific character go office.',868),
(153,58,'2023-08-13','2023-08-21','Them figure fish night run develop than music.',1388),
(162,41,'2023-07-16','2023-07-26','Item fish go cover common network.',48),
(166,7,'2023-07-03','2023-07-09','Effect agree close resource push child.',829),
(166,25,'2023-12-03','2023-12-09','Choice large country human join site.',2429),
(166,31,'2023-09-01','2023-09-12','Wind arm rest true adult create.',986),
(166,58,'2023-06-26','2023-06-30','Approach end seat watch fight laugh pressure.',246),
(171,15,'2023-10-25','2023-10-30','Sister approach fast establish.',1284),
(171,27,'2023-09-17','2023-09-22','Decide dark thing buy land stock describe.',971),
(173,30,'2023-12-28','2024-01-07','Soldier born up.',579),
(174,8,'2023-08-28','2023-09-11','Believe nice world adult.',748),
(174,20,'2023-07-05','2023-07-12','Many expert friend fill safe.',989),
(174,36,'2023-07-15','2023-07-20','Point least floor carry apply soldier.',330),
(176,42,'2023-07-05','2023-07-06','Item might notice big agent general left.',2231),
(176,57,'2023-11-14','2023-11-17','Effect foot live toward go member hospital.',1289),
(179,49,'2023-11-25','2023-12-09','Successful medical few buy bag.',1375),
(180,18,'2023-10-01','2023-10-03','Though until sing commercial edge.',412),
(182,41,'2023-12-08','2023-12-09','Doctor scene somebody thing television.',2514),
(183,15,'2023-06-27','2023-07-04','Position during mission hear billion whether fill I.',729),
(183,32,'2023-09-18','2023-09-28','Director his population machine ahead deal.',746),
(185,1,'2023-07-10','2023-07-15','Policy reduce pass city company choose brother.',1193),
(185,4,'2023-12-26','2024-01-08','Career south show argue.',680),
(185,17,'2023-07-22','2023-08-03','Sort hand inside car plan.',890),
(186,29,'2023-06-09','2023-06-13','Skin above require fall at final.',1516),
(186,67,'2023-09-21','2023-09-26','My nearly compare hundred stage.',1256),
(189,51,'2023-05-21','2023-06-03','Tree do nearly carry.',252),
(192,29,'2023-07-04','2023-07-05','Again help all party worry human sometimes central.',2426),
(195,20,'2023-09-23','2023-10-07','Sense build condition pay give great space husband.',1614),
(195,38,'2023-10-15','2023-10-28','Do several policy eat no new.',224),
(200,8,'2023-10-23','2023-10-26','Avoid decision onto along free.',923),
(200,29,'2023-08-07','2023-08-19','Them maybe capital indicate eye.',2669),
(201,30,'2023-06-04','2023-06-11','Time hair personal ten order.',140),
(209,20,'2023-06-30','2023-07-13','Officer main upon into.',2121),
(209,42,'2023-11-18','2023-12-02','Teacher once both kid able quality.',395),
(209,64,'2023-12-20','2023-12-24','Away law write someone spring mission.',0),
(212,41,'2023-07-04','2023-07-14','Heart visit significant lay.',999),
(214,7,'2023-12-14','2023-12-17','Especially as culture scientist.',392),
(214,34,'2023-07-05','2023-07-13','Rather parent concern fly.',2192),
(214,37,'2023-10-16','2023-10-27','So option themselves everyone different phone.',2021),
(215,35,'2023-10-15','2023-10-21','Better set thus reveal trouble perhaps new property.',747),
(216,42,'2023-10-01','2023-10-04','Front edge hundred bit grow discuss.',0),
(217,12,'2023-12-22','2024-01-03','Party call throw computer.',1378),
(218,58,'2023-07-02','2023-07-14','Raise executive some become oil government school.',259),
(229,9,'2023-05-28','2023-06-09','Certain cell who fear.',632),
(229,36,'2023-12-10','2023-12-13','Sell cell available able enter.',0),
(231,11,'2023-08-19','2023-08-27','Statement both ball order travel ahead.',0),
(231,25,'2023-05-27','2023-05-28','Long kitchen let.',0),
(231,49,'2023-10-25','2023-11-08','Age pull before wear piece include.',0),
(235,53,'2023-08-24','2023-09-07','Sea couple interesting check trade step.',0),
(236,17,'2023-09-05','2023-09-08','Account executive choose most current enjoy speak.',109),
(241,67,'2023-07-08','2023-07-14','Lose likely Republican simply member imagine.',414),
(248,5,'2023-12-29','2024-01-03','Speak concern I age.',240),
(248,33,'2023-11-30','2023-12-11','Crime single traditional worry.',0),
(250,2,'2023-08-01','2023-08-03','Memory than group half.',405),
(250,33,'2023-08-05','2023-08-11','Then interesting assume against before capital.',1349),
(255,8,'2023-05-19','2023-05-26','Indicate can serious power.',0),
(256,4,'2023-05-23','2023-05-27','So account authority.',842),
(259,56,'2023-07-06','2023-07-18','Same local security simply remember.',0),
(261,0,'2023-11-27','2023-12-10','Want light church tell born.',201),
(261,33,'2023-09-05','2023-09-18','General after say item miss learn floor.',955),
(262,41,'2023-10-18','2023-10-21','Discussion cut who same region many concern.',1014),
(269,28,'2023-10-23','2023-10-25','Quality mouth decision local.',1973),
(272,10,'2023-08-24','2023-09-07','Five house establish college hold together.',0),
(273,17,'2023-10-27','2023-11-10','Over citizen sing his talk.',731),
(284,22,'2023-12-26','2023-12-31','Resource lawyer wall issue paper.',0),
(284,33,'2023-09-16','2023-09-22','Bar provide discussion beyond.',699),
(284,69,'2023-07-27','2023-08-08','Safe else half player remain security that civil.',668),
(286,11,'2023-10-07','2023-10-09','Economic realize prove affect car down.',2325),
(287,6,'2023-05-16','2023-05-23','College issue reach soldier news there live door.',956),
(287,35,'2023-10-02','2023-10-15','Above away else at.',0),
(293,20,'2023-07-17','2023-07-20','Identify investment would coach base each.',406),
(293,51,'2023-05-01','2023-05-10','Bad thought view main cause product second.',478),
(294,41,'2023-10-29','2023-11-04','Network always million black at sister finally west.',657),
(294,57,'2023-06-18','2023-06-20','Staff pretty record system speech thought.',0),
(296,1,'2023-11-13','2023-11-22','Social hour air.',135),
(296,23,'2023-09-11','2023-09-18','Class thing similar office factor if.',594),
(297,28,'2023-05-07','2023-05-20','Truth plant show wish between.',0);
/*!40000 ALTER TABLE `detailrecords` ENABLE KEYS */;
UNLOCK TABLES;

--
-- Table structure for table `dokter`
--

DROP TABLE IF EXISTS `dokter`;
/*!40101 SET @saved_cs_client     = @@character_set_client */;
/*!40101 SET character_set_client = utf8 */;
CREATE TABLE `dokter` (
  `id` int(11) NOT NULL,
  `spesialisasi` varchar(255) NOT NULL,
  PRIMARY KEY (`id`),
  CONSTRAINT `dokter_ibfk_1` FOREIGN KEY (`id`) REFERENCES `lisensitenagamedis` (`id`)
) ENGINE=InnoDB DEFAULT CHARSET=latin1 COLLATE=latin1_swedish_ci;
/*!40101 SET character_set_client = @saved_cs_client */;

--
-- Dumping data for table `dokter`
--

LOCK TABLES `dokter` WRITE;
/*!40000 ALTER TABLE `dokter` DISABLE KEYS */;
INSERT INTO `dokter` VALUES
(4,'Urology'),
(5,'Rheumatology'),
(8,'Cardiology'),
(17,'Orthopedics'),
(23,'Cardiology'),
(26,'Endocrinology'),
(27,'Neurology'),
(30,'Infectious Disease'),
(36,'Gastroenterology'),
(37,'Gastroenterology'),
(39,'Rheumatology'),
(41,'Dermatology'),
(45,'Neurology'),
(48,'Ophthalmology'),
(49,'Urology'),
(50,'Ophthalmology'),
(52,'Gastroenterology'),
(55,'Ophthalmology'),
(63,'Cardiology'),
(67,'Gastroenterology'),
(72,'Oncology'),
(73,'Orthopedics'),
(74,'Orthopedics'),
(75,'Dermatology'),
(78,' Hematology'),
(80,'Ophthalmology'),
(86,'Oncology'),
(94,'Infectious Disease'),
(100,'Pulmonology'),
(101,'Urology'),
(111,'Oncology'),
(113,'Endocrinology'),
(114,'Nephrology'),
(118,' Hematology'),
(119,'Oncology'),
(122,' Hematology'),
(126,'Nephrology'),
(130,'Nephrology'),
(132,'Pulmonology'),
(133,'Urology'),
(135,'Gastroenterology'),
(138,'Dermatology'),
(141,' Hematology'),
(146,'Orthopedics'),
(148,' Hematology'),
(154,'Dermatology'),
(155,'Neurology'),
(157,'Nephrology'),
(158,'Oncology'),
(159,'Oncology'),
(160,'Infectious Disease'),
(163,'Rheumatology'),
(167,'Neurology'),
(168,'Gastroenterology'),
(177,'Nephrology'),
(181,'Urology'),
(188,'Neurology'),
(190,'Oncology'),
(191,'Infectious Disease'),
(193,'Endocrinology'),
(197,'Gastroenterology'),
(198,'Pulmonology'),
(203,'Gastroenterology'),
(204,'Orthopedics'),
(205,'Gastroenterology'),
(207,'Ophthalmology'),
(208,'Oncology'),
(213,'Neurology'),
(219,'Pulmonology'),
(223,'Pulmonology'),
(226,'Neurology'),
(228,'Nephrology'),
(232,'Neurology'),
(233,'Dermatology'),
(238,'Ophthalmology'),
(240,'Urology'),
(245,'Rheumatology'),
(246,'Ophthalmology'),
(247,'Dermatology'),
(249,'Neurology'),
(251,'Oncology'),
(252,' Hematology'),
(253,'Cardiology'),
(254,'Urology'),
(260,'Gastroenterology'),
(263,'Oncology'),
(265,'Infectious Disease'),
(266,'Rheumatology'),
(268,'Ophthalmology'),
(271,'Ophthalmology'),
(276,'Neurology'),
(278,'Nephrology'),
(279,'Cardiology'),
(282,'Nephrology'),
(288,'Pulmonology'),
(289,' Hematology'),
(290,'Gastroenterology'),
(291,'Neurology'),
(298,'Orthopedics'),
(300,'Dermatology');
/*!40000 ALTER TABLE `dokter` ENABLE KEYS */;
UNLOCK TABLES;

--
-- Table structure for table `kabupatenprovinsi`
--

DROP TABLE IF EXISTS `kabupatenprovinsi`;
/*!40101 SET @saved_cs_client     = @@character_set_client */;
/*!40101 SET character_set_client = utf8 */;
CREATE TABLE `kabupatenprovinsi` (
  `kabupaten_kota` varchar(255) NOT NULL,
  `provinsi` varchar(255) NOT NULL,
  PRIMARY KEY (`kabupaten_kota`)
) ENGINE=InnoDB DEFAULT CHARSET=latin1 COLLATE=latin1_swedish_ci;
/*!40101 SET character_set_client = @saved_cs_client */;

--
-- Dumping data for table `kabupatenprovinsi`
--

LOCK TABLES `kabupatenprovinsi` WRITE;
/*!40000 ALTER TABLE `kabupatenprovinsi` DISABLE KEYS */;
INSERT INTO `kabupatenprovinsi` VALUES
('Angelicabury','New Hampshire'),
('Bakerhaven','Indiana'),
('Blackland','Missouri'),
('East Laura','South Dakota'),
('Herreramouth','Maryland'),
('Jasonchester','Iowa'),
('Leonardside','Wyoming'),
('Maureenview','Nebraska'),
('Moodyhaven','Florida'),
('New Douglas','Oklahoma'),
('New Michaelstad','Iowa'),
('North Brittanyside','Michigan'),
('North Larry','Delaware'),
('South Catherineburgh','Minnesota'),
('West Benjamin','Montana');
/*!40000 ALTER TABLE `kabupatenprovinsi` ENABLE KEYS */;
UNLOCK TABLES;

--
-- Table structure for table `kecamatankabupatenkota`
--

DROP TABLE IF EXISTS `kecamatankabupatenkota`;
/*!40101 SET @saved_cs_client     = @@character_set_client */;
/*!40101 SET character_set_client = utf8 */;
CREATE TABLE `kecamatankabupatenkota` (
  `kecamatan` varchar(255) NOT NULL,
  `kabupaten_kota` varchar(255) NOT NULL,
  PRIMARY KEY (`kecamatan`),
  KEY `kabupaten_kota` (`kabupaten_kota`),
  CONSTRAINT `kecamatankabupatenkota_ibfk_1` FOREIGN KEY (`kabupaten_kota`) REFERENCES `kabupatenprovinsi` (`kabupaten_kota`)
) ENGINE=InnoDB DEFAULT CHARSET=latin1 COLLATE=latin1_swedish_ci;
/*!40101 SET character_set_client = @saved_cs_client */;

--
-- Dumping data for table `kecamatankabupatenkota`
--

LOCK TABLES `kecamatankabupatenkota` WRITE;
/*!40000 ALTER TABLE `kecamatankabupatenkota` DISABLE KEYS */;
INSERT INTO `kecamatankabupatenkota` VALUES
('Brandonmouth','Angelicabury'),
('Jenniferside','Angelicabury'),
('Jessicashire','Angelicabury'),
('Matthewview','Angelicabury'),
('Nicholasville','Angelicabury'),
('Patriciaview','Angelicabury'),
('Samanthahaven','Angelicabury'),
('Alexandraport','Bakerhaven'),
('Lake Cristinashire','Bakerhaven'),
('Lake Jeffrey','Bakerhaven'),
('Lake Yvonneville','Bakerhaven'),
('North Dana','Bakerhaven'),
('North Sandraport','Bakerhaven'),
('Port Brittanybury','Bakerhaven'),
('East Kim','Blackland'),
('Mannshire','Blackland'),
('Millerbury','Blackland'),
('New Christian','Blackland'),
('Saraton','Blackland'),
('Rodriguezchester','East Laura'),
('West Daniel','East Laura'),
('West Richard','East Laura'),
('Loveshire','Herreramouth'),
('Masonborough','Herreramouth'),
('New Chadside','Herreramouth'),
('South Markland','Herreramouth'),
('West Jodimouth','Herreramouth'),
('Brownport','Jasonchester'),
('Bullockborough','Jasonchester'),
('New Craig','Jasonchester'),
('North Jessicafurt','Jasonchester'),
('Port Autumnborough','Jasonchester'),
('Amandafurt','Leonardside'),
('Hoganmouth','Leonardside'),
('North Lisa','Leonardside'),
('Rogersland','Leonardside'),
('South James','Leonardside'),
('Youngland','Leonardside'),
('Butlerview','Maureenview'),
('Huertabury','Maureenview'),
('New Briannastad','Maureenview'),
('Phillipston','Maureenview'),
('Schaefershire','Maureenview'),
('Turnermouth','Maureenview'),
('Jamesstad','Moodyhaven'),
('Lake Thomasshire','Moodyhaven'),
('Smithview','Moodyhaven'),
('Cobbshire','New Douglas'),
('East Davidfurt','New Douglas'),
('Garyview','New Douglas'),
('New Scott','New Douglas'),
('North Parkermouth','New Douglas'),
('Richardborough','New Douglas'),
('South Zacharyberg','New Douglas'),
('South Zacharybury','New Douglas'),
('Kristitown','New Michaelstad'),
('Morseside','New Michaelstad'),
('Port Jessicachester','New Michaelstad'),
('Rodgersport','New Michaelstad'),
('West Donaldmouth','New Michaelstad'),
('East William','North Brittanyside'),
('Edwinburgh','North Brittanyside'),
('Murrayville','North Brittanyside'),
('Port Janiceview','North Brittanyside'),
('South Tinamouth','North Brittanyside'),
('East Rebecca','North Larry'),
('Lake Davidmouth','North Larry'),
('New Davidchester','North Larry'),
('North Jacobshire','North Larry'),
('Novakshire','North Larry'),
('New Scottshire','South Catherineburgh'),
('Leonardberg','West Benjamin'),
('Port Candaceborough','West Benjamin'),
('South Rodneymouth','West Benjamin'),
('Turnerstad','West Benjamin');
/*!40000 ALTER TABLE `kecamatankabupatenkota` ENABLE KEYS */;
UNLOCK TABLES;

--
-- Table structure for table `kelaskapasitaskamar`
--

DROP TABLE IF EXISTS `kelaskapasitaskamar`;
/*!40101 SET @saved_cs_client     = @@character_set_client */;
/*!40101 SET character_set_client = utf8 */;
CREATE TABLE `kelaskapasitaskamar` (
  `nomor` int(11) NOT NULL,
  `lantai` int(11) NOT NULL,
  `kelas` varchar(10) NOT NULL,
  `kapasitas` int(11) NOT NULL,
  PRIMARY KEY (`nomor`,`lantai`)
) ENGINE=InnoDB DEFAULT CHARSET=latin1 COLLATE=latin1_swedish_ci;
/*!40101 SET character_set_client = @saved_cs_client */;

--
-- Dumping data for table `kelaskapasitaskamar`
--

LOCK TABLES `kelaskapasitaskamar` WRITE;
/*!40000 ALTER TABLE `kelaskapasitaskamar` DISABLE KEYS */;
INSERT INTO `kelaskapasitaskamar` VALUES
(1,2,'C',3),
(2,4,'A',3),
(3,3,'B',3),
(4,4,'A',2),
(5,4,'B',2),
(6,4,'C',3),
(7,2,'A',3),
(8,2,'B',3),
(9,1,'C',3),
(10,1,'B',2),
(11,3,'C',4),
(12,5,'C',3),
(13,5,'B',3),
(14,4,'A',2),
(15,2,'B',4),
(16,3,'B',4),
(17,3,'B',4),
(18,4,'B',3),
(19,1,'C',3),
(20,3,'C',3),
(21,3,'B',2),
(22,2,'A',3),
(23,4,'A',3),
(24,3,'C',2),
(25,3,'C',4),
(26,5,'A',4),
(27,1,'C',3),
(28,1,'B',3),
(29,3,'C',4),
(30,3,'B',3),
(31,2,'B',4),
(32,4,'B',3),
(33,4,'C',3),
(34,1,'C',4),
(35,2,'A',4),
(36,1,'C',3),
(37,4,'C',3),
(38,2,'C',4),
(39,2,'A',4),
(40,3,'B',3),
(41,4,'A',3),
(42,1,'C',3),
(43,5,'A',3),
(44,3,'B',2),
(45,2,'C',4),
(46,3,'B',4),
(47,2,'B',2),
(48,2,'C',3),
(49,2,'A',3),
(50,5,'A',4);
/*!40000 ALTER TABLE `kelaskapasitaskamar` ENABLE KEYS */;
UNLOCK TABLES;

--
-- Table structure for table `kepaladepartemen`
--

DROP TABLE IF EXISTS `kepaladepartemen`;
/*!40101 SET @saved_cs_client     = @@character_set_client */;
/*!40101 SET character_set_client = utf8 */;
CREATE TABLE `kepaladepartemen` (
  `nama_departemen` varchar(255) NOT NULL,
  `kepala_departemen` varchar(255) NOT NULL,
  PRIMARY KEY (`nama_departemen`)
) ENGINE=InnoDB DEFAULT CHARSET=latin1 COLLATE=latin1_swedish_ci;
/*!40101 SET character_set_client = @saved_cs_client */;

--
-- Dumping data for table `kepaladepartemen`
--

LOCK TABLES `kepaladepartemen` WRITE;
/*!40000 ALTER TABLE `kepaladepartemen` DISABLE KEYS */;
INSERT INTO `kepaladepartemen` VALUES
('Anestesiologi','Carrie Cuevas'),
('Bedah','Kimberly Schroeder'),
('Bedah Saraf','Morgan Baker'),
('Dermatologi','Scott Daugherty'),
('Farmakologi Klinik','David Johnson'),
('Forensik dan Medikolegal','Kristin Morton'),
('Ilmu Gizi Klinik','Rachel Fernandez'),
('Kebidanan dan Kandungan','Richard Saunders'),
('Kesehatan Anak','Daniel Orozco'),
('Kesehatan Jiwa','Thomas Anderson'),
('Medik Gigi dan Mulut','Kathy Ross'),
('Mikrobiologi Klinik','James Wood'),
('Orthopedi dan Traumatologi','Monique Blackwell'),
('Patologi Klinik','Robin Schultz'),
('Penyakit Dalam','Morgan Malone'),
('Penyakit Saraf','Erin Fowler'),
('THT','Michael Miles'),
('Urologi','John Hickman');
/*!40000 ALTER TABLE `kepaladepartemen` ENABLE KEYS */;
UNLOCK TABLES;

--
-- Table structure for table `klaimasuransi`
--

DROP TABLE IF EXISTS `klaimasuransi`;
/*!40101 SET @saved_cs_client     = @@character_set_client */;
/*!40101 SET character_set_client = utf8 */;
CREATE TABLE `klaimasuransi` (
  `id` int(11) NOT NULL AUTO_INCREMENT,
  `tanggalKlaim` date NOT NULL,
  `status` varchar(255) NOT NULL,
  `id_perusahaan` int(11) NOT NULL,
  `id_medical_records` int(11) NOT NULL,
  `jumlah` int(11) NOT NULL,
  PRIMARY KEY (`id`),
  KEY `id_perusahaan` (`id_perusahaan`),
  KEY `id_medical_records` (`id_medical_records`),
  CONSTRAINT `klaimasuransi_ibfk_1` FOREIGN KEY (`id_perusahaan`) REFERENCES `perusahaanasuransi` (`id`),
  CONSTRAINT `klaimasuransi_ibfk_2` FOREIGN KEY (`id_medical_records`) REFERENCES `medicalrecord` (`id`)
) ENGINE=InnoDB AUTO_INCREMENT=101 DEFAULT CHARSET=latin1 COLLATE=latin1_swedish_ci;
/*!40101 SET character_set_client = @saved_cs_client */;

--
-- Dumping data for table `klaimasuransi`
--

LOCK TABLES `klaimasuransi` WRITE;
/*!40000 ALTER TABLE `klaimasuransi` DISABLE KEYS */;
INSERT INTO `klaimasuransi` VALUES
(1,'2022-11-14','Ditolak',8,102,18),
(2,'2022-05-02','Ditolak',9,82,22),
(3,'2022-11-09','Ditolak',5,130,657),
(4,'2023-01-03','Diterima',1,68,1391),
(5,'2023-01-16','Diterima',9,115,424),
(6,'2023-02-04','Ditolak',9,74,1511),
(7,'2022-06-05','Ditolak',8,66,653),
(8,'2022-08-14','Ditolak',4,19,555),
(9,'2023-03-04','Ditolak',5,117,976),
(10,'2023-02-07','Diterima',4,70,907),
(11,'2023-01-15','Diterima',1,122,568),
(12,'2022-05-07','Diterima',1,119,123),
(13,'2022-05-27','Diterima',5,132,393),
(14,'2022-07-04','Diterima',3,112,75),
(15,'2022-11-22','Ditolak',8,38,127),
(16,'2022-11-15','Ditolak',8,127,193),
(17,'2022-07-19','Ditolak',4,91,1863),
(18,'2023-01-17','Ditolak',7,9,3099),
(19,'2022-08-05','Ditolak',4,79,455),
(20,'2022-08-30','Diterima',1,137,131),
(21,'2022-09-17','Ditolak',4,40,1177),
(22,'2023-04-17','Ditolak',3,52,1049),
(23,'2022-05-22','Ditolak',4,89,97),
(24,'2023-02-17','Diterima',10,84,33),
(25,'2022-12-06','Diterima',4,27,253),
(26,'2022-09-13','Diterima',9,87,788),
(27,'2023-03-31','Ditolak',6,104,799),
(28,'2022-12-14','Ditolak',2,3,199),
(29,'2022-08-21','Ditolak',10,124,221),
(30,'2022-09-26','Ditolak',4,146,1018),
(31,'2023-03-06','Ditolak',4,60,1534),
(32,'2022-10-04','Diterima',3,46,1230),
(33,'2022-08-12','Diterima',4,138,4),
(34,'2022-06-18','Diterima',2,106,200),
(35,'2022-10-19','Diterima',7,23,1015),
(36,'2022-09-04','Ditolak',5,95,1293),
(37,'2022-06-06','Diterima',7,30,1651),
(38,'2022-11-25','Diterima',6,75,671),
(39,'2022-09-17','Diterima',8,25,247),
(40,'2023-02-08','Diterima',1,140,81),
(41,'2022-12-29','Ditolak',7,141,817),
(42,'2022-07-11','Ditolak',10,150,1432),
(43,'2022-06-09','Ditolak',3,48,180),
(44,'2022-11-20','Ditolak',5,126,601),
(45,'2022-06-26','Diterima',10,37,1943),
(46,'2023-01-30','Ditolak',2,22,145),
(47,'2022-08-25','Ditolak',9,13,102),
(48,'2022-06-23','Diterima',8,120,157),
(49,'2022-10-26','Diterima',7,17,380),
(50,'2022-07-22','Ditolak',8,109,566),
(51,'2023-04-01','Ditolak',2,110,166),
(52,'2022-11-10','Diterima',3,136,367),
(53,'2023-02-09','Ditolak',1,61,173),
(54,'2023-04-21','Ditolak',1,31,899),
(55,'2023-03-28','Ditolak',3,8,652),
(56,'2022-10-10','Diterima',4,63,1562),
(57,'2022-12-13','Ditolak',8,56,184),
(58,'2023-03-30','Diterima',4,144,105),
(59,'2022-05-12','Diterima',9,33,302),
(60,'2022-11-15','Diterima',5,47,728),
(61,'2022-06-03','Diterima',5,11,318),
(62,'2023-03-20','Diterima',3,20,1147),
(63,'2023-01-16','Ditolak',6,39,953),
(64,'2023-01-17','Diterima',3,128,252),
(65,'2022-09-30','Ditolak',1,21,277),
(66,'2023-01-01','Diterima',5,99,348),
(67,'2022-11-23','Ditolak',5,83,48),
(68,'2022-12-16','Ditolak',6,105,364),
(69,'2022-07-04','Diterima',2,148,269),
(70,'2022-12-30','Ditolak',7,50,840),
(71,'2022-05-02','Diterima',8,16,549),
(72,'2023-01-18','Ditolak',1,55,43),
(73,'2022-12-10','Diterima',7,67,86),
(74,'2022-05-27','Diterima',5,111,289),
(75,'2023-04-23','Ditolak',4,24,682),
(76,'2022-05-11','Diterima',7,51,135),
(77,'2022-05-14','Ditolak',4,90,832),
(78,'2022-07-07','Ditolak',7,77,1356),
(79,'2022-12-23','Diterima',1,116,218),
(80,'2023-01-30','Ditolak',7,43,404),
(81,'2022-08-12','Diterima',7,58,42),
(82,'2023-01-30','Ditolak',5,107,40),
(83,'2023-04-20','Ditolak',5,125,654),
(84,'2022-07-17','Diterima',1,59,597),
(85,'2022-10-16','Ditolak',1,135,82),
(86,'2022-11-17','Ditolak',6,129,980),
(87,'2022-05-20','Ditolak',5,97,448),
(88,'2022-05-14','Diterima',2,41,873),
(89,'2023-04-17','Diterima',10,147,1519),
(90,'2022-12-22','Ditolak',5,78,236),
(91,'2023-02-07','Diterima',7,4,900),
(92,'2023-04-23','Diterima',5,113,127),
(93,'2022-08-06','Diterima',1,64,75),
(94,'2022-06-06','Diterima',1,35,353),
(95,'2022-08-10','Ditolak',7,94,12),
(96,'2022-11-26','Diterima',3,45,792),
(97,'2022-09-12','Diterima',2,143,325),
(98,'2023-04-12','Diterima',5,93,536),
(99,'2022-10-23','Diterima',10,69,1),
(100,'2022-09-28','Ditolak',10,49,502);
/*!40000 ALTER TABLE `klaimasuransi` ENABLE KEYS */;
UNLOCK TABLES;

--
-- Table structure for table `kontakdarurat`
--

DROP TABLE IF EXISTS `kontakdarurat`;
/*!40101 SET @saved_cs_client     = @@character_set_client */;
/*!40101 SET character_set_client = utf8 */;
CREATE TABLE `kontakdarurat` (
  `id` int(11) NOT NULL AUTO_INCREMENT,
  `nomor` varchar(100) NOT NULL,
  `nama` varchar(255) NOT NULL,
  PRIMARY KEY (`id`,`nomor`,`nama`),
  CONSTRAINT `kontakdarurat_ibfk_1` FOREIGN KEY (`id`) REFERENCES `pasien` (`id`)
) ENGINE=InnoDB AUTO_INCREMENT=298 DEFAULT CHARSET=latin1 COLLATE=latin1_swedish_ci;
/*!40101 SET character_set_client = @saved_cs_client */;

--
-- Dumping data for table `kontakdarurat`
--

LOCK TABLES `kontakdarurat` WRITE;
/*!40000 ALTER TABLE `kontakdarurat` DISABLE KEYS */;
INSERT INTO `kontakdarurat` VALUES
(1,'001-707-047-4067x9097','Heather Carr'),
(3,'568-119-6836x4823','Suzanne Mccullough'),
(6,'(521)129-5875x94625','Tonya Gibson'),
(10,'(746)067-0290x084','Thomas Irwin'),
(11,'531-802-8375x403','Paul Horton'),
(12,'260.239.5168x6278','Oscar Buchanan'),
(18,'023-892-3047','Charlotte Ramirez'),
(21,'(828)962-2642','Edward Henry'),
(25,'708-867-3698','Mary Aguilar'),
(32,'+1-831-940-6224','Hannah Kirk'),
(34,'(514)098-5183x5969','Joseph Williams'),
(40,'(853)415-2453x45050','Helen Crosby'),
(43,'127-114-8978x47302','Johnathan Ward'),
(46,'+1-752-595-5956x87407','Miss Sara Kirby'),
(53,'739-243-4003','Michael Wolf'),
(54,'372.265.9192x63155','Sara Martinez'),
(57,'(448)860-3760x75153','George Greene'),
(58,'001-461-565-3493x7307','Justin Cooper'),
(59,'858-410-7619x51442','Joseph Grimes'),
(60,'379.347.2750x176','Kathryn Wall'),
(62,'+1-353-947-5020x59613','Brandon Martin'),
(66,'600-965-9889x079','Gabriel Conway'),
(68,'346.742.3929x3829','Ronald Schmidt'),
(69,'+1-643-476-4911x7807','Joseph Johnson'),
(77,'+1-894-463-3472x6254','Alexis Wheeler'),
(79,'001-249-950-9557x323','Alejandro Anderson'),
(81,'445-449-8182x585','Brenda Nixon'),
(84,'189-347-8359x5748','Jimmy Mendoza'),
(85,'104.548.0178x951','Billy Williamson'),
(87,'(222)742-0116','Jo Davis'),
(88,'086.040.7606x82457','Sandra Chaney'),
(91,'+1-226-983-6904x1763','Yolanda Neal'),
(96,'449-452-6697x5180','Angela Ford'),
(97,'3642492582','Keith Larsen'),
(99,'+1-988-502-0947x01188','Brian Booth'),
(102,'001-054-431-3142','Mr. John Beasley'),
(105,'372.512.1030','Sheila Hartman'),
(107,'(124)615-7730x88969','Kathy Brooks'),
(109,'410.515.3203x325','Jennifer Novak'),
(110,'859-882-2876x153','Gregory Baker'),
(112,'946.621.6996x3160','Colin Hunter'),
(120,'623-430-7207x7437','Danielle Barr'),
(123,'001-086-732-9137','Theresa Davila'),
(124,'794.359.3992x3861','Lauren Lambert'),
(127,'096-930-7988','Nancy Thomas'),
(131,'545-243-0889x5229','Jessica Anderson'),
(134,'032-963-9022x7354','John Phillips'),
(140,'765-271-5679','Kenneth Vega'),
(143,'(903)260-6003x940','Laura Foster DDS'),
(147,'+1-355-630-0529','Scott Fernandez'),
(149,'(766)051-5648','Stephanie Combs'),
(151,'+1-230-085-8356','Morgan Collins'),
(152,'551-988-5187','Nicole Benton'),
(153,'0369042863','Mr. David Saunders MD'),
(162,'+1-051-111-7713x06181','Matthew Ortiz'),
(166,'499-857-0372x21482','Jennifer Hodge'),
(171,'2425129609','Michelle Scott'),
(173,'856.846.3652x21145','Shannon Miller'),
(174,'001-287-748-4855x547','Dominique Aguirre'),
(176,'+1-312-966-9870','Alexander Hill'),
(179,'817-122-0055','John Williams'),
(180,'(982)749-8231','Travis Mann'),
(182,'(452)193-4158','Luis Robinson'),
(183,'825.399.0059','Tracy Oliver'),
(185,'877.147.0661','Joseph Cisneros'),
(186,'001-813-219-2837x4983','Emily Hardin'),
(189,'+1-282-723-5156x4352','William Christian'),
(192,'+1-803-536-3125','Tiffany Rodriguez'),
(195,'(537)337-0882','Ronald Adkins'),
(200,'312-760-9371','Rachel Hayden'),
(201,'977-706-3484x11212','Lindsay Bailey'),
(209,'984-192-8803','Patricia Skinner'),
(212,'455-578-8311','Nathan Cherry'),
(214,'864.687.3709','Leah Klein'),
(215,'(601)847-8292x9118','Maria Beck'),
(216,'547-401-7206','Brent Allison'),
(217,'(734)070-9693x524','Ann Lewis'),
(218,'001-928-011-7981x8916','Heather Zuniga'),
(229,'272-367-0992','Matthew Salazar'),
(231,'001-069-467-2633x6048','Nancy Howard'),
(235,'881-450-4879','Mitchell King'),
(236,'494-888-1431','Joseph Wright'),
(241,'(260)271-6528x23143','Sheila Rivera'),
(248,'1643820739','Katelyn Andrews'),
(250,'337-102-5072','Thomas Fletcher'),
(255,'2806734411','Tonya Huber'),
(256,'984.205.2870','Chelsea Jackson'),
(259,'269-285-5676','Joshua Wilkerson'),
(261,'+1-816-171-6612x5920','Thomas Duran'),
(262,'094.981.7195','Jennifer Kennedy'),
(269,'478.201.1234x2879','Thomas Munoz'),
(272,'+1-931-306-1829x4265','Mr. Patrick Salazar Jr.'),
(273,'749.199.6823x46338','Richard Fernandez'),
(284,'(774)005-2459x886','Michelle Booth'),
(286,'(826)437-5431','Cole Sullivan'),
(287,'+1-282-878-7351x3997','Robert Branch'),
(293,'+1-852-302-4215x6951','Gary Lewis'),
(294,'(604)109-2782x883','Michelle Beard'),
(296,'+1-094-581-6924x77446','Connie Pineda'),
(297,'944-715-1784x4393','Joshua Brady');
/*!40000 ALTER TABLE `kontakdarurat` ENABLE KEYS */;
UNLOCK TABLES;

--
-- Table structure for table `lisensitenagamedis`
--

DROP TABLE IF EXISTS `lisensitenagamedis`;
/*!40101 SET @saved_cs_client     = @@character_set_client */;
/*!40101 SET character_set_client = utf8 */;
CREATE TABLE `lisensitenagamedis` (
  `id` int(11) NOT NULL AUTO_INCREMENT,
  `nomor_lisensi` varchar(25) NOT NULL,
  PRIMARY KEY (`id`),
  UNIQUE KEY `nomor_lisensi` (`nomor_lisensi`),
  CONSTRAINT `lisensitenagamedis_ibfk_1` FOREIGN KEY (`id`) REFERENCES `orang` (`id`)
) ENGINE=InnoDB AUTO_INCREMENT=301 DEFAULT CHARSET=latin1 COLLATE=latin1_swedish_ci;
/*!40101 SET character_set_client = @saved_cs_client */;

--
-- Dumping data for table `lisensitenagamedis`
--

LOCK TABLES `lisensitenagamedis` WRITE;
/*!40000 ALTER TABLE `lisensitenagamedis` DISABLE KEYS */;
INSERT INTO `lisensitenagamedis` VALUES
(233,'101'),
(135,'102'),
(33,'103'),
(93,'104'),
(285,'105'),
(260,'106'),
(115,'107'),
(17,'108'),
(278,'109'),
(164,'110'),
(122,'111'),
(31,'112'),
(28,'113'),
(239,'114'),
(221,'115'),
(132,'116'),
(138,'117'),
(39,'118'),
(187,'119'),
(121,'120'),
(150,'121'),
(27,'122'),
(50,'123'),
(104,'124'),
(41,'125'),
(159,'126'),
(128,'127'),
(219,'128'),
(118,'129'),
(292,'130'),
(280,'131'),
(76,'132'),
(83,'133'),
(254,'134'),
(148,'135'),
(194,'136'),
(263,'137'),
(223,'138'),
(226,'139'),
(71,'140'),
(23,'141'),
(205,'142'),
(78,'143'),
(299,'144'),
(45,'145'),
(251,'146'),
(19,'147'),
(144,'148'),
(15,'149'),
(234,'150'),
(188,'151'),
(210,'152'),
(42,'153'),
(30,'154'),
(245,'155'),
(64,'156'),
(103,'157'),
(224,'158'),
(75,'159'),
(232,'160'),
(49,'161'),
(267,'162'),
(208,'163'),
(206,'164'),
(129,'165'),
(257,'166'),
(86,'167'),
(177,'168'),
(117,'169'),
(163,'170'),
(252,'171'),
(37,'172'),
(4,'173'),
(73,'174'),
(277,'175'),
(63,'176'),
(203,'177'),
(108,'178'),
(157,'179'),
(38,'180'),
(65,'181'),
(26,'182'),
(36,'183'),
(82,'184'),
(213,'185'),
(146,'186'),
(2,'187'),
(161,'188'),
(35,'189'),
(95,'190'),
(126,'191'),
(289,'192'),
(282,'193'),
(246,'194'),
(207,'195'),
(130,'196'),
(258,'197'),
(279,'198'),
(190,'199'),
(136,'200'),
(244,'201'),
(298,'202'),
(290,'203'),
(211,'204'),
(264,'205'),
(274,'206'),
(142,'207'),
(14,'208'),
(44,'209'),
(265,'210'),
(198,'211'),
(199,'212'),
(193,'213'),
(288,'214'),
(29,'215'),
(237,'216'),
(20,'217'),
(106,'218'),
(240,'219'),
(165,'220'),
(220,'221'),
(70,'222'),
(8,'223'),
(55,'224'),
(155,'225'),
(92,'226'),
(139,'227'),
(222,'228'),
(119,'229'),
(169,'230'),
(247,'231'),
(202,'232'),
(145,'233'),
(197,'234'),
(181,'235'),
(5,'236'),
(22,'237'),
(243,'238'),
(133,'239'),
(13,'240'),
(225,'241'),
(98,'242'),
(141,'243'),
(170,'244'),
(24,'245'),
(7,'246'),
(178,'247'),
(268,'248'),
(16,'249'),
(80,'250'),
(167,'251'),
(281,'252'),
(230,'253'),
(242,'254'),
(74,'255'),
(94,'256'),
(175,'257'),
(51,'258'),
(300,'259'),
(111,'260'),
(89,'261'),
(168,'262'),
(266,'263'),
(184,'264'),
(276,'265'),
(238,'266'),
(137,'267'),
(172,'268'),
(72,'269'),
(204,'270'),
(125,'271'),
(101,'272'),
(191,'273'),
(291,'274'),
(156,'275'),
(295,'276'),
(67,'277'),
(154,'278'),
(100,'279'),
(48,'280'),
(56,'281'),
(196,'282'),
(275,'283'),
(52,'284'),
(249,'285'),
(9,'286'),
(270,'287'),
(113,'288'),
(47,'289'),
(114,'290'),
(160,'291'),
(283,'292'),
(61,'293'),
(228,'294'),
(253,'295'),
(116,'296'),
(158,'297'),
(271,'298'),
(90,'299'),
(227,'300');
/*!40000 ALTER TABLE `lisensitenagamedis` ENABLE KEYS */;
UNLOCK TABLES;

--
-- Table structure for table `medicalrecord`
--

DROP TABLE IF EXISTS `medicalrecord`;
/*!40101 SET @saved_cs_client     = @@character_set_client */;
/*!40101 SET character_set_client = utf8 */;
CREATE TABLE `medicalrecord` (
  `id` int(11) NOT NULL AUTO_INCREMENT,
  `id_pasien` int(11) NOT NULL,
  `id_kerja_sama` int(11) NOT NULL,
  PRIMARY KEY (`id`),
  KEY `id_pasien` (`id_pasien`),
  KEY `id_kerja_sama` (`id_kerja_sama`),
  CONSTRAINT `medicalrecord_ibfk_1` FOREIGN KEY (`id_pasien`) REFERENCES `pasien` (`id`),
  CONSTRAINT `medicalrecord_ibfk_2` FOREIGN KEY (`id_kerja_sama`) REFERENCES `satuantugas` (`id_kerja_sama`)
) ENGINE=InnoDB AUTO_INCREMENT=151 DEFAULT CHARSET=latin1 COLLATE=latin1_swedish_ci;
/*!40101 SET character_set_client = @saved_cs_client */;

--
-- Dumping data for table `medicalrecord`
--

LOCK TABLES `medicalrecord` WRITE;
/*!40000 ALTER TABLE `medicalrecord` DISABLE KEYS */;
INSERT INTO `medicalrecord` VALUES
(1,1,41),
(2,3,22),
(3,6,45),
(4,10,41),
(5,11,41),
(6,12,28),
(7,18,30),
(8,21,21),
(9,25,13),
(10,32,44),
(11,34,59),
(12,40,45),
(13,43,0),
(14,46,9),
(15,53,34),
(16,54,34),
(17,57,54),
(18,58,22),
(19,59,3),
(20,60,53),
(21,62,66),
(22,66,24),
(23,68,28),
(24,69,47),
(25,77,48),
(26,79,51),
(27,81,27),
(28,84,44),
(29,85,63),
(30,87,32),
(31,88,1),
(32,91,13),
(33,96,19),
(34,97,10),
(35,99,28),
(36,102,50),
(37,105,35),
(38,107,53),
(39,109,34),
(40,110,43),
(41,112,20),
(42,120,31),
(43,123,24),
(44,124,20),
(45,127,11),
(46,131,30),
(47,134,35),
(48,140,61),
(49,143,69),
(50,147,31),
(51,149,32),
(52,151,45),
(53,152,46),
(54,153,58),
(55,162,41),
(56,166,31),
(57,171,27),
(58,173,30),
(59,174,8),
(60,176,42),
(61,179,49),
(62,180,18),
(63,182,41),
(64,183,32),
(65,185,1),
(66,186,67),
(67,189,51),
(68,192,29),
(69,195,20),
(70,200,8),
(71,201,30),
(72,209,42),
(73,212,41),
(74,214,37),
(75,215,35),
(76,216,42),
(77,217,12),
(78,218,58),
(79,229,9),
(80,231,49),
(81,235,53),
(82,236,17),
(83,241,67),
(84,248,5),
(85,250,2),
(86,255,8),
(87,256,4),
(88,259,56),
(89,261,0),
(90,262,41),
(91,269,28),
(92,272,10),
(93,273,17),
(94,284,69),
(95,286,11),
(96,287,35),
(97,293,51),
(98,294,57),
(99,296,23),
(100,297,28),
(101,11,2),
(102,185,4),
(103,149,67),
(104,66,50),
(105,261,33),
(106,127,48),
(107,195,38),
(108,287,6),
(109,166,7),
(110,293,20),
(111,131,28),
(112,174,36),
(113,166,58),
(114,10,13),
(115,183,15),
(116,88,46),
(117,250,33),
(118,18,23),
(119,11,11),
(120,25,31),
(121,231,25),
(122,46,65),
(123,81,53),
(124,214,7),
(125,81,1),
(126,284,33),
(127,59,9),
(128,176,57),
(129,171,15),
(130,294,41),
(131,284,22),
(132,185,17),
(133,166,25),
(134,231,11),
(135,58,53),
(136,209,20),
(137,296,1),
(138,174,20),
(139,32,15),
(140,214,34),
(141,200,29),
(142,229,36),
(143,112,25),
(144,40,15),
(145,248,33),
(146,96,54),
(147,85,61),
(148,34,10),
(149,209,64),
(150,186,29);
/*!40000 ALTER TABLE `medicalrecord` ENABLE KEYS */;
UNLOCK TABLES;

--
-- Table structure for table `orang`
--

DROP TABLE IF EXISTS `orang`;
/*!40101 SET @saved_cs_client     = @@character_set_client */;
/*!40101 SET character_set_client = utf8 */;
CREATE TABLE `orang` (
  `id` int(11) NOT NULL AUTO_INCREMENT,
  `nama_depan` varchar(255) NOT NULL,
  `nama_belakang` varchar(255) NOT NULL,
  `tanggal_lahir` date NOT NULL,
  `jenis_kelamin` varchar(255) NOT NULL,
  `nomor_telepon` varchar(100) NOT NULL,
  `jalan` varchar(255) NOT NULL,
  `desa_kelurahan` varchar(255) NOT NULL,
  `email` varchar(255) NOT NULL,
  PRIMARY KEY (`id`),
  KEY `desa_kelurahan` (`desa_kelurahan`),
  CONSTRAINT `orang_ibfk_1` FOREIGN KEY (`desa_kelurahan`) REFERENCES `desakecamatan` (`desa_kelurahan`)
) ENGINE=InnoDB AUTO_INCREMENT=301 DEFAULT CHARSET=latin1 COLLATE=latin1_swedish_ci;
/*!40101 SET character_set_client = @saved_cs_client */;

--
-- Dumping data for table `orang`
--

LOCK TABLES `orang` WRITE;
/*!40000 ALTER TABLE `orang` DISABLE KEYS */;
INSERT INTO `orang` VALUES
(1,'Vincent Green','William Ruiz','2020-06-13','laki-laki','089536320759','4347 Christensen Light','Parkerbury','kbowen@example.com'),
(2,'Janet Lewis','Danny Smith','2003-06-16','perempuan','080809146419','755 Rivera Points','Mitchellfurt','dstephenson@example.net'),
(3,'Kelly Ellison','Denise Barnes','1976-06-06','perempuan','085833420842','0711 Coleman Hill Suite 236','East Amy','skramer@example.net'),
(4,'Danielle Schmidt','Sean Hartman','1994-02-28','perempuan','080804899923','958 Johnson Field Suite 186','West Jennifer','prichards@example.org'),
(5,'Loretta Daniel','Elizabeth Gray','2010-07-22','laki-laki','084408247916','678 Smith Junction Suite 309','Sarahton','wdavis@example.org'),
(6,'John Paul','Jared Cooper','2007-02-17','laki-laki','084454168912','690 Michael Ville Apt. 830','North Ethanshire','melissaduran@example.net'),
(7,'Courtney Mendoza','Andrew Keith','2014-07-03','laki-laki','088653057160','90429 Huang Track','Andersonton','bryanhunter@example.org'),
(8,'Caleb Rodriguez MD','Dawn Navarro','1972-07-12','perempuan','080829842992','524 Oconnell Extension','South Nicoleshire','robert17@example.com'),
(9,'Amy Weiss','Elizabeth Lambert','2007-01-09','perempuan','081004192200','200 Martin Crossing Suite 873','Andersonton','donna39@example.net'),
(10,'Jonathan Smith','Mr. Victor Watson DDS','2008-07-15','perempuan','081394646790','964 Amber Centers','North Matthewfort','lmontgomery@example.org'),
(11,'Matthew Mcfarland','Brian Cruz','1998-09-12','laki-laki','084976037643','87533 Hannah Path Suite 954','Sharptown','elliottmichael@example.org'),
(12,'Valerie Thomas','Douglas Garner','2017-02-14','laki-laki','083384519636','608 James Corner','Lake Angelaville','coryhuang@example.org'),
(13,'Annette Harris','Monica Simmons','1976-04-10','perempuan','084489222611','32561 Dakota Isle','Bradleybury','emendoza@example.org'),
(14,'Jennifer Smith','Nicholas Moss','2017-01-09','laki-laki','080881330469','52649 Brandon Burgs Suite 524','West Randall','tammy50@example.com'),
(15,'Steven Kelly','Jeremy Schultz','2021-08-27','laki-laki','080984710658','10531 Cole Dam Suite 009','New Robert','ihuang@example.net'),
(16,'Holly Perez','Courtney Riley','2006-01-11','perempuan','083893606649','492 Hughes Roads','West Randall','patriciaschmidt@example.net'),
(17,'Julia Sexton','Heidi Davis','2013-03-01','perempuan','081051053373','248 Cooke Lock Suite 080','Lake Sabrina','dgonzalez@example.net'),
(18,'Natalie Sanchez','Dennis Johnson','2019-12-10','perempuan','081614920880','25701 Gonzalez Extension Suite 715','East Chadtown','mckayrandy@example.com'),
(19,'Shelley Maldonado','Cheryl Miles','1993-12-08','laki-laki','089147403930','11816 Debbie Forge Suite 296','West Reginastad','erica54@example.org'),
(20,'Yvette Lewis','Sarah Schmidt','2009-08-08','perempuan','082465463632','0944 Miranda Wells','Sandersbury','cindycole@example.net'),
(21,'Angela Johnson','Derek Jenkins','1973-12-04','perempuan','085663381983','045 Walsh Camp Suite 216','Powellville','jessicamooney@example.org'),
(22,'Brittany White','Kathleen Santos','2019-10-12','perempuan','080701237603','251 Erica Glen','South Katherinehaven','blakecollier@example.org'),
(23,'Steven Stewart','Brandon Scott','1975-03-24','laki-laki','087408325799','6972 Rojas Rapid Suite 991','Tammyburgh','qturner@example.net'),
(24,'Carrie Morrison','Paula Wells','1993-05-06','perempuan','088197603198','82125 Barnes Well Apt. 598','West Jennifer','melinda25@example.net'),
(25,'Rhonda Rodgers','Sarah Hill','1977-08-23','laki-laki','088947363082','71821 Thomas Glen','Tammyburgh','jasmineadams@example.org'),
(26,'Kevin Taylor','Melissa Juarez','2005-01-06','laki-laki','089496194730','077 Snyder Neck Apt. 099','Wilsonville','myersteresa@example.net'),
(27,'Sonya Wilson','Matthew Williams','2004-05-07','perempuan','081235303177','6534 Ramirez Oval Apt. 117','Lake Devon','hayessylvia@example.org'),
(28,'John Warren','William Salazar','2014-08-31','perempuan','089509789892','18123 Wesley Isle','West Kellyburgh','abonilla@example.com'),
(29,'Jack Rodgers','Alicia Gonzales','2009-10-10','perempuan','084263755695','825 Linda Heights Suite 613','Powellville','fernandosmith@example.org'),
(30,'Catherine Norman','Brandon Benitez','1976-07-11','laki-laki','084661621731','434 John Pines Suite 204','West Thomas','kcox@example.com'),
(31,'Laura Leon','Emily Hodges','1974-01-03','laki-laki','088395065999','2567 Reed Causeway','Hamiltontown','kristina04@example.net'),
(32,'Michael Blake','Jennifer Moran','1983-09-09','perempuan','080163999255','262 Banks Square Apt. 627','Lake Sabrina','michaelheath@example.net'),
(33,'John Hubbard','Sabrina Miller','2011-08-21','perempuan','081066795455','40762 Acosta Field Apt. 274','Hudsonchester','adaniels@example.org'),
(34,'Christopher Butler','Kathleen Keller','2011-07-02','laki-laki','080339289725','4988 Miller Causeway','Lake Sabrina','markhale@example.org'),
(35,'Keith Baker','Jennifer Jarvis','2010-03-23','perempuan','083697652384','4923 Fitzpatrick Forges','Perezside','lswanson@example.com'),
(36,'Gloria Murphy','Jo Davis','2012-11-07','perempuan','084845230627','94839 Flynn Mall','Martinchester','brandigarner@example.net'),
(37,'Walter Miller','Jerry Mueller','2018-10-27','laki-laki','087243877689','81544 Tina Square Suite 555','North Cameronberg','tammypowers@example.net'),
(38,'Tammy Cunningham','Kenneth Collins','1979-04-24','perempuan','088053424465','56596 Sara Hill','Hamiltontown','hugheskathleen@example.com'),
(39,'Reginald Henderson','Charles Nelson DDS','2020-08-04','perempuan','082818024776','445 Laurie Road','Sarahton','schultzcody@example.org'),
(40,'Barry Peck','Erin Zimmerman','1992-03-27','laki-laki','083441395974','42832 Woods Center Suite 005','Lake Sabrina','rkerr@example.com'),
(41,'Ryan Price','Rebecca Lynch','2016-10-14','perempuan','086496569058','434 Sonia Park Suite 856','Jessicaborough','sarabarnett@example.org'),
(42,'Karen Price','William Henderson','1970-02-25','perempuan','089234468236','065 Terrell Burgs Suite 567','Burnsland','timothyhudson@example.net'),
(43,'Sara Palmer','Elizabeth Nelson','2012-12-06','perempuan','082448488127','45546 Johnson Center','Floresmouth','mblackwell@example.org'),
(44,'David Hernandez','Leslie Ali','2013-04-12','laki-laki','086656065401','596 Ferguson Stream','New Donstad','tammyibarra@example.net'),
(45,'John Gonzalez','Richard Chapman','2009-04-22','perempuan','082583162228','4015 Ryan Junctions Suite 967','Williamston','traceyramos@example.net'),
(46,'Jasmine Hogan','Michael Gonzales','1999-02-19','perempuan','083386337119','080 David Streets','Xaviermouth','bmoore@example.net'),
(47,'Erica Wang','Alyssa Bender','1976-04-03','laki-laki','086589654150','0243 Dominguez Port Suite 147','Port Isabellaton','john58@example.com'),
(48,'Ashley Gardner','Charles Johnson','1985-10-17','laki-laki','085895365574','9758 Brooke Keys','Thompsonview','kaitlyn51@example.net'),
(49,'Michael Powers','Benjamin Freeman','2006-06-22','perempuan','080039630097','07002 Stanley Springs','East Krystal','tiffany56@example.net'),
(50,'Vincent Rodriguez','David Chavez','1970-04-08','laki-laki','084530660690','07884 Smith Squares','West Jennifer','daniel41@example.com'),
(51,'Chelsea Jones','Kimberly Sullivan','2004-09-05','laki-laki','086994324702','748 John Walk','Melissatown','vjohnson@example.org'),
(52,'Christopher Kelly','Kelly Gray','2020-01-19','laki-laki','088953806874','3348 Greene Mountain Apt. 663','New Russell','christinaowens@example.com'),
(53,'Timothy Perez','David Gallagher','2002-06-28','laki-laki','080698635966','030 Wendy Squares','South Thomas','millermichael@example.net'),
(54,'Emma Lucas','Jennifer Wells','2013-10-28','perempuan','082810816443','12313 Owens Unions Apt. 461','Mitchellfurt','sarah60@example.net'),
(55,'Danny Rodriguez','Andrea Hooper','1973-06-23','laki-laki','081212542918','63387 Williams Ways Apt. 763','South Thomas','froth@example.com'),
(56,'Jason Perkins','Anthony Carter','2005-08-29','perempuan','080323670601','904 Vanessa Mission','Paulport','ubrown@example.org'),
(57,'Michael Schroeder','Angela Murphy','1993-11-12','perempuan','088416715508','86934 Green Mills','Floresmouth','baileypenny@example.com'),
(58,'Jeremy Evans','Justin Howard','1996-07-10','perempuan','087049884036','2964 Brandon Meadows Suite 995','Lake Dustin','ashleyyoung@example.org'),
(59,'Richard Stevenson','Sheri Barrett','1992-12-31','laki-laki','080870040079','451 Anderson Flat Suite 326','Lake Chloemouth','kimberly49@example.net'),
(60,'Ashley Henderson','Kathleen Fuller','2001-06-25','perempuan','086524276102','576 Keller Freeway','Hudsonchester','daniellopez@example.com'),
(61,'Tamara Reyes','James Allen','1994-01-01','laki-laki','084464839129','5250 Tiffany Bridge Suite 374','Martinchester','antonio88@example.net'),
(62,'Jamie Craig','David Rogers','2017-10-16','perempuan','085095253316','21018 Jones Village Suite 050','West Randall','adrian10@example.net'),
(63,'Mrs. Patricia Lynch','Mr. Stephen Thompson Jr.','1994-05-27','perempuan','085797046227','4785 Alexandria Manor Suite 879','Thompsonview','pdiaz@example.net'),
(64,'Daniel Gutierrez','Jim Glass','1998-12-30','perempuan','080156510027','2678 Heather Village','Parkerbury','dawsonsteven@example.com'),
(65,'Maria Neal','Wesley White','2022-12-25','laki-laki','081127331448','20437 James Trafficway','Blackport','christinacruz@example.org'),
(66,'Angela Gonzalez','Crystal Reese','1982-02-06','perempuan','084334142203','12264 Herrera Crossing','West Jeremystad','garrettchristopher@example.org'),
(67,'Edward Ryan','Peter Wood Jr.','2018-04-15','perempuan','088736026717','82395 Gregory Vista','North Jessica','laurengriffith@example.net'),
(68,'Richard Mcdaniel','Edward Bishop','1971-07-05','perempuan','088521275611','3067 Marie Village Suite 656','Martinchester','mooreray@example.com'),
(69,'William Jackson','Roy Rivera','2000-08-31','laki-laki','081015509146','327 Douglas Trail','Blackport','katherinedoyle@example.org'),
(70,'Michelle Butler','Stacy Carr','1971-01-05','laki-laki','087499485586','50144 Stephen Ramp Suite 517','East Jacqueline','rickromero@example.org'),
(71,'Yvette Mitchell','Robert Wilson','2021-12-21','perempuan','084589237787','8195 Harris Harbor Apt. 239','Melendezburgh','sanchezlori@example.com'),
(72,'Joanna Williams','Jason Valenzuela','2012-10-27','laki-laki','088956561154','53859 Smith Underpass','Stoneshire','williamdavis@example.com'),
(73,'Shane Lawrence','Melissa Proctor','1983-08-05','perempuan','081773125976','136 Larry Route','New Karen','ehester@example.org'),
(74,'Douglas Silva','Kimberly Cummings','2015-08-23','laki-laki','083089749301','509 Whitaker Cove','West Alexanderfort','susan83@example.net'),
(75,'Caleb Jones DDS','Matthew Gonzalez','2011-11-26','laki-laki','081191405501','6600 Thompson View','Powellville','kristen48@example.org'),
(76,'Whitney Carpenter','Kim Smith','1971-10-03','perempuan','088375105984','94778 Chad Flats','Montgomeryton','reillyross@example.net'),
(77,'Karen Barker','Amber Garcia','1992-02-25','laki-laki','085835828413','096 Johnson Tunnel Suite 001','New Jessicaborough','teresa20@example.net'),
(78,'Kristen Osborne','Denise Dickerson','2000-06-01','perempuan','086030141222','3895 Rachel Light Apt. 908','Hillfurt','ramosjackson@example.org'),
(79,'Laura Taylor','Tammy Bell','2003-06-16','perempuan','083911119233','348 Manuel Loaf Suite 263','Port Timothy','kayla86@example.net'),
(80,'Samantha Nichols','Tanya Gonzalez','1971-01-23','laki-laki','082605251908','870 Davis Plaza','Powellville','melissasmith@example.org'),
(81,'Scott Duncan','Cody Robinson','2005-10-14','perempuan','086036591000','592 Mark Radial','Melendezburgh','munozeric@example.com'),
(82,'Holly Navarro','Heather Jackson','1982-05-23','perempuan','082610812663','0132 Keith Lodge','Mitchellfurt','pbecker@example.net'),
(83,'Hayden Woods','Jeffrey Richardson','2001-12-06','laki-laki','083183989598','09994 Adam Drives','Xaviermouth','shaneyoung@example.org'),
(84,'Michelle Williams','Melissa Sanders','2016-01-21','laki-laki','082819070330','1578 Michael Ramp','North Jasonview','joshuajohnson@example.net'),
(85,'Frank Johnson','Veronica Holder','1982-02-17','perempuan','081496164918','747 Zimmerman Circles Apt. 611','Boydmouth','aimee47@example.com'),
(86,'Jeanette Rodriguez','Christine Carter','1994-03-28','perempuan','080744115135','497 Frey Trafficway','Jessicaborough','jamesperkins@example.com'),
(87,'David Hernandez','Eric Davidson','2004-05-27','laki-laki','089809930178','5253 Clark Highway','Williamston','cindy06@example.com'),
(88,'Ronald Rivera','Suzanne Townsend','2019-03-18','perempuan','080079838851','746 Nathaniel Coves Apt. 192','South Nicoleshire','meghan71@example.org'),
(89,'Matthew Alvarado','Ms. Kristin Huerta DVM','1973-01-11','perempuan','081387375790','57010 Amy Gardens','Sethbury','martinezrussell@example.com'),
(90,'Brittney Gonzalez','Sarah Fletcher','2007-05-22','perempuan','089328391842','23923 Wendy Avenue','Thompsonview','leonlee@example.org'),
(91,'Jack Christensen','Victoria Gomez','1992-04-15','perempuan','084438035960','8327 Miller Land Suite 048','Blackport','kellishepard@example.net'),
(92,'Kathryn Medina','James Stein','1976-11-03','perempuan','085548831603','09553 Hahn Heights','Port Isabellaton','martinromero@example.org'),
(93,'Cameron Cervantes','John Townsend','2016-03-14','perempuan','081554497514','866 Mayer Court','South Benjamin','sarahjohnson@example.net'),
(94,'Lindsay Owens','Dr. Gerald Mills','1994-09-04','perempuan','080903988836','140 Robert Walks','Henrymouth','murphylee@example.com'),
(95,'Kimberly Johnson','Michael Mclean','1979-12-05','perempuan','088556762823','629 Brown Isle Suite 056','Blackport','bonnie60@example.com'),
(96,'Julie Morgan','Leah King','2021-10-29','perempuan','084401848036','205 Hancock Brooks Apt. 046','North Jasonview','laura15@example.org'),
(97,'Michael Nguyen','Nicole Kelly','2023-04-23','perempuan','086088087256','23085 Daniel Way Suite 580','North Jasonview','xwilliams@example.org'),
(98,'Jacob Garcia','Julie Morse','2021-02-01','perempuan','086622406085','59321 Ellis Extensions','Sanchezfort','xeaton@example.com'),
(99,'Todd Hart','Victoria Fleming','1990-04-22','laki-laki','084087189179','4164 William Unions','Powellville','theresalove@example.org'),
(100,'Heather Glover','Mark Hill','1974-04-15','perempuan','080755647878','2663 William Mill','South Nicoleshire','jeremybrown@example.org'),
(101,'Jamie Ayala','Bailey Crawford','1982-08-04','perempuan','087081637539','164 Margaret Plains Apt. 426','Greeneville','theresacooper@example.com'),
(102,'Jill Peterson','Catherine Shields','2019-08-08','laki-laki','083584309766','3137 Leon Forges','Schmidtfurt','milleranthony@example.org'),
(103,'Michael Doyle','David Arnold','2007-04-22','laki-laki','081776457016','4566 Christopher Parks Apt. 887','Desireeville','foxnancy@example.org'),
(104,'Jason Russell','John Bailey','1999-02-09','perempuan','082322714887','817 Lacey Courts Suite 994','Sharptown','kathrynwood@example.com'),
(105,'Kimberly Howard','Devin Wolf','2011-05-06','laki-laki','084230444159','51236 Conrad Bridge Apt. 567','Sandersbury','reynoldschristine@example.net'),
(106,'David Potter','Lisa Williams','1989-09-09','perempuan','088222254448','209 Gaines Roads Suite 332','Lake Chloemouth','ronald24@example.org'),
(107,'William Elliott','Steven Palmer','2016-03-18','laki-laki','086356765603','09851 Decker Valley Suite 442','Schmidtfurt','katherineferrell@example.net'),
(108,'Sean Morton','Matthew Friedman','2009-05-09','laki-laki','089281812812','303 Merritt Center Suite 870','Port Caitlinberg','williamsmatthew@example.net'),
(109,'Heather Garcia','Matthew Knight','2005-04-08','perempuan','081865610508','72518 Timothy Junctions Suite 396','Ashleymouth','grayaustin@example.net'),
(110,'Logan Kirk','Kathryn Fleming','1975-01-25','laki-laki','089586358726','4820 Fernandez Skyway Apt. 049','Lake Angelaville','sophiagonzalez@example.com'),
(111,'Joseph Scott','Alyssa Hayes','1983-07-29','laki-laki','080402418235','6901 Booth Lodge Apt. 357','Port Caitlinberg','misty18@example.net'),
(112,'Emily Copeland','Amber Taylor','1999-09-16','perempuan','088890156653','711 Berg Corner Apt. 214','Floresmouth','zcruz@example.com'),
(113,'Nicholas Paul','Roberta Cline','2016-09-13','laki-laki','085477434956','50495 Randy Corner Suite 371','New Jessicaborough','matthew39@example.net'),
(114,'Lindsey Kelly','Patricia Jones','1978-05-16','perempuan','083681710541','457 Michael Wall','North Margaret','lbarnes@example.org'),
(115,'Carlos Snyder','Timothy Hawkins','1995-11-26','perempuan','080070523024','676 Padilla Grove Suite 295','Thomasland','randysmith@example.org'),
(116,'Aaron Smith','Tyler Parker','2008-10-13','laki-laki','083012733494','7517 Adam Roads','Steeleburgh','zmiller@example.com'),
(117,'Jessica Mathews','Alan Rodriguez','2003-05-24','laki-laki','083254536105','68758 Robert Overpass','Cabreraport','lauren99@example.com'),
(118,'Rita Pierce','Steven Sanders','2018-12-31','perempuan','085787670426','978 Edwards Mission','West Thomas','hoopermolly@example.net'),
(119,'Alexandra Cline','Luis Jones','2015-04-21','perempuan','081401678490','208 Paul Mills Apt. 888','Gordonfurt','sandra81@example.net'),
(120,'Patrick Keller','Melanie Santos','1971-12-05','perempuan','081469090729','96676 Stephen Haven Suite 744','Lake Dustin','usilva@example.net'),
(121,'Philip Wright','Brandon Doyle','2020-12-21','perempuan','086217540188','30020 Harmon Hills','Lake Angelaville','mcphersonaaron@example.com'),
(122,'Krista Thomas','Jacob Gibson','2007-06-23','perempuan','086773622436','55950 Angela Court Apt. 988','Lake Johnton','christine31@example.net'),
(123,'Alexis Thompson MD','Billy Long','2002-10-27','perempuan','081121068394','130 Ryan Keys','Kevinfurt','heather18@example.net'),
(124,'Tiffany Shaw','Wanda Baker','1981-12-10','laki-laki','088344692954','66058 Lopez Well Apt. 744','South Nicholaschester','andersonjohn@example.org'),
(125,'Christine Jones','Justin Jordan','2019-11-23','perempuan','080178527911','58052 Gutierrez Lights','Wattsburgh','cynthia94@example.com'),
(126,'Lisa Willis','Michael Bailey','2012-07-20','laki-laki','085091631307','95828 Rhodes Lodge','Blairbury','rickyanderson@example.org'),
(127,'Elizabeth Brown','Tamara Williams','1971-06-06','laki-laki','083000052933','26044 Hernandez Glen Apt. 270','Victoriaburgh','elizabethbrown@example.org'),
(128,'Brittany Thomas','Kathy Miller','1985-07-02','perempuan','088465126720','673 Brian Harbor Suite 432','West Jennifer','george36@example.org'),
(129,'Robin Ferguson','Kayla Parker','1990-05-06','perempuan','085690059610','77326 Calhoun Expressway','Port Karen','ndillon@example.com'),
(130,'Suzanne Mcclain','Bobby Ramirez','2020-02-22','perempuan','088163210140','8041 Mcmillan Rue Suite 364','Andersonton','dustincastillo@example.org'),
(131,'David Goodman MD','Mark Byrd','1978-08-06','laki-laki','087485470628','772 Seth Throughway Suite 119','South Lynnhaven','matthewmiller@example.net'),
(132,'William Chase','Tricia Harris','1988-06-27','laki-laki','085018408859','272 Owen Cove','Watersland','justinsummers@example.com'),
(133,'Gilbert Rivera Jr.','Morgan Montoya','2012-01-12','laki-laki','080681570980','5587 Lewis Island Apt. 472','West Randall','jeremyhaynes@example.org'),
(134,'Regina Wells','Sydney Terry','1970-05-10','laki-laki','082004775357','01218 Daniel Centers Suite 378','Bradleybury','cherylmiller@example.net'),
(135,'Christopher Bryant PhD','Gina Kline','2005-09-23','laki-laki','081247354028','5455 Kevin Overpass Apt. 949','North Jessica','alexanderjohnson@example.com'),
(136,'Brian Miller','Juan Harris','2005-07-21','laki-laki','084056222288','44329 Frank Gateway','South Michaelchester','maddenmatthew@example.com'),
(137,'Dawn Ward','Cheyenne Cook','1972-05-23','laki-laki','086312807541','0778 Brenda Mall','West James','williamstyler@example.com'),
(138,'Matthew Cruz','Jordan Middleton','2010-06-16','laki-laki','081350074104','84309 Jason Meadows','Ashleymouth','rjohnson@example.com'),
(139,'Stanley Martin','Amber Morrison','1981-12-03','laki-laki','080505808047','268 Mary Camp','Sharptown','donna20@example.net'),
(140,'Riley Johnson','Stacy Thompson','2016-01-06','perempuan','088096919955','2457 John Cliff Suite 873','Kingborough','curtisvickie@example.net'),
(141,'Kathleen Marquez','Dana Ball','1985-03-22','perempuan','084670421805','6044 Alicia Heights Apt. 687','Lake Jennifer','scott69@example.com'),
(142,'Lindsay Martin','Miss Cynthia Giles MD','2003-04-13','laki-laki','081958977746','3173 Stephen Villages Suite 293','West Reginastad','hbrock@example.com'),
(143,'Debra Johnson','Joshua Morales','1974-03-03','perempuan','085601806501','1903 Ramirez Mount','Greeneville','jenniferharrison@example.org'),
(144,'Sarah Vaughn','Mary Wilson','1998-05-26','perempuan','080308504336','468 Ellison Ferry','Gallegosbury','prestonallison@example.org'),
(145,'Kenneth Romero','Mark Berry','2004-12-30','perempuan','087373639742','520 Dixon Shoals','West Thomas','paul97@example.org'),
(146,'Jennifer Jones','Debbie Wong','2005-02-19','laki-laki','087448797565','0961 Richards Squares','South Jessica','herrerawilliam@example.org'),
(147,'Gregory Williams','Jason Waters','1970-03-16','perempuan','088587103404','310 Samuel Orchard','Martinchester','martinezjanet@example.org'),
(148,'Veronica Jenkins','Heidi Russell','2009-03-08','laki-laki','085370660933','510 Davis Meadow','South Michaelchester','michael50@example.net'),
(149,'Benjamin Dixon','Valerie Miller DVM','1976-08-21','laki-laki','087701994024','11923 Jesse Walks Suite 288','North Ethanshire','josephwarren@example.org'),
(150,'Erin Harris','Brent Trujillo','1991-12-15','perempuan','085031623389','7308 Valerie Forge Suite 999','Boydmouth','sabrinahoffman@example.org'),
(151,'Dana Davila','Dean Murphy','2017-11-25','laki-laki','082741889263','83024 Tammy Causeway Suite 109','Port Karen','mschneider@example.com'),
(152,'Theodore Raymond','Raymond Sherman','1976-11-27','perempuan','089467038255','159 Robin Centers Apt. 051','Kochmouth','banksheather@example.org'),
(153,'Jennifer Grimes','Dustin White','2002-11-24','laki-laki','083189031182','357 Paul Tunnel','West Natalie','jhale@example.com'),
(154,'Maria Ramirez','Heidi Hensley','2008-06-20','perempuan','083415738140','2475 Michael Manor Apt. 757','Lake Chloemouth','brian66@example.net'),
(155,'Donald Farmer DDS','Elizabeth Gonzalez','1989-04-10','perempuan','085841382488','420 Weber Stravenue Suite 769','South Katherinehaven','marthataylor@example.net'),
(156,'Eric Stephens','Christina Hayes','2002-03-31','laki-laki','083937526315','378 Christopher Common','East Krystal','sandra34@example.com'),
(157,'Christopher Hart','Randy Scott','1972-11-26','laki-laki','080785548254','188 Daniel Expressway Apt. 150','East Krystal','christopher39@example.com'),
(158,'Danielle Marsh','Michael Colon','1991-12-15','laki-laki','082470431110','6319 Thomas Inlet','North Jasonview','lisatravis@example.net'),
(159,'Alexis Conley','Carrie Harris','1983-04-01','perempuan','085015919138','732 Valerie Road Apt. 906','Andersonton','kperkins@example.com'),
(160,'Samantha Miller','Edward Cortez','1983-01-07','laki-laki','082869135138','2543 Michael Way','Johnmouth','lauren37@example.com'),
(161,'Thomas Martinez','Ashley Brown','1987-09-24','perempuan','081259913401','3529 Martinez Expressway Suite 305','Rachelmouth','alexandria55@example.com'),
(162,'Maria Miller','Julie Daniel','2014-08-15','laki-laki','089605392142','31157 Cassandra Circle','New Karen','yanghunter@example.net'),
(163,'Valerie Griffith','James Foster','1977-07-07','perempuan','086650272248','74429 Schneider Plains','Port Karen','ashleymorgan@example.com'),
(164,'Teresa Montgomery','Richard Carey','2020-02-13','laki-laki','081797095954','3676 William Points Suite 810','Martinchester','alexagutierrez@example.com'),
(165,'Sheila Williams','Rodney Jackson','1972-02-17','perempuan','089287787626','73861 Jerry Ranch Apt. 403','Lindseychester','clarkandrew@example.org'),
(166,'Jason Harper','Gary Wilson','1990-11-21','laki-laki','086034447265','36210 Gordon Landing Apt. 876','Floresmouth','hannahthomas@example.org'),
(167,'Pamela Day','Robin Clark','2013-05-12','perempuan','085461339652','15136 Anderson Prairie','New Russell','kellylowe@example.com'),
(168,'Matthew Bennett','Jonathan Chavez','1987-11-25','laki-laki','084985752964','069 Diaz Forks','West Thomas','david44@example.com'),
(169,'Natasha Good','Alyssa Ortiz','1992-05-17','perempuan','086471063489','81895 James Cape Apt. 069','Sarahton','emilycallahan@example.org'),
(170,'Ashley Clark','Nancy Smith','1978-02-23','perempuan','085215991925','745 Karen Well','Lake Chloemouth','james84@example.com'),
(171,'David Martinez','Katherine Delacruz','2019-09-20','laki-laki','087609175920','50393 Daniel Track Apt. 644','Bradleybury','sara62@example.org'),
(172,'Lisa Hogan','Sarah Miller','1971-07-19','perempuan','089847104648','8924 Montgomery Neck Suite 754','Wattsburgh','jeffrey52@example.net'),
(173,'Mitchell Ellis','Christina George','1987-04-21','perempuan','086931033111','149 Rush Spurs','East Chadtown','staffordmegan@example.net'),
(174,'Dillon Thomas','Brandy Cooper','2006-06-19','perempuan','084513865021','579 Joseph Inlet Apt. 632','Henrymouth','gmoore@example.org'),
(175,'James Lee','Edward Patterson','1990-05-06','perempuan','081911335079','2263 Holt Expressway Suite 165','Andersonton','mfrancis@example.net'),
(176,'Alexa Gutierrez','Melinda Gordon','2000-04-14','laki-laki','082371322572','87825 Michael Trafficway','South Nicholaschester','maycynthia@example.org'),
(177,'Leslie Cowan','Pam Wilson','1983-05-15','perempuan','081623769135','6522 Eric Extensions Apt. 790','Port Timothy','tinamedina@example.net'),
(178,'Kyle Santiago','Amy Kennedy','2004-06-09','laki-laki','083103825928','0052 Boyd Trail','Port Amanda','reeseelizabeth@example.net'),
(179,'Lisa Thomas PhD','Caitlin Byrd','1997-11-18','perempuan','086257081186','29766 Brown Parkway Apt. 823','Floresmouth','taylormason@example.com'),
(180,'Sean Fox','Gregory Smith','2018-01-11','laki-laki','080671882742','13686 Pacheco Wells Apt. 748','Lake Sabrina','arellanocharles@example.com'),
(181,'Christopher Martinez','Steven Carey','2011-05-20','laki-laki','081569310562','84115 Green Mountain Apt. 100','Kochmouth','kristopher15@example.org'),
(182,'Eric Cooper','Eric Davis','2003-08-17','perempuan','083519704651','945 Rogers Creek','Mitchellfurt','christopher38@example.org'),
(183,'Christopher Schmidt','Robert Wood','1992-11-16','laki-laki','086760524143','6227 Devin Squares','Kingmouth','llane@example.org'),
(184,'Carol Hall','Lucas Russell','1977-04-14','laki-laki','082647929570','31872 Peterson Centers Suite 349','Melendezburgh','kennethvalenzuela@example.net'),
(185,'Abigail Walker','Jeremy Johnson','1984-05-15','perempuan','084435872762','3055 William Mill','Lake James','juliejimenez@example.com'),
(186,'Cassidy Mcclure','Alyssa Matthews','1993-08-21','laki-laki','089447350449','37457 Matthew Fall','Andersonton','longmargaret@example.org'),
(187,'Jessica Moore','Brian Mata','2002-08-12','laki-laki','080808914036','5138 Meghan Falls','Blackport','anthonyhunter@example.com'),
(188,'Timothy Welch','Jennifer Calhoun','1974-01-15','perempuan','089783248258','067 Raymond Summit Suite 016','Port Brendaport','amy56@example.org'),
(189,'Jason Garcia','Philip Gordon','2020-09-19','laki-laki','088685828547','89079 Gill Mountains','West Thomas','kathrynwilliams@example.org'),
(190,'Heather Weaver MD','Michelle Wallace','1979-05-08','laki-laki','082552888224','3026 Thomas Pine Apt. 304','New Russell','rrodriguez@example.net'),
(191,'Mark Carrillo','Kenneth Jenkins','1977-05-11','perempuan','083576925570','9134 Williams Isle','Hudsonchester','toni73@example.org'),
(192,'Ronald Hernandez','Corey Mcdowell','1976-08-19','laki-laki','081089030313','614 Banks Harbor','Sethbury','deborahbeck@example.com'),
(193,'Michelle Wallace','Richard Jacobs','2011-04-18','laki-laki','083654709564','462 Mitchell Route Suite 789','Henrymouth','michael52@example.org'),
(194,'Anthony Lee','Pamela Evans','1971-04-01','perempuan','086192040944','431 Martin Loaf Apt. 161','Cabreraport','shannon65@example.net'),
(195,'Joseph Hill','Katherine Charles','1987-10-20','perempuan','081722959156','137 Jackson Mountain Apt. 285','New Karen','johnsonalexandria@example.net'),
(196,'Jennifer Ray','Christopher Lewis','1997-04-12','perempuan','087696359583','0094 Silva Stream Suite 717','Port Timothy','xquinn@example.com'),
(197,'Michael Carrillo','Beth Ward','1980-02-02','perempuan','083594428913','34122 Richard Club Apt. 427','South Michaelchester','kjones@example.org'),
(198,'Laurie Kidd','Jacob Kane','2001-08-24','laki-laki','086871497012','022 Gonzales Mountains Apt. 611','Montgomeryton','renee33@example.org'),
(199,'Mrs. Michelle Smith','Eric Spence','1971-10-31','perempuan','081197722208','165 Sarah Well','East Amy','raymond09@example.com'),
(200,'Timothy Cooper','Erica Harris','2010-08-16','perempuan','089401839788','354 Hull Square Apt. 491','Lake James','hvillegas@example.org'),
(201,'Toni Garrett','Felicia Morgan','1990-01-07','laki-laki','085002685447','878 David Valleys','Williamston','chriswright@example.com'),
(202,'Heather Murphy','Vincent Clark','1991-03-18','laki-laki','083397258803','4720 Andrea Village','Jessicaborough','christopher12@example.com'),
(203,'Howard Smith','Sabrina Lopez','1997-08-16','perempuan','088545041405','2927 Richard Ford Apt. 524','Lake Sabrina','andrewbailey@example.net'),
(204,'Carla Weaver','Jennifer Strong','2005-09-17','perempuan','081035905150','9415 Crystal Skyway Apt. 893','South Thomas','tsutton@example.net'),
(205,'Brianna Martin','Christopher Howard','1975-10-06','perempuan','086752320311','191 Jodi Pine','Sethbury','douglas03@example.net'),
(206,'Samuel Johnson','Dennis Downs','1970-02-11','perempuan','083837788558','65708 Michael Crest','Ashleymouth','steintyler@example.com'),
(207,'Erica Weber','Jeanette King','1983-08-28','perempuan','080019833002','174 Tammie Burg Suite 997','Hillfurt','perrylisa@example.com'),
(208,'Robert Obrien','Mikayla Montgomery','1991-07-04','perempuan','086511794174','512 Robles Ridges','Perezside','patrick54@example.org'),
(209,'Christopher Greene','Laurie Weaver','1990-04-28','laki-laki','088046172898','9952 Zhang Ramp Apt. 245','North Matthewfort','josephdavid@example.net'),
(210,'Steven Ferrell','Isaiah Frazier','1978-07-29','perempuan','089403897174','889 Clark Glen','North Jasonview','washingtondavid@example.org'),
(211,'Kimberly Davila','Kathy Chandler','1976-03-22','laki-laki','085860578732','32645 Williams Fork Suite 856','West Jennifer','jtorres@example.com'),
(212,'Brian Allen','Virginia Smith','2001-08-11','laki-laki','089447480942','093 Delacruz Stravenue Apt. 577','Hillfurt','helenmiller@example.net'),
(213,'Austin White DDS','Andrew Robinson','1983-05-05','laki-laki','080496776311','717 Deborah Trace Apt. 163','North Peter','sarahmerritt@example.net'),
(214,'Stephanie Ballard','Michael Phelps Jr.','2004-07-29','perempuan','087002446950','93004 Palmer Fields','Tammyburgh','boydkristina@example.com'),
(215,'Alfred Cook','Taylor Erickson','1973-04-03','perempuan','088674883664','1749 Sean Courts Apt. 839','Rachelmouth','mgomez@example.net'),
(216,'Kelly Mckinney','Rick Briggs','2012-04-23','laki-laki','080015137985','010 David Curve Apt. 207','Hillfurt','thomasparks@example.com'),
(217,'Daniel Jackson','Carolyn Brown','1981-01-17','perempuan','087831303912','85886 Acevedo Avenue Suite 810','New Russell','marcus64@example.net'),
(218,'Kelly Clark','Rebecca Watkins MD','1999-08-18','perempuan','089047623534','63302 Corey Corners','Greeneville','joshua85@example.net'),
(219,'Edwin Poole','Rebecca Brock','2004-05-16','perempuan','087866119381','1526 Jackson Ferry','New Robert','hoconnor@example.net'),
(220,'Matthew Terry','Valerie Gill','2018-05-09','perempuan','083651227540','75151 William Parkway Suite 595','South Thomas','kristenrosario@example.org'),
(221,'Alison Carlson','Ashley Padilla','2009-08-13','laki-laki','088127803765','5273 Jesse Port Suite 840','North Jasonview','kenneth74@example.net'),
(222,'Tyler Davis','Jamie Bradford','2009-02-25','perempuan','084300376654','5619 Catherine Brook','Perezside','davissharon@example.net'),
(223,'Michael Thompson','David Rodriguez','1985-01-04','laki-laki','083978121190','493 Erica Course Suite 254','Boydmouth','belllaura@example.com'),
(224,'Keith Allen','Kara Richardson','2001-11-30','laki-laki','085173884213','87015 Olson Corners','East Chadtown','larsonjason@example.org'),
(225,'Annette Smith','Christopher Cox','2011-09-21','perempuan','085668393512','576 Bird Garden','Perezside','hbryant@example.com'),
(226,'Cheryl Smith','Carlos Delgado','1994-01-22','laki-laki','089949387196','4148 Anderson Glens','North Peter','dayannette@example.org'),
(227,'Renee Rodriguez','Ryan Pollard','1999-03-22','laki-laki','082339500239','02819 Greene Valleys','Floresmouth','williamsamber@example.net'),
(228,'Cynthia Rogers','Jeremy Woodard DVM','1994-11-29','perempuan','081798180815','148 Reynolds Spring Apt. 348','Blairbury','amysmith@example.net'),
(229,'Harold Mcgee','Daniel Fisher','2017-05-11','perempuan','089681305398','2718 Ashley Summit','North Margaret','dsimon@example.net'),
(230,'John Hobbs','Richard Ortiz','2014-10-07','laki-laki','089532763297','169 Stephen Vista','North Aprilton','frankwebb@example.com'),
(231,'Alejandro Acosta','Rebecca Ward','1989-06-14','laki-laki','083376960803','6827 Becker Ranch','West Randall','youngtamara@example.org'),
(232,'Alejandro Ross','Eduardo Dudley','1990-01-11','laki-laki','083104630102','550 James Forges','South Jessica','fisherteresa@example.net'),
(233,'Mark Rogers','Mark Armstrong','2008-02-20','laki-laki','083355175439','419 Brianna Way','Donovanhaven','mjohnson@example.com'),
(234,'Debra Holmes','Clinton Patterson','2008-02-05','laki-laki','086145221452','28690 Atkinson Way Apt. 239','West Jeremystad','lauragarner@example.org'),
(235,'Karen Brooks','Robin Stark','1999-02-12','perempuan','083899062284','06386 Lindsey Bypass Apt. 176','Petersport','josephryan@example.org'),
(236,'Lonnie Webb','Stacy Bowman','2012-03-07','laki-laki','088711852830','666 Jessica Village Apt. 906','Montgomeryton','aaron50@example.com'),
(237,'Jessica Smith','Mrs. Melissa Hodges','2023-03-13','laki-laki','086853546178','67036 James Falls','Blairbury','millerjames@example.net'),
(238,'Christy Simpson','Alexander Neal','2013-12-29','perempuan','089727905829','2251 Jared Village Apt. 438','Desireeville','yharris@example.net'),
(239,'Gregory Rodriguez','Sarah Anthony','1997-09-19','perempuan','088648944614','388 Elaine Club Apt. 725','Port Caitlinberg','michaellopez@example.org'),
(240,'Morgan Nelson','John White','1988-12-06','laki-laki','084016456007','894 Johnson Coves Apt. 605','Port Karen','lisasmall@example.org'),
(241,'Gabrielle Brown','Amanda Martinez','1975-09-22','laki-laki','088796774557','1282 David Shores Suite 430','Kingborough','jamesrodriguez@example.com'),
(242,'Ashley Hays','Mrs. Vanessa Allen DVM','1989-04-03','laki-laki','086762319449','1202 Shirley Mountains','Lake James','ahudson@example.org'),
(243,'Robert Miller','Robert Bell','2023-02-24','laki-laki','083505253112','42306 Juan Manor Apt. 418','New Donstad','cunninghamcynthia@example.com'),
(244,'Tracy Dickerson','Melvin Greer','1994-06-11','perempuan','082533883175','92519 Clarke Dam Suite 905','Lake Dustin','abond@example.org'),
(245,'Daniel Nixon','Amy Leonard','1990-05-03','laki-laki','080379069135','42811 Valenzuela Estate','East Krystal','ngalloway@example.net'),
(246,'Robert Cortez','Jessica Gregory','1990-02-14','perempuan','086081418112','40165 Thomas Field Apt. 521','Thompsonview','evansryan@example.net'),
(247,'Brandy Patterson','Dylan Kim','2019-03-21','perempuan','086761355791','68995 Joseph Via Apt. 294','New Robert','dustinclark@example.org'),
(248,'Sara Rose','Jerome Wyatt','2004-08-12','laki-laki','085180882320','3018 Quinn Motorway','Port Cindychester','fritzelizabeth@example.net'),
(249,'Stephen Spence','Mario Juarez','1993-02-03','laki-laki','088349013857','75658 Jason Shores Suite 000','East Krystal','amberhiggins@example.com'),
(250,'Luke Miller','Cody Jackson','2005-11-04','laki-laki','086467176672','3113 Megan Avenue','Kingmouth','collinbradford@example.net'),
(251,'Krystal King','Jennifer Wheeler','1981-08-04','perempuan','084318299989','153 Nathan Inlet Apt. 018','Kevinfurt','alejandro70@example.net'),
(252,'Caroline Guzman','Frank Cole','2000-09-26','laki-laki','083232831696','648 Zavala Vista','Lake Jennifer','owilliams@example.org'),
(253,'Melissa Lewis','Eric Alvarez','2004-09-05','perempuan','080219561527','478 Garza Islands','Henrymouth','williammartin@example.com'),
(254,'Jennifer Martin','Martin Williams','2023-02-06','laki-laki','082830859780','779 Stephanie Brook Apt. 590','East Krystal','kelli04@example.net'),
(255,'Diana Harris','Ashley Gonzalez','2005-04-25','perempuan','089080291642','023 Crawford Key Apt. 767','South Lynnhaven','cbarnes@example.net'),
(256,'Alicia Campbell','Kayla Franco','1972-05-23','laki-laki','082232799124','1946 David Camp Apt. 500','West Jennifer','edwardmurphy@example.net'),
(257,'Robert Madden','Jeffrey Bryant','1981-06-17','perempuan','085389607073','8681 Jonathan Views Apt. 801','Thomasland','wjohnson@example.org'),
(258,'Tracy Yang','Ross Martin','1971-03-03','laki-laki','089014555669','450 Amanda Ville','Kevinfurt','robert99@example.org'),
(259,'Andrea Russell','Lisa Wright','1997-12-29','laki-laki','080704381799','730 Gomez Trafficway Suite 370','West Alexanderfort','jason45@example.com'),
(260,'Stephanie Chavez','Johnathan Adams','1982-09-06','perempuan','087917377042','2133 Dylan Pine','South Bridgetburgh','isabel81@example.org'),
(261,'David Andrews','Denise Hamilton','1983-02-28','perempuan','081969467747','4198 Petty Cove Suite 031','West Jennifer','lcaldwell@example.com'),
(262,'Damon Scott','Raymond Brown','1990-03-05','perempuan','086836603308','51201 Shannon Wells Apt. 698','Sethbury','zwilliams@example.com'),
(263,'Fred Garcia','Tamara Woodard','1995-12-03','laki-laki','080173018153','273 Margaret Squares Apt. 927','Melissatown','bramos@example.com'),
(264,'Joshua Wilson','Alice Baker','1976-10-28','perempuan','089944701298','38268 Singleton Road Suite 320','North Janemouth','roberthuff@example.com'),
(265,'Christopher Thompson','Kristin Clark','1998-06-29','perempuan','084557514614','478 Tran Knolls Apt. 489','South Nicholaschester','kaylagreen@example.net'),
(266,'Lisa Dennis','Luis Williams','1991-04-09','perempuan','085062925848','974 Greene Expressway Suite 399','North Margaret','christophermiller@example.net'),
(267,'Melissa Brown','Samantha Bentley','2010-06-08','laki-laki','083760343450','85090 Courtney Mission','Kingborough','comptonrenee@example.org'),
(268,'Anne Mejia','Kathy Gilbert','1975-06-28','laki-laki','082568883563','4125 Michelle Ports Apt. 135','East Amy','ryancook@example.net'),
(269,'Mary Andrade','Christine Mendoza','2019-09-14','perempuan','086596785120','031 Neal Plain Apt. 419','Rachelmouth','vrivera@example.com'),
(270,'Diane Scott','Rebecca Wells','1984-10-12','laki-laki','086485322125','49382 Shelton Pass Apt. 959','Hillfurt','coxshannon@example.net'),
(271,'Chris Strong PhD','Kathy Smith','1974-03-28','perempuan','080209464219','2902 Jesus Curve','Burnsland','davidmarshall@example.net'),
(272,'Anthony Mcdonald','Aaron Walton','2002-02-06','perempuan','086383903917','504 Vaughn Gardens Suite 130','West Natalie','thompsonbrittney@example.com'),
(273,'Anna Fisher','Sarah Turner','2007-02-06','perempuan','088871628782','14357 Monica Haven Suite 962','Xaviermouth','amy59@example.org'),
(274,'Kayla Ford','Richard Garza','1988-07-16','perempuan','086187477832','900 Brandi Square Suite 125','Cardenaston','holtkaren@example.net'),
(275,'Danielle Simmons','Brandon Ross','1980-02-13','perempuan','086898466630','9821 Brian Isle','Lake Dustin','melissa67@example.net'),
(276,'Christopher Morrison','Sharon Bailey','2001-11-17','perempuan','087976921665','8059 Paul Mission','Lake Devon','amyjones@example.com'),
(277,'Rachel James','Jackson Dunn','1986-03-23','laki-laki','088099530516','390 Ann Plains','Lake Angelaville','smeadows@example.com'),
(278,'Rachel Zamora','Rachel Wells','1984-03-25','laki-laki','083194091648','939 James Creek','Hillfurt','leemichael@example.org'),
(279,'Mike Harper','Elizabeth Bishop','1971-01-30','laki-laki','084294620324','055 Carney Plaza Suite 010','Sandersbury','stonejoseph@example.net'),
(280,'Bob Schroeder','Brandon Johns','2001-03-18','laki-laki','089901931612','00877 Lynch Knoll Suite 146','Martinchester','mwoods@example.net'),
(281,'Jesse Brock','Sergio Taylor','2006-05-04','laki-laki','082579293370','6285 Charles Lake Suite 863','Port Karen','lwest@example.org'),
(282,'Sheila Dickerson','Zachary Alexander','1988-12-09','perempuan','082631295286','648 David Flats','Jessicaborough','tmarshall@example.com'),
(283,'Isabella Mendoza','Jeffrey Mendoza','1988-03-25','laki-laki','084149438699','100 Susan Pine','Thompsonview','erin53@example.com'),
(284,'Sarah Davis','Sarah Dixon','1986-04-15','perempuan','083908546582','200 Elizabeth Ridge','Kingmouth','clarkjacqueline@example.org'),
(285,'Donna Adams','Nicole Arroyo DDS','1999-06-24','laki-laki','089281577176','551 Rogers Cove','Watersland','benjaminfisher@example.net'),
(286,'Angela Thompson','Christopher Dunn','1977-03-13','perempuan','085519566448','9621 Edward Ways Suite 245','Petersport','zberry@example.org'),
(287,'Joseph Weaver','Debra Nguyen','1990-11-28','perempuan','085552228792','849 Anthony Walk Suite 457','Burnsland','bowersjohn@example.com'),
(288,'Gary Patterson','Courtney Rogers','2015-03-27','laki-laki','084993827696','03105 Susan Brooks Apt. 630','Cabreraport','nicholas19@example.net'),
(289,'Sarah Jones','Lisa Arias','1970-12-25','laki-laki','083130330916','09159 Elizabeth Oval','East Krystal','kfischer@example.net'),
(290,'Tonya Stanton','Philip Peters','1974-06-15','perempuan','084828096925','789 Bryant Road Suite 997','Cardenaston','hinescharles@example.com'),
(291,'Shawna Russell','Julia Rodriguez','2009-02-10','laki-laki','086470374198','413 Powell Burg Apt. 664','Sethbury','sanchezscott@example.com'),
(292,'Kristina Mitchell','Frank Blankenship','2022-09-01','perempuan','086243149698','2985 Julie Ramp','North Matthewfort','aortega@example.com'),
(293,'Belinda Spence','Ryan Donaldson','1990-10-22','perempuan','084606697256','214 Mcclure Ridge Suite 378','Blairbury','melissa08@example.com'),
(294,'Juan Pope','Lauren Davis','1989-07-16','perempuan','082439922109','7699 Kim Centers Apt. 751','Lake James','kyle41@example.net'),
(295,'Diana York','Julie Kim','1982-11-05','laki-laki','081737246179','13275 Brandy Course Suite 592','Burnsland','wilsonwesley@example.com'),
(296,'Amanda Mccarthy','Allison Mccormick','1973-09-23','laki-laki','084315986798','558 Wong Mission','Lake Angelaville','jessica42@example.com'),
(297,'Daniel Howard','Heather Neal','2015-11-18','perempuan','082450964389','8352 Mcclure Crescent Suite 531','East Chadtown','qhammond@example.net'),
(298,'Hannah Chambers','Andrew Gonzales','2020-10-02','laki-laki','082987583560','693 Jones Plaza','West Seth','leelaura@example.com'),
(299,'Jeffrey Diaz','Jesse Johnson','2015-11-05','perempuan','085298417898','9261 Rodney Lodge Apt. 326','Mitchellfurt','keithdavis@example.org'),
(300,'Gabriel Pruitt','Brandon Evans','1995-02-06','laki-laki','081164595394','26983 Arnold Keys','South Nicholaschester','alvaradotodd@example.net');
/*!40000 ALTER TABLE `orang` ENABLE KEYS */;
UNLOCK TABLES;

--
-- Table structure for table `pasien`
--

DROP TABLE IF EXISTS `pasien`;
/*!40101 SET @saved_cs_client     = @@character_set_client */;
/*!40101 SET character_set_client = utf8 */;
CREATE TABLE `pasien` (
  `id` int(11) NOT NULL,
  PRIMARY KEY (`id`),
  CONSTRAINT `pasien_ibfk_1` FOREIGN KEY (`id`) REFERENCES `orang` (`id`)
) ENGINE=InnoDB DEFAULT CHARSET=latin1 COLLATE=latin1_swedish_ci;
/*!40101 SET character_set_client = @saved_cs_client */;

--
-- Dumping data for table `pasien`
--

LOCK TABLES `pasien` WRITE;
/*!40000 ALTER TABLE `pasien` DISABLE KEYS */;
INSERT INTO `pasien` VALUES
(1),
(3),
(6),
(10),
(11),
(12),
(18),
(21),
(25),
(32),
(34),
(40),
(43),
(46),
(53),
(54),
(57),
(58),
(59),
(60),
(62),
(66),
(68),
(69),
(77),
(79),
(81),
(84),
(85),
(87),
(88),
(91),
(96),
(97),
(99),
(102),
(105),
(107),
(109),
(110),
(112),
(120),
(123),
(124),
(127),
(131),
(134),
(140),
(143),
(147),
(149),
(151),
(152),
(153),
(162),
(166),
(171),
(173),
(174),
(176),
(179),
(180),
(182),
(183),
(185),
(186),
(189),
(192),
(195),
(200),
(201),
(209),
(212),
(214),
(215),
(216),
(217),
(218),
(229),
(231),
(235),
(236),
(241),
(248),
(250),
(255),
(256),
(259),
(261),
(262),
(269),
(272),
(273),
(284),
(286),
(287),
(293),
(294),
(296),
(297);
/*!40000 ALTER TABLE `pasien` ENABLE KEYS */;
UNLOCK TABLES;

--
-- Table structure for table `penempatankamar`
--

DROP TABLE IF EXISTS `penempatankamar`;
/*!40101 SET @saved_cs_client     = @@character_set_client */;
/*!40101 SET character_set_client = utf8 */;
CREATE TABLE `penempatankamar` (
  `id` int(11) NOT NULL,
  `lantai` int(11) NOT NULL,
  `nomor` int(11) NOT NULL,
  PRIMARY KEY (`id`),
  KEY `nomor` (`nomor`,`lantai`),
  CONSTRAINT `penempatankamar_ibfk_1` FOREIGN KEY (`id`) REFERENCES `medicalrecord` (`id`),
  CONSTRAINT `penempatankamar_ibfk_2` FOREIGN KEY (`nomor`, `lantai`) REFERENCES `kelaskapasitaskamar` (`nomor`, `lantai`)
) ENGINE=InnoDB DEFAULT CHARSET=latin1 COLLATE=latin1_swedish_ci;
/*!40101 SET character_set_client = @saved_cs_client */;

--
-- Dumping data for table `penempatankamar`
--

LOCK TABLES `penempatankamar` WRITE;
/*!40000 ALTER TABLE `penempatankamar` DISABLE KEYS */;
INSERT INTO `penempatankamar` VALUES
(21,4,2),
(57,4,2),
(87,4,2),
(113,4,2),
(114,4,2),
(143,4,2),
(17,3,3),
(20,3,3),
(43,3,3),
(97,3,3),
(103,3,3),
(106,3,3),
(136,3,3),
(56,4,4),
(59,4,4),
(69,4,4),
(73,4,4),
(86,4,4),
(102,4,4),
(110,4,4),
(135,4,4),
(4,4,5),
(28,4,5),
(62,4,5),
(105,4,5),
(139,4,5),
(33,4,6),
(37,4,6),
(42,4,6),
(66,4,6),
(89,4,6),
(116,4,6),
(122,2,7),
(35,2,8),
(90,2,8),
(101,2,8),
(9,1,9),
(132,1,9),
(138,1,10),
(10,3,11),
(80,3,11),
(142,3,11),
(146,3,11),
(14,5,12),
(18,5,12),
(32,5,12),
(75,5,12),
(104,5,12),
(26,5,13),
(40,5,13),
(99,5,13),
(121,5,13),
(128,5,13),
(76,4,14),
(148,4,14),
(118,2,15),
(1,3,16),
(29,3,17),
(74,3,17),
(109,3,17),
(123,3,17),
(147,3,17),
(149,3,17),
(49,4,18),
(54,4,18),
(107,4,18),
(58,1,19),
(61,1,19),
(85,1,19),
(94,1,19),
(141,1,19),
(44,3,20),
(5,3,21),
(53,3,21),
(100,3,21),
(8,2,22),
(27,2,22),
(50,2,22),
(150,2,22),
(23,4,23),
(36,4,23),
(38,4,23),
(72,4,23),
(63,3,24),
(124,3,24),
(134,3,24),
(30,3,25),
(39,3,25),
(70,3,25),
(3,5,26),
(67,5,26),
(129,5,26),
(88,1,27),
(12,1,28),
(15,1,28),
(16,1,28),
(31,1,28),
(55,1,28),
(130,1,28),
(46,3,29),
(120,3,29),
(127,3,30),
(52,2,31),
(126,2,31),
(47,4,32),
(96,4,32),
(144,4,33),
(19,1,34),
(48,2,35),
(64,2,35),
(65,2,35),
(68,2,35),
(82,2,35),
(108,1,36),
(145,1,36),
(98,4,37),
(22,2,39),
(79,2,39),
(93,2,39),
(95,2,39),
(111,2,39),
(133,2,39),
(24,4,41),
(41,4,41),
(81,4,41),
(125,4,41),
(131,4,41),
(112,1,42),
(71,5,43),
(140,5,43),
(7,3,44),
(83,3,44),
(91,3,44),
(119,3,44),
(45,2,45),
(117,2,45),
(11,3,46),
(78,3,46),
(84,3,46),
(6,2,47),
(25,2,48),
(60,2,48),
(115,2,48),
(13,2,49),
(51,2,49),
(77,2,49),
(2,5,50),
(34,5,50),
(92,5,50),
(137,5,50);
/*!40000 ALTER TABLE `penempatankamar` ENABLE KEYS */;
UNLOCK TABLES;

--
-- Table structure for table `perawat`
--

DROP TABLE IF EXISTS `perawat`;
/*!40101 SET @saved_cs_client     = @@character_set_client */;
/*!40101 SET character_set_client = utf8 */;
CREATE TABLE `perawat` (
  `id` int(11) NOT NULL,
  PRIMARY KEY (`id`),
  CONSTRAINT `perawat_ibfk_1` FOREIGN KEY (`id`) REFERENCES `lisensitenagamedis` (`id`)
) ENGINE=InnoDB DEFAULT CHARSET=latin1 COLLATE=latin1_swedish_ci;
/*!40101 SET character_set_client = @saved_cs_client */;

--
-- Dumping data for table `perawat`
--

LOCK TABLES `perawat` WRITE;
/*!40000 ALTER TABLE `perawat` DISABLE KEYS */;
INSERT INTO `perawat` VALUES
(2),
(7),
(9),
(13),
(14),
(15),
(16),
(19),
(20),
(22),
(24),
(28),
(29),
(31),
(33),
(35),
(38),
(42),
(44),
(47),
(51),
(56),
(61),
(64),
(65),
(70),
(71),
(76),
(82),
(83),
(89),
(90),
(92),
(93),
(95),
(98),
(103),
(104),
(106),
(108),
(115),
(116),
(117),
(121),
(125),
(128),
(129),
(136),
(137),
(139),
(142),
(144),
(145),
(150),
(156),
(161),
(164),
(165),
(169),
(170),
(172),
(175),
(178),
(184),
(187),
(194),
(196),
(199),
(202),
(206),
(210),
(211),
(220),
(221),
(222),
(224),
(225),
(227),
(230),
(234),
(237),
(239),
(242),
(243),
(244),
(257),
(258),
(264),
(267),
(270),
(274),
(275),
(277),
(280),
(281),
(283),
(285),
(292),
(295),
(299);
/*!40000 ALTER TABLE `perawat` ENABLE KEYS */;
UNLOCK TABLES;

--
-- Table structure for table `perusahaanasuransi`
--

DROP TABLE IF EXISTS `perusahaanasuransi`;
/*!40101 SET @saved_cs_client     = @@character_set_client */;
/*!40101 SET character_set_client = utf8 */;
CREATE TABLE `perusahaanasuransi` (
  `id` int(11) NOT NULL AUTO_INCREMENT,
  `nama_perusahaan` varchar(255) NOT NULL,
  `nama_kontak` varchar(255) DEFAULT NULL,
  `nomor_telepon` varchar(100) NOT NULL,
  PRIMARY KEY (`id`)
) ENGINE=InnoDB AUTO_INCREMENT=11 DEFAULT CHARSET=latin1 COLLATE=latin1_swedish_ci;
/*!40101 SET character_set_client = @saved_cs_client */;

--
-- Dumping data for table `perusahaanasuransi`
--

LOCK TABLES `perusahaanasuransi` WRITE;
/*!40000 ALTER TABLE `perusahaanasuransi` DISABLE KEYS */;
INSERT INTO `perusahaanasuransi` VALUES
(1,'Lowery PLC','Julie Johnson','080184119710'),
(2,'Levy-Torres','Cameron Dunn','085160692470'),
(3,'Perkins, Watts and Macdonald','Ian Morrow','088586458627'),
(4,'Gutierrez, Hall and Coleman','Derrick Freeman','081969512763'),
(5,'Ortiz-Reed','William Burns','081290227380'),
(6,'Washington Inc','Ivan Scott','080878992942'),
(7,'Wells LLC','Anne Moore','086497255364'),
(8,'Williams Inc','Zachary Dominguez','082834959909'),
(9,'Holloway, Moreno and Lee','Rodney Garrett','088513354452'),
(10,'Ray-Taylor','Connor Morris','088812352214');
/*!40000 ALTER TABLE `perusahaanasuransi` ENABLE KEYS */;
UNLOCK TABLES;

--
-- Table structure for table `prosedur`
--

DROP TABLE IF EXISTS `prosedur`;
/*!40101 SET @saved_cs_client     = @@character_set_client */;
/*!40101 SET character_set_client = utf8 */;
CREATE TABLE `prosedur` (
  `id` int(11) NOT NULL AUTO_INCREMENT,
  `id_medical_records` int(11) NOT NULL,
  `nama_pengobatan` varchar(255) NOT NULL,
  `dosis` varchar(255) NOT NULL,
  `tanggal_mulai` date NOT NULL,
  `tanggal_selesai` date NOT NULL,
  `biaya` int(11) NOT NULL,
  PRIMARY KEY (`id`),
  KEY `id_medical_records` (`id_medical_records`),
  CONSTRAINT `prosedur_ibfk_1` FOREIGN KEY (`id_medical_records`) REFERENCES `medicalrecord` (`id`)
) ENGINE=InnoDB AUTO_INCREMENT=101 DEFAULT CHARSET=latin1 COLLATE=latin1_swedish_ci;
/*!40101 SET character_set_client = @saved_cs_client */;

--
-- Dumping data for table `prosedur`
--

LOCK TABLES `prosedur` WRITE;
/*!40000 ALTER TABLE `prosedur` DISABLE KEYS */;
INSERT INTO `prosedur` VALUES
(1,94,'model','painting','1998-03-25','2003-04-27',443),
(2,31,'wear','against','2015-12-06','1983-10-27',772),
(3,4,'simply','song','1974-04-24','1998-03-03',354),
(4,68,'evening','live','2020-01-16','1977-05-13',665),
(5,41,'American','always','2006-08-24','2021-08-10',344),
(6,133,'unit','election','2021-04-29','2020-10-08',534),
(7,3,'measure','of','1976-03-10','2015-05-03',706),
(8,93,'station','eight','2020-01-15','1990-03-10',385),
(9,40,'grow','collection','1983-11-03','2008-04-26',613),
(10,106,'build','clearly','2020-01-10','1972-08-27',505),
(11,103,'television','rule','2015-10-19','2002-11-08',402),
(12,39,'accept','garden','1986-12-14','2016-05-23',885),
(13,18,'development','organization','1987-06-08','2001-11-03',445),
(14,140,'get','take','1989-11-03','1988-09-13',607),
(15,89,'model','positive','2014-08-14','1984-02-27',201),
(16,41,'account','this','1989-12-28','1998-01-20',959),
(17,90,'course','Congress','1996-11-16','2010-11-12',102),
(18,146,'hard','less','1974-02-10','1973-05-30',333),
(19,9,'modern','perhaps','2007-11-20','2023-03-06',763),
(20,30,'contain','low','2020-11-09','1995-03-18',228),
(21,2,'western','head','1990-08-14','1979-11-26',389),
(22,52,'peace','actually','2003-05-20','2013-06-05',582),
(23,74,'full','region','1981-04-02','1975-12-24',353),
(24,118,'international','though','2018-07-29','1989-09-27',524),
(25,1,'water','state','1990-08-23','1984-08-06',717),
(26,107,'hot','stay','1983-02-24','2017-01-03',224),
(27,9,'arrive','war','1971-05-06','1995-08-30',789),
(28,1,'trouble','all','1986-10-23','1980-04-21',261),
(29,130,'building','child','2007-05-01','1997-07-27',657),
(30,54,'without','the','2006-05-21','2004-07-24',676),
(31,29,'toward','thus','2018-08-01','1979-11-15',508),
(32,10,'say','name','1990-09-16','1972-09-20',722),
(33,44,'sing','site','2009-06-07','1982-05-08',722),
(34,74,'cultural','middle','1997-06-30','2019-06-02',653),
(35,129,'coach','scene','2013-07-03','2019-05-12',544),
(36,10,'measure','exist','1984-06-23','1996-08-24',609),
(37,37,'man','establish','1996-08-10','1985-04-18',478),
(38,123,'order','water','2013-05-26','2016-12-06',609),
(39,136,'base','whether','1978-04-15','1978-07-17',997),
(40,4,'practice','indeed','2010-07-31','1997-11-15',30),
(41,74,'authority','wind','2012-01-07','1984-08-20',70),
(42,120,'fear','international','2013-10-05','2022-08-18',683),
(43,148,'thank','best','1984-02-09','2020-03-24',787),
(44,147,'type','accept','1988-12-13','1974-03-29',657),
(45,111,'yet','view','1985-02-25','2014-08-05',429),
(46,137,'good','year','1973-03-11','1993-09-19',135),
(47,29,'own','kid','1993-08-23','2014-03-22',15),
(48,50,'five','news','2013-09-11','1999-12-11',659),
(49,37,'water','behind','1992-12-23','1974-02-06',799),
(50,11,'build','television','2022-10-21','1990-04-06',408),
(51,126,'dog','pattern','2004-09-09','1970-02-26',659),
(52,35,'light','big','2019-02-19','2006-10-23',957),
(53,49,'drive','knowledge','2008-04-06','2015-03-19',125),
(54,8,'capital','support','1980-11-21','1989-11-06',671),
(55,141,'buy','this','2004-09-01','1981-04-23',853),
(56,144,'energy','consumer','1976-03-30','2017-06-12',728),
(57,128,'green','cause','2004-09-05','1978-12-14',980),
(58,12,'development','present','2019-04-27','1999-02-12',504),
(59,75,'compare','hard','1998-12-11','1971-10-02',747),
(60,85,'talk','budget','2003-01-27','1987-02-26',405),
(61,111,'work','bit','2021-09-05','2023-04-23',69),
(62,87,'lead','perhaps','1971-08-02','1990-08-19',78),
(63,60,'who','begin','2006-12-15','2007-06-08',861),
(64,34,'mission','move','2010-02-25','1981-12-20',317),
(65,118,'quality','black','1978-02-01','1987-09-08',928),
(66,99,'heavy','size','1974-10-02','2007-06-01',594),
(67,95,'he','huge','1971-03-30','2008-02-29',454),
(68,140,'occur','us','2005-03-01','1992-09-29',545),
(69,36,'buy','stage','2002-09-09','1976-11-13',103),
(70,95,'who','nor','1992-08-03','2010-09-25',923),
(71,49,'still','indeed','1983-07-23','2007-05-25',300),
(72,25,'draw','close','2006-05-12','2005-05-01',317),
(73,77,'light','detail','1973-12-09','2002-01-03',653),
(74,63,'fight','human','1977-05-02','1973-08-12',794),
(75,126,'piece','well','1993-09-08','2017-11-10',40),
(76,57,'next','herself','1979-08-13','1983-05-07',619),
(77,69,'those','member','2014-09-30','1974-07-16',304),
(78,30,'reflect','meet','1994-12-21','2014-10-25',657),
(79,117,'debate','I','2002-02-05','1976-07-08',224),
(80,42,'TV','final','1996-01-10','2007-12-06',532),
(81,9,'although','mother','1983-10-20','1991-10-11',722),
(82,132,'back','record','2018-01-15','2007-08-05',12),
(83,20,'one','until','2000-03-24','1987-04-29',608),
(84,140,'from','can','1983-05-18','1987-08-12',812),
(85,72,'tell','amount','2017-04-22','1996-06-28',395),
(86,61,'kitchen','PM','2002-03-05','2019-06-08',623),
(87,64,'market','board','1973-09-08','2007-05-23',62),
(88,68,'participant','even','1992-06-06','1978-04-09',284),
(89,150,'do','add','1981-05-27','2006-12-14',990),
(90,52,'forget','sport','2011-11-06','1999-05-01',607),
(91,139,'cut','worry','1981-02-13','1983-09-21',797),
(92,95,'century','easy','2016-07-28','2004-08-25',639),
(93,124,'election','hour','2001-03-17','2000-11-21',383),
(94,140,'style','anything','2012-11-13','2003-07-31',228),
(95,133,'first','it','2005-01-15','2015-11-09',996),
(96,78,'group','actually','2016-10-20','1995-07-03',259),
(97,4,'want','wear','2014-08-05','2001-09-26',19),
(98,46,'hour','candidate','2003-01-16','1981-06-01',906),
(99,105,'not','nice','2002-12-25','1981-07-14',955),
(100,83,'enough','term','1986-11-22','1982-10-29',155);
/*!40000 ALTER TABLE `prosedur` ENABLE KEYS */;
UNLOCK TABLES;

--
-- Table structure for table `resep`
--

DROP TABLE IF EXISTS `resep`;
/*!40101 SET @saved_cs_client     = @@character_set_client */;
/*!40101 SET character_set_client = utf8 */;
CREATE TABLE `resep` (
  `id` int(11) NOT NULL AUTO_INCREMENT,
  `id_medical_records` int(11) NOT NULL,
  `nama_pengobatan` varchar(255) NOT NULL,
  `dosis` varchar(255) NOT NULL,
  `tanggal_mulai` date NOT NULL,
  `tanggal_selesai` date NOT NULL,
  `biaya` int(11) NOT NULL,
  PRIMARY KEY (`id`),
  KEY `id_medical_records` (`id_medical_records`),
  CONSTRAINT `resep_ibfk_1` FOREIGN KEY (`id_medical_records`) REFERENCES `medicalrecord` (`id`)
) ENGINE=InnoDB AUTO_INCREMENT=101 DEFAULT CHARSET=latin1 COLLATE=latin1_swedish_ci;
/*!40101 SET character_set_client = @saved_cs_client */;

--
-- Dumping data for table `resep`
--

LOCK TABLES `resep` WRITE;
/*!40000 ALTER TABLE `resep` DISABLE KEYS */;
INSERT INTO `resep` VALUES
(1,19,'know','region','1992-10-04','1987-04-19',337),
(2,41,'subject','similar','1996-01-16','1997-10-10',440),
(3,95,'live','maybe','1973-03-15','1977-11-05',309),
(4,70,'really','day','1971-06-05','1972-06-19',811),
(5,35,'task','onto','2022-05-31','2016-05-06',641),
(6,50,'religious','once','1993-08-20','1998-08-29',839),
(7,141,'tend','but','2006-05-10','1979-05-26',949),
(8,24,'yourself','despite','1976-04-03','1980-02-12',814),
(9,29,'similar','tough','1982-10-15','1978-01-04',727),
(10,97,'prevent','term','1972-08-13','2019-01-06',478),
(11,103,'they','send','2008-08-04','1999-09-19',987),
(12,40,'church','even','1976-12-04','2005-04-23',377),
(13,77,'produce','perform','1996-03-02','1999-01-15',204),
(14,17,'safe','ahead','1974-12-27','2021-10-20',199),
(15,18,'decide','meet','2006-11-19','2011-08-11',679),
(16,49,'including','our','1995-12-28','1983-08-08',307),
(17,117,'want','generation','1992-08-21','1996-10-03',820),
(18,29,'somebody','character','1977-01-11','2009-03-28',241),
(19,16,'item','or','2017-04-20','2003-11-23',582),
(20,139,'but','member','2007-07-11','2001-05-05',598),
(21,106,'program','approach','2002-05-04','1984-06-08',344),
(22,18,'movement','knowledge','2015-05-28','1979-01-03',976),
(23,49,'up','according','1980-01-28','1976-12-18',634),
(24,103,'model','participant','1984-05-02','2021-02-02',327),
(25,5,'pretty','student','2000-06-05','2017-05-18',543),
(26,63,'artist','more','2010-09-27','1984-07-05',725),
(27,110,'thank','old','2021-02-27','1995-05-16',406),
(28,59,'fall','seven','1988-11-20','1993-04-01',581),
(29,62,'say','away','1980-11-08','1981-02-17',70),
(30,47,'paper','effort','1981-11-30','1981-08-23',929),
(31,23,'mouth','visit','1978-04-05','2010-11-14',667),
(32,52,'score','and','2020-10-28','2022-03-30',653),
(33,29,'director','compare','2006-03-14','2022-01-13',325),
(34,79,'my','commercial','1982-06-21','1979-09-28',632),
(35,45,'late','nearly','2021-03-12','1983-02-18',633),
(36,4,'college','art','2008-09-27','1977-07-10',862),
(37,144,'expert','lawyer','2020-01-22','1971-04-14',424),
(38,91,'every','short','1990-01-13','1995-07-17',784),
(39,93,'company','public','2018-10-20','1977-12-16',346),
(40,36,'high','need','2007-07-02','1991-08-12',191),
(41,46,'either','itself','1970-12-11','1991-01-29',99),
(42,120,'back','national','2001-01-22','1997-05-22',757),
(43,141,'mean','local','2003-04-17','1995-03-18',867),
(44,83,'simple','around','2017-01-27','1980-05-06',259),
(45,143,'tell','police','1983-10-06','2011-06-09',417),
(46,11,'force','leg','2019-03-25','1970-03-15',631),
(47,104,'although','me','2001-02-15','2013-06-29',295),
(48,30,'the','though','1997-08-12','1976-09-04',525),
(49,136,'sign','nothing','2019-12-03','2022-11-09',336),
(50,122,'back','sign','1980-02-27','1997-04-01',771),
(51,133,'positive','sport','1993-12-24','1972-03-19',230),
(52,4,'would','individual','1972-10-27','1988-11-30',655),
(53,10,'between','term','2022-07-26','1983-07-29',324),
(54,136,'condition','apply','1999-08-14','2016-07-15',788),
(55,24,'state','respond','2002-12-16','2021-05-13',72),
(56,117,'its','scientist','2011-08-15','1990-09-25',305),
(57,146,'knowledge','customer','1992-12-27','1983-10-13',642),
(58,36,'as','American','1985-11-11','2023-01-16',815),
(59,21,'more','me','1974-03-11','1974-05-03',374),
(60,91,'leader','statement','2009-05-02','1976-03-18',735),
(61,1,'interest','bar','1977-10-15','2018-02-15',59),
(62,84,'town','doctor','2009-06-18','2011-12-05',240),
(63,124,'television','fight','1976-03-01','1987-05-25',9),
(64,40,'art','part','2016-04-13','1995-01-30',693),
(65,82,'newspaper','prove','2007-06-04','2020-01-15',109),
(66,69,'theory','cut','2018-12-26','2023-01-20',649),
(67,70,'instead','wall','1992-04-22','2002-02-19',112),
(68,116,'nation','pass','2016-02-22','1981-07-22',216),
(69,53,'bring','nice','2018-04-03','1973-11-15',173),
(70,33,'game','kitchen','1996-10-03','2001-05-03',491),
(71,77,'enough','manager','1985-11-20','2003-03-09',521),
(72,44,'great','audience','1974-08-03','1989-03-02',517),
(73,20,'wish','everybody','1976-12-11','2007-07-02',880),
(74,71,'bank','television','2008-09-28','2018-12-31',140),
(75,1,'meet','though','2017-08-21','2018-03-10',510),
(76,114,'how','they','1991-11-15','2008-06-01',285),
(77,65,'bar','leave','1986-02-01','1978-03-13',773),
(78,19,'yes','mouth','1977-12-02','2012-09-06',837),
(79,87,'seek','crime','1991-03-06','2001-06-28',764),
(80,90,'base','money','2015-12-26','1978-10-26',912),
(81,91,'during','building','1971-08-10','2008-11-15',346),
(82,73,'agency','year','2016-08-07','1991-07-29',999),
(83,66,'should','they','2002-10-22','2022-11-07',460),
(84,91,'ready','must','2019-08-28','1981-01-18',108),
(85,48,'point','fear','2007-05-28','2008-05-28',300),
(86,2,'wife','southern','1990-09-01','2012-09-15',327),
(87,14,'discover','through','2021-10-11','2005-06-15',695),
(88,148,'tend','choice','1980-04-21','2016-08-15',261),
(89,60,'college','when','1981-03-02','2000-02-05',565),
(90,69,'authority','former','1984-12-24','2020-05-24',661),
(91,115,'physical','figure','1975-01-21','1995-09-07',226),
(92,68,'onto','cell','2015-04-30','2009-07-11',269),
(93,10,'whole','series','1973-07-04','1977-03-17',241),
(94,103,'performance','baby','1972-04-09','2002-08-02',58),
(95,74,'best','teach','1971-06-24','1981-06-13',945),
(96,14,'young','including','1974-10-27','2012-12-15',275),
(97,108,'PM','why','1998-08-27','1972-04-04',956),
(98,37,'rule','western','1993-05-27','1983-07-04',909),
(99,94,'scientist','Mrs','2001-06-16','2007-02-10',225),
(100,68,'everybody','organization','1986-10-22','1978-02-27',768);
/*!40000 ALTER TABLE `resep` ENABLE KEYS */;
UNLOCK TABLES;

--
-- Table structure for table `satuantugas`
--

DROP TABLE IF EXISTS `satuantugas`;
/*!40101 SET @saved_cs_client     = @@character_set_client */;
/*!40101 SET character_set_client = utf8 */;
CREATE TABLE `satuantugas` (
  `id_kerja_sama` int(11) NOT NULL,
  `id` int(11) NOT NULL,
  PRIMARY KEY (`id_kerja_sama`,`id`),
  KEY `id` (`id`),
  CONSTRAINT `satuantugas_ibfk_1` FOREIGN KEY (`id`) REFERENCES `lisensitenagamedis` (`id`)
) ENGINE=InnoDB DEFAULT CHARSET=latin1 COLLATE=latin1_swedish_ci;
/*!40101 SET character_set_client = @saved_cs_client */;

--
-- Dumping data for table `satuantugas`
--

LOCK TABLES `satuantugas` WRITE;
/*!40000 ALTER TABLE `satuantugas` DISABLE KEYS */;
INSERT INTO `satuantugas` VALUES
(0,38),
(0,114),
(0,211),
(0,252),
(0,274),
(1,20),
(1,230),
(1,252),
(1,292),
(2,36),
(2,137),
(2,240),
(3,92),
(3,95),
(3,114),
(3,265),
(4,13),
(4,29),
(4,193),
(4,285),
(5,30),
(5,222),
(5,233),
(5,246),
(6,70),
(6,191),
(7,51),
(7,95),
(7,260),
(8,142),
(8,160),
(8,275),
(8,299),
(9,15),
(9,16),
(9,158),
(10,20),
(10,86),
(10,122),
(10,204),
(11,72),
(11,158),
(11,211),
(11,251),
(12,33),
(12,114),
(12,208),
(12,224),
(13,121),
(13,199),
(13,219),
(13,281),
(14,82),
(14,206),
(14,246),
(14,258),
(15,14),
(15,78),
(15,101),
(15,114),
(15,172),
(15,224),
(16,117),
(16,163),
(16,265),
(17,38),
(17,51),
(17,55),
(17,82),
(17,191),
(18,13),
(18,100),
(18,128),
(18,164),
(18,188),
(19,113),
(19,178),
(19,197),
(20,48),
(20,148),
(20,169),
(20,187),
(20,263),
(21,19),
(21,191),
(21,225),
(21,278),
(22,22),
(22,156),
(22,245),
(22,264),
(23,23),
(23,144),
(23,213),
(23,227),
(24,9),
(24,41),
(24,49),
(24,156),
(24,161),
(24,300),
(25,15),
(25,22),
(25,63),
(25,111),
(25,295),
(26,76),
(26,130),
(27,83),
(27,135),
(27,279),
(28,83),
(28,129),
(28,148),
(28,187),
(28,190),
(28,260),
(29,23),
(29,129),
(29,132),
(29,226),
(29,285),
(30,51),
(30,94),
(30,244),
(31,47),
(31,268),
(31,279),
(32,2),
(32,38),
(32,167),
(32,289),
(33,38),
(33,122),
(33,207),
(33,219),
(34,4),
(34,63),
(34,199),
(34,204),
(34,230),
(34,281),
(35,150),
(35,191),
(35,193),
(35,219),
(35,283),
(36,28),
(36,125),
(36,142),
(36,154),
(36,290),
(37,5),
(37,227),
(37,233),
(37,283),
(38,219),
(38,221),
(38,249),
(38,276),
(38,277),
(39,15),
(39,122),
(39,136),
(39,223),
(39,242),
(40,160),
(40,221),
(40,281),
(40,298),
(41,111),
(41,160),
(41,213),
(41,220),
(41,243),
(41,277),
(42,15),
(42,38),
(42,233),
(42,237),
(43,45),
(43,55),
(43,257),
(44,5),
(44,26),
(44,299),
(45,80),
(45,89),
(45,130),
(45,159),
(46,67),
(46,83),
(46,116),
(46,198),
(46,207),
(47,17),
(47,56),
(47,230),
(47,277),
(48,64),
(48,128),
(48,130),
(48,194),
(48,271),
(49,27),
(49,144),
(49,228),
(49,239),
(49,247),
(49,281),
(50,15),
(50,19),
(50,36),
(50,193),
(51,80),
(51,98),
(51,211),
(51,253),
(51,280),
(52,5),
(52,47),
(52,78),
(52,169),
(52,181),
(52,295),
(53,101),
(53,104),
(53,165),
(53,177),
(53,253),
(54,48),
(54,61),
(54,207),
(54,208),
(54,299),
(55,42),
(55,49),
(55,74),
(55,164),
(55,289),
(56,20),
(56,116),
(56,167),
(57,20),
(57,93),
(57,260),
(58,17),
(58,19),
(58,204),
(58,239),
(59,114),
(59,125),
(59,265),
(60,22),
(60,119),
(60,291),
(61,74),
(61,157),
(61,177),
(61,239),
(62,26),
(62,101),
(62,106),
(62,170),
(62,220),
(63,55),
(63,194),
(63,227),
(63,251),
(64,65),
(64,141),
(64,271),
(65,28),
(65,141),
(66,27),
(66,233),
(66,234),
(67,14),
(67,67),
(67,117),
(67,288),
(68,164),
(68,197),
(68,237),
(69,24),
(69,76),
(69,175),
(69,289),
(69,298);
/*!40000 ALTER TABLE `satuantugas` ENABLE KEYS */;
UNLOCK TABLES;

--
-- Table structure for table `teslab`
--

DROP TABLE IF EXISTS `teslab`;
/*!40101 SET @saved_cs_client     = @@character_set_client */;
/*!40101 SET character_set_client = utf8 */;
CREATE TABLE `teslab` (
  `id` int(11) NOT NULL AUTO_INCREMENT,
  `id_medical_records` int(11) NOT NULL,
  `tanggal_tes` date NOT NULL,
  `hasil` varchar(255) NOT NULL,
  `tempat` varchar(100) NOT NULL,
  `biaya` int(11) NOT NULL,
  PRIMARY KEY (`id`),
  KEY `id_medical_records` (`id_medical_records`),
  CONSTRAINT `teslab_ibfk_1` FOREIGN KEY (`id_medical_records`) REFERENCES `medicalrecord` (`id`)
) ENGINE=InnoDB AUTO_INCREMENT=101 DEFAULT CHARSET=latin1 COLLATE=latin1_swedish_ci;
/*!40101 SET character_set_client = @saved_cs_client */;

--
-- Dumping data for table `teslab`
--

LOCK TABLES `teslab` WRITE;
/*!40000 ALTER TABLE `teslab` DISABLE KEYS */;
INSERT INTO `teslab` VALUES
(1,1,'2001-07-21','Health position authority win five.','Lab Hematologi',725),
(2,2,'2010-01-07','Least face let role move mention best.','Lab Serologi',875),
(3,3,'2017-03-27','Mean group game.','Lab Serologi',96),
(4,4,'2004-02-04','Remain serve ten mean.','Lab Hematologi',567),
(5,114,'2014-08-03','Letter four huge two argue study yard.','Lab Mikrobiologi',484),
(6,5,'2015-12-23','Read security matter.','Lab Serologi',408),
(7,101,'2005-10-14','Owner bank throughout campaign.','Lab Genetik',736),
(8,119,'2012-09-27','Newspaper always she itself.','Lab Klinik',580),
(9,6,'2016-09-05','Space personal computer beyond popular common.','Lab Serologi',50),
(10,7,'2001-12-06','However trip economic part true good soldier task.','Lab Klinik',532),
(11,118,'2005-08-08','Ball station past box create.','Lab Hematologi',595),
(12,8,'2014-05-22','Dark responsibility hear investment director section whether season.','Lab Parasitologi',887),
(13,9,'2008-09-21','Late feel new left store level resource.','Lab Genetik',986),
(14,120,'2019-12-21','Enjoy rise political scientist money including research.','Lab Radiologi',679),
(15,10,'2004-12-25','Just live outside item Mrs I.','Lab Mikrobiologi',201),
(16,139,'2014-04-11','Which role deep notice significant surface build.','Lab Biokimia',495),
(17,11,'2017-11-16','Six me fact account.','Lab Kimia Klinik',702),
(18,148,'2006-03-29','Keep instead age much.','Lab Biokimia',211),
(19,12,'2010-12-10','Laugh result tough.','Lab Klinik',865),
(20,144,'2011-09-05','Hard scene generation long.','Lab Mikrobiologi',867),
(21,13,'2013-07-19','Claim send finish show agree entire three.','Lab Radiologi',509),
(22,14,'2006-11-25','Purpose half address word.','Lab Urinalisis',210),
(23,122,'2022-10-05','Common sing black sport.','Lab Radiologi',975),
(24,15,'2021-11-22','Industry society suggest region prove.','Lab Urinalisis',958),
(25,16,'2003-08-03','Argue benefit today.','Lab Mikrobiologi',482),
(26,17,'2005-09-11','Begin threat here mission improve.','Lab Klinik',830),
(27,18,'2009-03-03','Teacher system difficult.','Lab Radiologi',633),
(28,135,'2017-09-26','Drive past leg.','Lab Klinik',146),
(29,19,'2011-10-24','Service site up hope week everybody.','Lab Mikrobiologi',509),
(30,127,'2017-12-09','Ready arrive development activity position resource.','Lab Biokimia',753),
(31,20,'2020-06-04','Free smile century through several look buy.','Lab Biokimia',420),
(32,21,'2007-06-12','Pay art effort unit stay.','Lab Biokimia',759),
(33,22,'2012-10-06','Exactly land break whom wall beat fly.','Lab Parasitologi',876),
(34,104,'2014-08-27','Region whom speech represent.','Lab Kimia Klinik',713),
(35,23,'2006-03-25','Politics chance must begin race administration.','Lab Mikrobiologi',392),
(36,24,'2017-01-30','Successful day practice back discussion stop.','Lab Urinalisis',249),
(37,25,'2004-12-28','Experience would rock general throw you budget improve.','Lab Imunologi',100),
(38,26,'2005-08-16','Since government black form begin.','Lab Parasitologi',26),
(39,27,'2020-09-06','Future up system TV face various.','Lab Radiologi',345),
(40,123,'2003-06-23','Prepare section school.','Lab Hematologi',134),
(41,125,'2014-06-16','Simply ready all country beautiful college.','Lab Radiologi',939),
(42,28,'2006-12-29','Owner traditional by.','Lab Urinalisis',577),
(43,29,'2018-08-14','Floor among last now.','Lab Biokimia',582),
(44,147,'2004-02-07','Television how station wind.','Lab Kimia Klinik',989),
(45,30,'2011-05-11','President day lawyer the.','Lab Biokimia',751),
(46,31,'2013-12-20','Answer glass officer across.','Lab Serologi',921),
(47,116,'2023-01-14','Coach recently hour thought prepare.','Lab Parasitologi',516),
(48,32,'2004-04-01','Artist floor support will probably method bit.','Lab Imunologi',877),
(49,33,'2001-08-06','Social must hear top end nearly.','Lab Serologi',10),
(50,146,'2013-12-28','Position nor sound fact democratic start.','Lab Mikrobiologi',127),
(51,34,'2011-11-21','Artist red science training idea start me ten.','Lab Genetik',315),
(52,35,'2007-11-01','Billion success smile mouth single question inside remember.','Lab Hematologi',42),
(53,36,'2004-04-16','Time plant difficult.','Lab Serologi',913),
(54,37,'2018-11-23','Guess decision alone either.','Lab Patologi Klinik',643),
(55,38,'2005-01-30','Although computer live knowledge build.','Lab Patologi Klinik',438),
(56,39,'2017-04-04','Young need strategy line guess southern.','Lab Mikrobiologi',256),
(57,40,'2001-09-09','Program goal list phone themselves.','Lab Patologi Klinik',354),
(58,41,'2021-01-28','Yard month glass himself up form offer window.','Lab Urinalisis',727),
(59,143,'2016-12-24','Subject organization individual enjoy election tend.','Lab Hematologi',322),
(60,42,'2010-07-03','Discussion floor media here home fish.','Lab Hematologi',7),
(61,43,'2018-04-01','Else hit eat dark move tax style.','Lab Mikrobiologi',562),
(62,44,'2011-09-30','Improve man really court shake heavy shake.','Lab Imunologi',328),
(63,45,'2003-10-24','Really we right nature.','Lab Biokimia',935),
(64,106,'2001-05-25','Piece cause central physical shake newspaper.','Lab Genetik',398),
(65,46,'2017-12-24','Eight loss his cut instead similar yes.','Lab Patologi Klinik',799),
(66,111,'2021-07-03','Would stuff official try pattern fine.','Lab Kimia Klinik',315),
(67,47,'2010-07-10','Sort consumer what believe safe lead let.','Lab Radiologi',296),
(68,48,'2005-08-30','Economy health ahead effect.','Lab Klinik',705),
(69,49,'2015-10-01','Bit education reduce care drop conference performance.','Lab Parasitologi',318),
(70,50,'2015-11-12','Feeling account material shoulder.','Lab Imunologi',288),
(71,51,'2021-07-16','Rise rest hospital official weight truth successful.','Lab Parasitologi',159),
(72,103,'2009-06-24','Machine understand feel difficult.','Lab Imunologi',123),
(73,52,'2005-07-08','Over start worker stop enough special claim.','Lab Mikrobiologi',203),
(74,53,'2005-10-12','Hotel open bar model buy stock.','Lab Radiologi',695),
(75,54,'2001-08-18','Walk condition miss game factor Democrat.','Lab Genetik',712),
(76,55,'2014-04-16','Who finally control alone.','Lab Hematologi',48),
(77,56,'2005-09-02','Red rule situation institution picture.','Lab Mikrobiologi',986),
(78,109,'2022-09-18','Reflect everybody type second table wait.','Lab Kimia Klinik',829),
(79,113,'2015-01-10','Contain door wind high.','Lab Mikrobiologi',246),
(80,133,'2018-01-24','Consumer particular coach woman recognize four least.','Lab Kimia Klinik',669),
(81,57,'2022-01-21','Car civil occur set exist indicate.','Lab Genetik',352),
(82,129,'2012-08-02','Address within day clearly.','Lab Klinik',740),
(83,58,'2016-08-21','Feel physical happen reduce major.','Lab Urinalisis',579),
(84,59,'2012-03-23','Place season stage though many carry value.','Lab Biokimia',167),
(85,112,'2010-09-19','Drop teach collection well though heart.','Lab Mikrobiologi',330),
(86,138,'2003-12-02','Interesting small increase produce whether old.','Lab Imunologi',989),
(87,60,'2006-04-27','In boy cup indeed.','Lab Imunologi',805),
(88,128,'2019-06-27','Read enter letter with.','Lab Klinik',309),
(89,61,'2012-11-30','Need two type.','Lab Urinalisis',752),
(90,62,'2023-04-10','Fly degree fire.','Lab Biokimia',342),
(91,63,'2020-11-14','Attention security read.','Lab Mikrobiologi',995),
(92,64,'2006-10-04','Huge indicate position alone enough hand service.','Lab Serologi',684),
(93,115,'2011-05-16','Another clear international despite seem nation.','Lab Hematologi',503),
(94,65,'2006-03-16','Eye thank somebody force scientist share.','Lab Mikrobiologi',420),
(95,102,'2011-04-29','Spring seven radio space reveal staff hit.','Lab Kimia Klinik',680),
(96,132,'2023-04-21','Single traditional word before life.','Lab Klinik',878),
(97,66,'2023-04-05','Goal level chance great continue forget.','Lab Klinik',796),
(98,150,'2009-11-25','Great whatever specific rate fill computer within hear.','Lab Genetik',526),
(99,67,'2006-08-31','Mission reality vote PM raise.','Lab Imunologi',252),
(100,68,'2009-03-05','Give five yes share.','Lab Parasitologi',440);
/*!40000 ALTER TABLE `teslab` ENABLE KEYS */;
UNLOCK TABLES;
/*!40103 SET TIME_ZONE=@OLD_TIME_ZONE */;

/*!40101 SET SQL_MODE=@OLD_SQL_MODE */;
/*!40014 SET FOREIGN_KEY_CHECKS=@OLD_FOREIGN_KEY_CHECKS */;
/*!40014 SET UNIQUE_CHECKS=@OLD_UNIQUE_CHECKS */;
/*!40101 SET CHARACTER_SET_CLIENT=@OLD_CHARACTER_SET_CLIENT */;
/*!40101 SET CHARACTER_SET_RESULTS=@OLD_CHARACTER_SET_RESULTS */;
/*!40101 SET COLLATION_CONNECTION=@OLD_COLLATION_CONNECTION */;
/*!40111 SET SQL_NOTES=@OLD_SQL_NOTES */;

-- Dump completed on 2023-05-03  3:25:19
