-- MariaDB dump 10.19  Distrib 10.11.1-MariaDB, for Win64 (AMD64)
--
-- Host: localhost    Database: rumahsakit8
-- ------------------------------------------------------
-- Server version	10.11.1-MariaDB

/*!40101 SET @OLD_CHARACTER_SET_CLIENT=@@CHARACTER_SET_CLIENT */;
/*!40101 SET @OLD_CHARACTER_SET_RESULTS=@@CHARACTER_SET_RESULTS */;
/*!40101 SET @OLD_COLLATION_CONNECTION=@@COLLATION_CONNECTION */;
/*!40101 SET NAMES utf8mb4 */;
/*!40103 SET @OLD_TIME_ZONE=@@TIME_ZONE */;
/*!40103 SET TIME_ZONE='+00:00' */;
/*!40014 SET @OLD_UNIQUE_CHECKS=@@UNIQUE_CHECKS, UNIQUE_CHECKS=0 */;
/*!40014 SET @OLD_FOREIGN_KEY_CHECKS=@@FOREIGN_KEY_CHECKS, FOREIGN_KEY_CHECKS=0 */;
/*!40101 SET @OLD_SQL_MODE=@@SQL_MODE, SQL_MODE='NO_AUTO_VALUE_ON_ZERO' */;
/*!40111 SET @OLD_SQL_NOTES=@@SQL_NOTES, SQL_NOTES=0 */;

--
-- Table structure for table `departemen`
--

DROP TABLE IF EXISTS `departemen`;
/*!40101 SET @saved_cs_client     = @@character_set_client */;
/*!40101 SET character_set_client = utf8 */;
CREATE TABLE `departemen` (
  `id` int(11) NOT NULL AUTO_INCREMENT,
  `nama_departemen` varchar(255) NOT NULL,
  PRIMARY KEY (`id`),
  KEY `nama_departemen` (`nama_departemen`),
  CONSTRAINT `departemen_ibfk_1` FOREIGN KEY (`nama_departemen`) REFERENCES `kepaladepartemen` (`nama_departemen`)
) ENGINE=InnoDB AUTO_INCREMENT=19 DEFAULT CHARSET=utf8mb4 COLLATE=utf8mb4_general_ci;
/*!40101 SET character_set_client = @saved_cs_client */;

--
-- Dumping data for table `departemen`
--

LOCK TABLES `departemen` WRITE;
/*!40000 ALTER TABLE `departemen` DISABLE KEYS */;
INSERT INTO `departemen` VALUES
(1,'Anestesiologi'),
(2,'Bedah'),
(3,'Bedah Saraf'),
(4,'Dermatologi'),
(5,'Farmakologi Klinik'),
(6,'Forensik dan Medikolegal'),
(7,'Ilmu Gizi Klinik'),
(8,'Kebidanan dan Kandungan'),
(9,'Kesehatan Anak'),
(10,'Kesehatan Jiwa'),
(11,'Medik Gigi dan Mulut'),
(12,'Mikrobiologi Klinik'),
(13,'Orthopedi dan Traumatologi'),
(14,'Patologi Klinik'),
(15,'Penyakit Dalam'),
(16,'Penyakit Saraf'),
(17,'THT'),
(18,'Urologi');
/*!40000 ALTER TABLE `departemen` ENABLE KEYS */;
UNLOCK TABLES;

--
-- Table structure for table `departementenagamedis`
--

DROP TABLE IF EXISTS `departementenagamedis`;
/*!40101 SET @saved_cs_client     = @@character_set_client */;
/*!40101 SET character_set_client = utf8 */;
CREATE TABLE `departementenagamedis` (
  `nomor_lisensi` varchar(25) NOT NULL,
  `id_departemen` int(11) NOT NULL,
  PRIMARY KEY (`nomor_lisensi`),
  KEY `id_departemen` (`id_departemen`),
  CONSTRAINT `departementenagamedis_ibfk_1` FOREIGN KEY (`nomor_lisensi`) REFERENCES `lisensitenagamedis` (`nomor_lisensi`),
  CONSTRAINT `departementenagamedis_ibfk_2` FOREIGN KEY (`id_departemen`) REFERENCES `departemen` (`id`)
) ENGINE=InnoDB DEFAULT CHARSET=utf8mb4 COLLATE=utf8mb4_general_ci;
/*!40101 SET character_set_client = @saved_cs_client */;

--
-- Dumping data for table `departementenagamedis`
--

LOCK TABLES `departementenagamedis` WRITE;
/*!40000 ALTER TABLE `departementenagamedis` DISABLE KEYS */;
INSERT INTO `departementenagamedis` VALUES
('101',1),
('159',1),
('236',1),
('243',1),
('252',1),
('299',1),
('123',2),
('153',2),
('161',2),
('185',2),
('258',2),
('282',2),
('113',3),
('114',3),
('171',3),
('175',3),
('180',3),
('209',3),
('223',3),
('231',3),
('235',3),
('112',4),
('126',4),
('133',4),
('136',4),
('137',4),
('147',4),
('200',4),
('205',4),
('208',4),
('219',4),
('220',4),
('246',4),
('257',4),
('271',4),
('279',4),
('294',4),
('296',4),
('169',5),
('197',5),
('204',5),
('218',5),
('230',5),
('283',5),
('151',6),
('163',6),
('233',6),
('247',6),
('249',6),
('111',7),
('121',7),
('125',7),
('131',7),
('170',7),
('174',7),
('176',7),
('186',7),
('193',7),
('229',7),
('285',7),
('297',7),
('298',7),
('135',8),
('155',8),
('213',8),
('227',8),
('253',8),
('268',8),
('277',8),
('295',8),
('140',9),
('145',9),
('148',9),
('168',9),
('172',9),
('194',9),
('212',9),
('238',9),
('244',9),
('255',9),
('265',9),
('275',9),
('143',10),
('146',10),
('210',10),
('221',10),
('240',10),
('248',10),
('261',10),
('267',10),
('270',10),
('284',10),
('293',10),
('167',11),
('178',11),
('183',11),
('187',11),
('206',11),
('214',11),
('226',11),
('110',12),
('129',12),
('142',12),
('144',12),
('149',12),
('157',12),
('158',12),
('164',12),
('177',12),
('217',12),
('225',12),
('228',12),
('254',12),
('259',12),
('262',12),
('272',12),
('281',12),
('288',12),
('106',13),
('116',13),
('132',13),
('152',13),
('154',13),
('199',13),
('201',13),
('245',13),
('250',13),
('256',13),
('264',13),
('102',14),
('107',14),
('115',14),
('124',14),
('128',14),
('130',14),
('156',14),
('162',14),
('166',14),
('173',14),
('188',14),
('192',14),
('196',14),
('198',14),
('222',14),
('263',14),
('105',15),
('109',15),
('117',15),
('119',15),
('122',15),
('134',15),
('139',15),
('190',15),
('202',15),
('237',15),
('273',15),
('278',15),
('286',15),
('103',16),
('108',16),
('127',16),
('181',16),
('241',16),
('242',16),
('260',16),
('266',16),
('274',16),
('276',16),
('292',16),
('104',17),
('150',17),
('165',17),
('191',17),
('207',17),
('215',17),
('216',17),
('224',17),
('232',17),
('239',17),
('251',17),
('269',17),
('287',17),
('290',17),
('291',17),
('118',18),
('120',18),
('138',18),
('141',18),
('160',18),
('179',18),
('182',18),
('184',18),
('189',18),
('195',18),
('203',18),
('211',18),
('234',18),
('280',18),
('289',18),
('300',18);
/*!40000 ALTER TABLE `departementenagamedis` ENABLE KEYS */;
UNLOCK TABLES;

--
-- Table structure for table `desakecamatan`
--

DROP TABLE IF EXISTS `desakecamatan`;
/*!40101 SET @saved_cs_client     = @@character_set_client */;
/*!40101 SET character_set_client = utf8 */;
CREATE TABLE `desakecamatan` (
  `desa_kelurahan` varchar(255) NOT NULL,
  `kecamatan` varchar(255) NOT NULL,
  PRIMARY KEY (`desa_kelurahan`),
  KEY `kecamatan` (`kecamatan`),
  CONSTRAINT `desakecamatan_ibfk_1` FOREIGN KEY (`kecamatan`) REFERENCES `kecamatankabupatenkota` (`kecamatan`)
) ENGINE=InnoDB DEFAULT CHARSET=utf8mb4 COLLATE=utf8mb4_general_ci;
/*!40101 SET character_set_client = @saved_cs_client */;

--
-- Dumping data for table `desakecamatan`
--

LOCK TABLES `desakecamatan` WRITE;
/*!40000 ALTER TABLE `desakecamatan` DISABLE KEYS */;
INSERT INTO `desakecamatan` VALUES
('Port Kevinview','Abigailtown'),
('Staceyfort','Abigailtown'),
('Lake William','Angelastad'),
('East Timothymouth','Annport'),
('Jillstad','Annport'),
('South Christinechester','Annport'),
('Stoneshire','Annport'),
('Victoriaberg','Annshire'),
('Gonzalezville','Benjaminborough'),
('New Johnmouth','Benjaminborough'),
('West Jeremy','Benjaminborough'),
('Donaldfort','Cannonmouth'),
('Lake Lindaville','Cookchester'),
('North Robin','Cookchester'),
('Kimberlyport','Davidfurt'),
('South Sarah','Davidfurt'),
('West Tracy','Davidfurt'),
('Jessicastad','East Eduardo'),
('Ponceland','East Jamesshire'),
('Dianashire','East Justin'),
('Frenchmouth','East Justin'),
('Taylorborough','East Justin'),
('Port Kevinville','Ericahaven'),
('Lake Reginahaven','Evansfurt'),
('Rothtown','Evansfurt'),
('Angelashire','Figueroaburgh'),
('Lake Trevorberg','Figueroaburgh'),
('Cartermouth','Fitzpatrickview'),
('Mariochester','Fitzpatrickview'),
('Jenkinschester','Jenniferside'),
('North Loriburgh','Jenniferside'),
('Serranotown','Jenniferside'),
('Stewartshire','Jenniferside'),
('Parksmouth','Jessicaville'),
('Antonioport','Joelbury'),
('North Theresa','Joelbury'),
('Joyborough','Johnsonland'),
('South Randytown','Johnsonland'),
('Hannahton','Jonesmouth'),
('Nelsonfort','Kingbury'),
('North Samantha','Kingbury'),
('Port Jerry','Kingbury'),
('Port Michael','Kingbury'),
('Davidton','Lake Adamfort'),
('Kevinhaven','Lake Adamfort'),
('Lake Timothyview','Lake Adamfort'),
('West Lukehaven','Lake Audreychester'),
('Josefurt','Lake Graceview'),
('New Paulton','Lesterville'),
('South Andrea','Lesterville'),
('Theodorefort','Lesterville'),
('New Andrewside','Maldonadotown'),
('New Jennifer','Maldonadotown'),
('West Carla','Maldonadotown'),
('East Christine','Moodyshire'),
('Millerville','Moodyshire'),
('East Jefferymouth','New Lisa'),
('Jordanstad','New Lisa'),
('Christopherburgh','New Robert'),
('Robertatown','New Robert'),
('Dylanville','New Samuelberg'),
('South Erikview','New Samuelberg'),
('Whiteport','New Samuelberg'),
('Deckerton','New Susan'),
('Zimmermanmouth','New Tiffany'),
('New Jason','Nicholasmouth'),
('Lake Julieborough','North Charles'),
('North Gloria','North Charles'),
('Robertside','North Charles'),
('East Julia','North Douglasshire'),
('Kingchester','North Douglasshire'),
('Andrewsside','North Jonathanchester'),
('Paulaview','North Jonathanchester'),
('South Melissa','North Jonathanchester'),
('Ramseyland','North Trevorberg'),
('Amandaland','Port Dennis'),
('South Melanieton','Port Dennis'),
('Evansmouth','Port Scottberg'),
('Jasonmouth','Port Scottberg'),
('Lake Shanestad','Port Shannon'),
('Port Kimberlyton','Port Shannon'),
('Duranmouth','Port Waltermouth'),
('Everetthaven','Port Waltermouth'),
('Marymouth','Port Waltermouth'),
('Peterstad','Port Waltermouth'),
('Marcport','Robertberg'),
('South Mariaberg','Robertberg'),
('Woodardburgh','Robertberg'),
('Yvonnebury','Sarahmouth'),
('South Jacob','Sherriton'),
('Garrettfort','Smithhaven'),
('Laurenshire','Smithhaven'),
('East John','South Kyle'),
('Jameshaven','South Kyle'),
('Sallystad','South Kyle'),
('Lake Mathew','South Robertfort'),
('Carriefurt','South Tyler'),
('East Beverly','South Tyler'),
('New Michaela','South Tyler'),
('Tuckerborough','South Tyler'),
('Tylerstad','South Tyler'),
('North Dylan','South William'),
('Port Cherylport','South William'),
('Diazfort','Stevensview'),
('Lake Jason','Stewartmouth'),
('North Christopher','Stewartmouth'),
('Vickiport','Stewartmouth'),
('Khanmouth','Stokesshire'),
('Ashleyville','Tamiland'),
('Jimenezhaven','Tamiland'),
('Port Karen','Tamiland'),
('Villarrealview','Valerieburgh'),
('North Joseph','Vegaville'),
('Huffmanhaven','West Ashleyport'),
('Lesliebury','West Ashleyport'),
('Morganville','West Ashleyport'),
('Port Paulchester','West Ashleyport'),
('Adamhaven','West Fernandoborough'),
('Millerhaven','West Fernandoborough'),
('Davidbury','West Rogermouth'),
('Lestermouth','West Rogermouth'),
('Mckinneyberg','West Rogermouth'),
('North Katherine','West Rogermouth'),
('New Robert','West Todd'),
('Ortizmouth','West Todd');
/*!40000 ALTER TABLE `desakecamatan` ENABLE KEYS */;
UNLOCK TABLES;

--
-- Table structure for table `detailrecords`
--

DROP TABLE IF EXISTS `detailrecords`;
/*!40101 SET @saved_cs_client     = @@character_set_client */;
/*!40101 SET character_set_client = utf8 */;
CREATE TABLE `detailrecords` (
  `id_pasien` int(11) NOT NULL,
  `id_kerja_sama` int(11) NOT NULL,
  `tanggal_masuk` date NOT NULL,
  `tanggal_keluar` date NOT NULL,
  `diagnosis` varchar(255) NOT NULL,
  `biaya` int(11) NOT NULL,
  PRIMARY KEY (`id_pasien`,`id_kerja_sama`),
  KEY `id_kerja_sama` (`id_kerja_sama`),
  CONSTRAINT `detailrecords_ibfk_1` FOREIGN KEY (`id_pasien`) REFERENCES `pasien` (`id`),
  CONSTRAINT `detailrecords_ibfk_2` FOREIGN KEY (`id_kerja_sama`) REFERENCES `satuantugas` (`id_kerja_sama`)
) ENGINE=InnoDB DEFAULT CHARSET=utf8mb4 COLLATE=utf8mb4_general_ci;
/*!40101 SET character_set_client = @saved_cs_client */;

--
-- Dumping data for table `detailrecords`
--

LOCK TABLES `detailrecords` WRITE;
/*!40000 ALTER TABLE `detailrecords` DISABLE KEYS */;
INSERT INTO `detailrecords` VALUES
(6,49,'2023-06-26','2023-07-01','System record close.',626),
(6,66,'2023-06-07','2023-06-17','Pass statement from budget stand interview.',217),
(9,53,'2023-11-26','2023-12-05','Environmental same same benefit lawyer peace air red.',850),
(11,4,'2023-06-01','2023-06-14','Later performance three best.',802),
(13,27,'2023-11-18','2023-11-26','We under trial end admit.',35),
(14,47,'2023-12-22','2023-12-30','Bring mouth trouble bring fly sure prevent only.',614),
(15,33,'2023-11-27','2023-12-02','Back economy always occur full.',716),
(16,15,'2023-10-01','2023-10-05','It number simple.',134),
(16,55,'2023-05-21','2023-05-23','Tv leg water part it public.',31),
(17,29,'2023-06-29','2023-07-12','Would process college.',409),
(17,52,'2023-12-21','2024-01-01','Really coach street member fast.',824),
(25,25,'2023-10-13','2023-10-24','Staff hope culture six rule.',776),
(25,68,'2023-10-31','2023-11-09','Since from ask election.',242),
(26,63,'2023-09-10','2023-09-17','Training east industry rest.',701),
(27,48,'2023-06-12','2023-06-24','Some rich black respond.',67),
(27,64,'2023-10-15','2023-10-22','Way according bag free.',690),
(28,25,'2023-11-19','2023-11-28','Husband to sea hand lawyer.',213),
(32,0,'2023-08-15','2023-08-18','Nothing discuss believe stop trial fear.',53),
(32,21,'2023-07-10','2023-07-21','Within laugh hour population.',182),
(35,51,'2023-11-10','2023-11-14','List something those cell college of time arm.',466),
(38,9,'2023-06-13','2023-06-21','Medical relationship page message simple into.',825),
(38,18,'2023-11-04','2023-11-10','Final professional yard everyone.',43),
(40,22,'2023-08-27','2023-09-09','Kid late our between.',643),
(40,25,'2023-08-22','2023-08-23','What soon these east second.',457),
(45,19,'2023-07-06','2023-07-15','Song garden oil money.',402),
(45,25,'2023-05-06','2023-05-07','Method skill lawyer reveal wind.',297),
(46,3,'2023-12-06','2023-12-16','Else father over wind first.',224),
(47,66,'2023-11-19','2023-11-23','Leave sign kitchen each politics.',202),
(49,40,'2023-10-01','2023-10-04','There sign medical issue include many especially respond.',272),
(50,32,'2023-12-07','2023-12-19','Into old accept information option.',185),
(50,36,'2023-05-05','2023-05-18','Whether dream safe wind.',190),
(53,38,'2023-06-06','2023-06-11','Southern staff expect why small.',475),
(54,47,'2023-05-20','2023-06-02','Little recognize brother them than those.',419),
(56,10,'2023-05-04','2023-05-05','Series state movie sport especially ok home.',763),
(57,6,'2023-12-28','2024-01-08','Painting rise surface piece.',179),
(57,31,'2023-06-14','2023-06-24','Discussion management total matter force law six.',602),
(62,43,'2023-07-23','2023-07-28','Trouble alone success treatment up.',615),
(64,33,'2023-05-04','2023-05-09','Both air rule happen.',619),
(64,60,'2023-12-07','2023-12-17','Week whatever yes make investment rise stay.',266),
(65,17,'2023-12-28','2024-01-10','Fish together energy job ready.',932),
(67,14,'2023-05-17','2023-05-18','Leg heart believe land record worry official field.',545),
(67,26,'2023-06-02','2023-06-10','Participant bill behind business individual.',122),
(72,9,'2023-12-14','2023-12-15','Structure because performance challenge network community.',130),
(72,41,'2023-09-11','2023-09-15','Action environment image fast until more.',815),
(72,63,'2023-12-20','2024-01-02','Why off responsibility.',970),
(79,51,'2023-09-01','2023-09-11','Else herself performance free common sign rather.',198),
(80,3,'2023-09-01','2023-09-09','North more whatever eye.',237),
(83,25,'2023-07-24','2023-07-31','Investment consumer range right experience brother.',856),
(83,32,'2023-11-04','2023-11-13','Budget sound good although employee.',860),
(83,49,'2023-11-12','2023-11-15','Itself offer visit enter wide.',912),
(84,0,'2023-08-25','2023-09-06','Rule beautiful less act need risk.',194),
(86,22,'2023-06-18','2023-06-28','Foot item policy responsibility produce.',83),
(88,4,'2023-05-11','2023-05-21','Control almost see dark structure.',71),
(90,56,'2023-08-12','2023-08-18','Send two relate.',539),
(94,53,'2023-12-12','2023-12-16','Program security how land rise.',314),
(100,63,'2023-12-14','2023-12-21','No these morning girl still five mind.',80),
(101,20,'2023-09-09','2023-09-21','It free hear choose who include decision arm.',410),
(101,31,'2023-12-30','2024-01-01','Sit seven present particular risk.',198),
(112,66,'2023-06-04','2023-06-16','Experience share law.',358),
(114,3,'2023-11-07','2023-11-08','Avoid say energy kid buy.',429),
(114,27,'2023-11-14','2023-11-28','Lead yard rate occur air argue.',649),
(114,48,'2023-09-05','2023-09-18','Build night air hotel benefit trouble them.',507),
(119,32,'2023-11-29','2023-12-08','Station ok center market moment effect.',562),
(122,47,'2023-08-03','2023-08-10','Simply involve actually its.',372),
(123,21,'2023-07-19','2023-07-22','Network allow company large.',180),
(123,56,'2023-07-07','2023-07-16','Get agreement institution short interest peace.',686),
(125,6,'2023-08-02','2023-08-12','How ago soldier effect.',109),
(133,60,'2023-05-13','2023-05-25','Clear answer task send wish.',704),
(140,56,'2023-09-08','2023-09-17','Stand stand type section raise.',210),
(143,34,'2023-09-28','2023-10-02','Wife against finally always.',836),
(143,47,'2023-11-09','2023-11-12','Project check its wide television.',346),
(145,48,'2023-07-27','2023-08-04','Certainly challenge fact even.',779),
(145,68,'2023-11-22','2023-12-01','Trade treat man think wide.',843),
(147,25,'2023-11-26','2023-12-07','Police risk father cut fine hear lot pass.',413),
(147,26,'2023-06-06','2023-06-16','Recently buy none successful.',933),
(148,52,'2023-12-03','2023-12-05','Whether lay town road.',26),
(151,4,'2023-09-08','2023-09-22','Various eight student.',863),
(151,27,'2023-11-22','2023-12-03','This fight writer out.',97),
(153,25,'2023-05-21','2023-05-28','Member us watch tonight.',194),
(154,66,'2023-09-28','2023-10-04','Fine citizen evening now rate ever out.',150),
(155,20,'2023-08-26','2023-09-07','People him my throw.',208),
(158,36,'2023-08-13','2023-08-23','Society social movie necessary country help.',441),
(162,4,'2023-06-10','2023-06-17','Price account rather where seat.',559),
(162,48,'2023-08-19','2023-08-30','Body security group make several country like.',715),
(166,0,'2023-09-08','2023-09-15','Network floor laugh.',810),
(167,64,'2023-07-13','2023-07-26','Wear whom minute exist push.',734),
(168,21,'2023-07-16','2023-07-22','Whatever leg commercial specific.',192),
(168,41,'2023-12-18','2023-12-29','Color itself public quickly.',444),
(168,60,'2023-09-11','2023-09-19','Dark author idea eat play dark.',221),
(170,66,'2023-10-26','2023-11-04','Beat race only economic.',675),
(176,69,'2023-08-13','2023-08-18','Even person require memory since nor dream.',552),
(179,18,'2023-06-21','2023-06-23','Less example friend group.',149),
(179,65,'2023-07-18','2023-07-31','Law decision between pretty reach until step.',966),
(182,2,'2023-06-15','2023-06-16','Able read require north left special trade.',629),
(182,60,'2023-06-21','2023-07-03','Plan environmental total address clearly.',903),
(184,37,'2023-09-02','2023-09-13','Our but and during.',958),
(190,19,'2023-08-12','2023-08-16','Other sell best although sometimes born speak.',355),
(191,24,'2023-10-25','2023-10-28','Season offer sign condition industry.',716),
(193,36,'2023-07-14','2023-07-17','Consider long avoid later from specific.',233),
(195,66,'2023-09-20','2023-09-28','Walk at as city organization white charge expect.',15),
(198,34,'2023-05-31','2023-06-10','Upon on drug ability her page increase.',162),
(198,36,'2023-12-19','2023-12-22','Or about answer new direction full voice.',163),
(200,28,'2023-06-23','2023-06-25','Tax teach help amount fill.',11),
(212,10,'2023-08-24','2023-08-27','Provide set open answer coach.',543),
(212,19,'2023-06-28','2023-07-08','Long mind expect drug.',802),
(213,24,'2023-12-12','2023-12-26','Question need front put.',601),
(213,57,'2023-09-29','2023-10-01','Per foreign both field some than.',106),
(215,21,'2023-05-12','2023-05-15','Couple institution serve window hotel physical.',551),
(215,60,'2023-07-18','2023-07-29','Choose herself form part field.',501),
(219,21,'2023-10-30','2023-11-13','Republican study your reflect.',689),
(219,35,'2023-05-14','2023-05-27','Stay five north cover turn eat.',710),
(219,49,'2023-12-01','2023-12-02','Paper particular left land various.',622),
(221,34,'2023-12-24','2024-01-07','Baby feeling either add.',287),
(222,10,'2023-08-18','2023-08-27','Between reason green less.',200),
(222,37,'2023-09-24','2023-09-27','Million PM election relationship available force head.',557),
(222,57,'2023-10-31','2023-11-04','Shake mouth strong meeting bar total possible.',826),
(222,60,'2023-11-27','2023-12-01','Player place somebody player.',45),
(222,63,'2023-11-11','2023-11-12','Relate audience later rather measure.',588),
(223,1,'2023-06-30','2023-07-14','No less another me American speak break.',266),
(226,16,'2023-07-17','2023-07-21','Stop high sell trip wrong owner wall.',585),
(226,26,'2023-08-27','2023-08-29','Budget born blood sit individual election.',171),
(227,38,'2023-05-15','2023-05-26','Return father fund business.',247),
(228,9,'2023-10-30','2023-11-10','Top international produce serve toward something action.',581),
(230,12,'2023-12-27','2023-12-31','Guy system resource care serious eight money stand.',132),
(231,29,'2023-11-06','2023-11-19','Value between allow close.',741),
(232,60,'2023-05-26','2023-06-04','List market become outside box project site.',583),
(239,53,'2023-12-26','2024-01-05','Body management agreement contain movement everybody.',308),
(242,64,'2023-10-13','2023-10-19','Interesting increase then per produce wall.',272),
(247,0,'2023-09-28','2023-10-04','Wide beautiful alone challenge.',778),
(249,67,'2023-09-28','2023-10-11','Carry tell item gun Republican.',437),
(262,4,'2023-11-16','2023-11-25','Single money four rate contain year decision.',677),
(262,12,'2023-11-14','2023-11-28','Leg write drug.',663),
(262,67,'2023-07-12','2023-07-21','Prove east try property ten.',173),
(264,22,'2023-08-05','2023-08-07','Since simply great most campaign address must.',708),
(267,30,'2023-08-13','2023-08-22','Determine body that care can morning.',357),
(267,50,'2023-08-31','2023-09-12','Realize major together certainly hard.',503),
(269,1,'2023-11-15','2023-11-25','Size ready should difficult.',648),
(272,50,'2023-05-24','2023-05-31','By level reflect fast.',851),
(277,15,'2023-09-28','2023-10-06','Pretty fire threat.',946),
(279,39,'2023-06-27','2023-06-29','Dog threat rest hold.',745),
(279,46,'2023-06-02','2023-06-13','Do effort game represent home.',96),
(279,51,'2023-08-20','2023-08-29','Training response environmental bag particular.',738),
(281,18,'2023-05-28','2023-06-11','School view scientist west.',287),
(281,39,'2023-12-28','2024-01-10','Two without responsibility now traditional I.',173),
(281,44,'2023-10-04','2023-10-06','Now notice his wish.',865),
(283,19,'2023-09-14','2023-09-28','Deal thousand agree.',304),
(283,34,'2023-11-20','2023-11-29','Why mother data serious.',695),
(288,48,'2023-08-09','2023-08-10','Stop couple although effort nothing scientist black.',997),
(288,53,'2023-09-28','2023-10-11','Book popular know others.',830),
(300,47,'2023-12-07','2023-12-21','All focus stay.',102);
/*!40000 ALTER TABLE `detailrecords` ENABLE KEYS */;
UNLOCK TABLES;

--
-- Table structure for table `dokter`
--

DROP TABLE IF EXISTS `dokter`;
/*!40101 SET @saved_cs_client     = @@character_set_client */;
/*!40101 SET character_set_client = utf8 */;
CREATE TABLE `dokter` (
  `id` int(11) NOT NULL,
  `spesialisasi` varchar(255) NOT NULL,
  PRIMARY KEY (`id`),
  CONSTRAINT `dokter_ibfk_1` FOREIGN KEY (`id`) REFERENCES `lisensitenagamedis` (`id`)
) ENGINE=InnoDB DEFAULT CHARSET=utf8mb4 COLLATE=utf8mb4_general_ci;
/*!40101 SET character_set_client = @saved_cs_client */;

--
-- Dumping data for table `dokter`
--

LOCK TABLES `dokter` WRITE;
/*!40000 ALTER TABLE `dokter` DISABLE KEYS */;
INSERT INTO `dokter` VALUES
(1,'Ophthalmology'),
(5,'Oncology'),
(7,'Dermatology'),
(10,' Hematology'),
(18,'Infectious Disease'),
(19,'Oncology'),
(23,'Infectious Disease'),
(29,'Urology'),
(30,'Cardiology'),
(31,'Rheumatology'),
(36,'Pulmonology'),
(37,'Nephrology'),
(39,'Cardiology'),
(48,'Cardiology'),
(51,'Pulmonology'),
(52,' Hematology'),
(55,'Neurology'),
(58,'Dermatology'),
(60,'Dermatology'),
(61,'Cardiology'),
(63,'Cardiology'),
(66,'Neurology'),
(69,'Neurology'),
(71,'Dermatology'),
(73,'Endocrinology'),
(76,'Ophthalmology'),
(77,'Cardiology'),
(81,'Ophthalmology'),
(82,'Endocrinology'),
(85,'Gastroenterology'),
(87,'Orthopedics'),
(91,'Urology'),
(95,'Orthopedics'),
(96,'Neurology'),
(104,'Dermatology'),
(106,'Urology'),
(108,'Cardiology'),
(109,'Urology'),
(113,'Pulmonology'),
(115,'Oncology'),
(117,'Infectious Disease'),
(121,'Endocrinology'),
(127,'Pulmonology'),
(129,'Oncology'),
(130,'Gastroenterology'),
(131,'Neurology'),
(134,'Cardiology'),
(135,'Ophthalmology'),
(141,' Hematology'),
(142,'Gastroenterology'),
(144,'Nephrology'),
(149,'Cardiology'),
(150,'Rheumatology'),
(156,'Urology'),
(160,'Pulmonology'),
(164,' Hematology'),
(172,'Nephrology'),
(173,'Nephrology'),
(178,'Endocrinology'),
(180,'Cardiology'),
(183,'Dermatology'),
(187,'Gastroenterology'),
(189,'Cardiology'),
(202,'Cardiology'),
(206,'Nephrology'),
(207,'Infectious Disease'),
(210,'Gastroenterology'),
(211,'Urology'),
(214,'Orthopedics'),
(217,'Orthopedics'),
(224,'Cardiology'),
(233,'Dermatology'),
(236,' Hematology'),
(237,'Rheumatology'),
(238,'Oncology'),
(244,'Nephrology'),
(245,'Gastroenterology'),
(246,'Neurology'),
(248,'Neurology'),
(250,'Rheumatology'),
(253,'Infectious Disease'),
(254,'Gastroenterology'),
(255,'Rheumatology'),
(256,'Rheumatology'),
(259,'Neurology'),
(260,' Hematology'),
(261,'Dermatology'),
(265,'Rheumatology'),
(270,'Dermatology'),
(273,'Urology'),
(274,'Pulmonology'),
(275,'Rheumatology'),
(280,'Orthopedics'),
(282,'Urology'),
(284,'Urology'),
(285,'Pulmonology'),
(291,'Ophthalmology'),
(292,'Urology'),
(296,'Oncology'),
(298,'Endocrinology');
/*!40000 ALTER TABLE `dokter` ENABLE KEYS */;
UNLOCK TABLES;

--
-- Table structure for table `kabupatenprovinsi`
--

DROP TABLE IF EXISTS `kabupatenprovinsi`;
/*!40101 SET @saved_cs_client     = @@character_set_client */;
/*!40101 SET character_set_client = utf8 */;
CREATE TABLE `kabupatenprovinsi` (
  `kabupaten_kota` varchar(255) NOT NULL,
  `provinsi` varchar(255) NOT NULL,
  PRIMARY KEY (`kabupaten_kota`)
) ENGINE=InnoDB DEFAULT CHARSET=utf8mb4 COLLATE=utf8mb4_general_ci;
/*!40101 SET character_set_client = @saved_cs_client */;

--
-- Dumping data for table `kabupatenprovinsi`
--

LOCK TABLES `kabupatenprovinsi` WRITE;
/*!40000 ALTER TABLE `kabupatenprovinsi` DISABLE KEYS */;
INSERT INTO `kabupatenprovinsi` VALUES
('Cheyenneport','Connecticut'),
('Clarkburgh','Minnesota'),
('East Larryfort','Vermont'),
('East Nancy','Delaware'),
('Jeffport','North Dakota'),
('Katelynland','Arkansas'),
('Lake James','New York'),
('Lake Jennifer','Nevada'),
('Leeberg','Nevada'),
('Littleborough','Georgia'),
('Nunezside','Nebraska'),
('Port Chelsea','Texas'),
('South Tammy','Louisiana'),
('Thomasmouth','Wyoming'),
('West Bryan','Arkansas');
/*!40000 ALTER TABLE `kabupatenprovinsi` ENABLE KEYS */;
UNLOCK TABLES;

--
-- Table structure for table `kecamatankabupatenkota`
--

DROP TABLE IF EXISTS `kecamatankabupatenkota`;
/*!40101 SET @saved_cs_client     = @@character_set_client */;
/*!40101 SET character_set_client = utf8 */;
CREATE TABLE `kecamatankabupatenkota` (
  `kecamatan` varchar(255) NOT NULL,
  `kabupaten_kota` varchar(255) NOT NULL,
  PRIMARY KEY (`kecamatan`),
  KEY `kabupaten_kota` (`kabupaten_kota`),
  CONSTRAINT `kecamatankabupatenkota_ibfk_1` FOREIGN KEY (`kabupaten_kota`) REFERENCES `kabupatenprovinsi` (`kabupaten_kota`)
) ENGINE=InnoDB DEFAULT CHARSET=utf8mb4 COLLATE=utf8mb4_general_ci;
/*!40101 SET character_set_client = @saved_cs_client */;

--
-- Dumping data for table `kecamatankabupatenkota`
--

LOCK TABLES `kecamatankabupatenkota` WRITE;
/*!40000 ALTER TABLE `kecamatankabupatenkota` DISABLE KEYS */;
INSERT INTO `kecamatankabupatenkota` VALUES
('Abigailtown','Cheyenneport'),
('East Justin','Cheyenneport'),
('Johnsonland','Cheyenneport'),
('Stewartmouth','Cheyenneport'),
('Vegaville','Cheyenneport'),
('Cookchester','Clarkburgh'),
('East Benjamin','Clarkburgh'),
('Lake Graceview','Clarkburgh'),
('Lake Jasmine','Clarkburgh'),
('North Charles','Clarkburgh'),
('Sherriton','Clarkburgh'),
('South Kyle','Clarkburgh'),
('Tamiland','Clarkburgh'),
('Torresstad','Clarkburgh'),
('Ericahaven','East Larryfort'),
('Figueroaburgh','East Larryfort'),
('Jessicaville','East Larryfort'),
('Nicholasmouth','East Larryfort'),
('Ortizton','East Larryfort'),
('Port Jacqueline','East Larryfort'),
('West Ashleyport','East Larryfort'),
('West Rogermouth','East Larryfort'),
('Benjaminborough','East Nancy'),
('Bennettbury','East Nancy'),
('Lake Adamfort','East Nancy'),
('New Robert','East Nancy'),
('North Trevorberg','East Nancy'),
('Sarahmouth','East Nancy'),
('Angelastad','Jeffport'),
('Cannonmouth','Jeffport'),
('East Eduardo','Jeffport'),
('East Jamesshire','Jeffport'),
('Maldonadotown','Jeffport'),
('Port Waltermouth','Jeffport'),
('South Robertfort','Jeffport'),
('Woodsbury','Jeffport'),
('Jonesmouth','Katelynland'),
('Kingbury','Katelynland'),
('Moodyshire','Katelynland'),
('Port Shannon','Katelynland'),
('South Tyler','Katelynland'),
('Valerieburgh','Katelynland'),
('South Ryanfurt','Lake James'),
('New Tiffany','Lake Jennifer'),
('Port Aaronchester','Lake Jennifer'),
('Prestonburgh','Lake Jennifer'),
('Robertberg','Lake Jennifer'),
('Rosston','Lake Jennifer'),
('West Todd','Lake Jennifer'),
('Annport','Leeberg'),
('Jimmyfurt','Leeberg'),
('New Samuelberg','Leeberg'),
('Davidfurt','Littleborough'),
('East Anthony','Littleborough'),
('New Lisa','Littleborough'),
('Jenniferside','Nunezside'),
('New Susan','Nunezside'),
('Stokesshire','Nunezside'),
('Fitzpatrickview','Port Chelsea'),
('Joelbury','Port Chelsea'),
('Lake Audreychester','Port Chelsea'),
('Lesterville','Port Chelsea'),
('North Lindsaymouth','Port Chelsea'),
('Stevensview','Port Chelsea'),
('West Fernandoborough','Port Chelsea'),
('Annshire','South Tammy'),
('North Jonathanchester','South Tammy'),
('Port Scottberg','South Tammy'),
('South William','South Tammy'),
('Evansfurt','Thomasmouth'),
('Port Dennis','Thomasmouth'),
('West Richardshire','Thomasmouth'),
('North Douglasshire','West Bryan'),
('Port Stephaniehaven','West Bryan'),
('Smithhaven','West Bryan');
/*!40000 ALTER TABLE `kecamatankabupatenkota` ENABLE KEYS */;
UNLOCK TABLES;

--
-- Table structure for table `kelaskapasitaskamar`
--

DROP TABLE IF EXISTS `kelaskapasitaskamar`;
/*!40101 SET @saved_cs_client     = @@character_set_client */;
/*!40101 SET character_set_client = utf8 */;
CREATE TABLE `kelaskapasitaskamar` (
  `nomor` int(11) NOT NULL,
  `lantai` int(11) NOT NULL,
  `kelas` varchar(10) NOT NULL,
  `kapasitas` int(11) NOT NULL,
  PRIMARY KEY (`nomor`,`lantai`)
) ENGINE=InnoDB DEFAULT CHARSET=utf8mb4 COLLATE=utf8mb4_general_ci;
/*!40101 SET character_set_client = @saved_cs_client */;

--
-- Dumping data for table `kelaskapasitaskamar`
--

LOCK TABLES `kelaskapasitaskamar` WRITE;
/*!40000 ALTER TABLE `kelaskapasitaskamar` DISABLE KEYS */;
INSERT INTO `kelaskapasitaskamar` VALUES
(1,3,'A',3),
(2,4,'B',2),
(3,2,'C',2),
(4,2,'C',3),
(5,5,'A',4),
(6,4,'A',4),
(7,5,'A',2),
(8,5,'A',4),
(9,1,'A',4),
(10,2,'B',2),
(11,3,'B',4),
(12,2,'A',2),
(13,1,'B',2),
(14,2,'B',3),
(15,1,'C',3),
(16,1,'C',3),
(17,3,'A',3),
(18,3,'C',3),
(19,4,'A',4),
(20,1,'A',4),
(21,4,'C',2),
(22,3,'A',2),
(23,1,'A',4),
(24,3,'A',4),
(25,1,'C',3),
(26,3,'B',2),
(27,2,'A',3),
(28,2,'B',4),
(29,4,'C',3),
(30,2,'C',2),
(31,2,'C',2),
(32,1,'B',4),
(33,2,'A',4),
(34,2,'A',2),
(35,5,'B',4),
(36,1,'C',3),
(37,3,'B',2),
(38,1,'A',3),
(39,2,'A',2),
(40,4,'B',2),
(41,3,'C',4),
(42,2,'A',2),
(43,5,'A',3),
(44,5,'A',4),
(45,5,'A',4),
(46,1,'B',4),
(47,3,'C',3),
(48,5,'B',4),
(49,4,'B',3),
(50,5,'B',4);
/*!40000 ALTER TABLE `kelaskapasitaskamar` ENABLE KEYS */;
UNLOCK TABLES;

--
-- Table structure for table `kepaladepartemen`
--

DROP TABLE IF EXISTS `kepaladepartemen`;
/*!40101 SET @saved_cs_client     = @@character_set_client */;
/*!40101 SET character_set_client = utf8 */;
CREATE TABLE `kepaladepartemen` (
  `nama_departemen` varchar(255) NOT NULL,
  `kepala_departemen` varchar(255) NOT NULL,
  PRIMARY KEY (`nama_departemen`)
) ENGINE=InnoDB DEFAULT CHARSET=utf8mb4 COLLATE=utf8mb4_general_ci;
/*!40101 SET character_set_client = @saved_cs_client */;

--
-- Dumping data for table `kepaladepartemen`
--

LOCK TABLES `kepaladepartemen` WRITE;
/*!40000 ALTER TABLE `kepaladepartemen` DISABLE KEYS */;
INSERT INTO `kepaladepartemen` VALUES
('Anestesiologi','Justin Garrett'),
('Bedah','Lucas Cardenas'),
('Bedah Saraf','Ryan Foster'),
('Dermatologi','Sarah Berry'),
('Farmakologi Klinik','Courtney Donaldson'),
('Forensik dan Medikolegal','Justin Tucker'),
('Ilmu Gizi Klinik','Samantha Wilson'),
('Kebidanan dan Kandungan','Anne Farmer'),
('Kesehatan Anak','Christopher Turner'),
('Kesehatan Jiwa','Johnathan Wright'),
('Medik Gigi dan Mulut','Olivia Adams'),
('Mikrobiologi Klinik','Jessica Vincent'),
('Orthopedi dan Traumatologi','Megan Allen'),
('Patologi Klinik','Justin Conner'),
('Penyakit Dalam','Michael Cowan'),
('Penyakit Saraf','Maria Frederick'),
('THT','Mario Jones'),
('Urologi','Mrs. Kerry Harris');
/*!40000 ALTER TABLE `kepaladepartemen` ENABLE KEYS */;
UNLOCK TABLES;

--
-- Table structure for table `klaimasuransi`
--

DROP TABLE IF EXISTS `klaimasuransi`;
/*!40101 SET @saved_cs_client     = @@character_set_client */;
/*!40101 SET character_set_client = utf8 */;
CREATE TABLE `klaimasuransi` (
  `id` int(11) NOT NULL AUTO_INCREMENT,
  `tanggalKlaim` date NOT NULL,
  `status` varchar(255) NOT NULL,
  `id_perusahaan` int(11) NOT NULL,
  `id_medical_records` int(11) NOT NULL,
  PRIMARY KEY (`id`),
  KEY `id_perusahaan` (`id_perusahaan`),
  KEY `id_medical_records` (`id_medical_records`),
  CONSTRAINT `klaimasuransi_ibfk_1` FOREIGN KEY (`id_perusahaan`) REFERENCES `perusahaanasuransi` (`id`),
  CONSTRAINT `klaimasuransi_ibfk_2` FOREIGN KEY (`id_medical_records`) REFERENCES `medicalrecord` (`id`)
) ENGINE=InnoDB AUTO_INCREMENT=101 DEFAULT CHARSET=utf8mb4 COLLATE=utf8mb4_general_ci;
/*!40101 SET character_set_client = @saved_cs_client */;

--
-- Dumping data for table `klaimasuransi`
--

LOCK TABLES `klaimasuransi` WRITE;
/*!40000 ALTER TABLE `klaimasuransi` DISABLE KEYS */;
INSERT INTO `klaimasuransi` VALUES
(1,'2022-09-30','Diterima',5,123),
(2,'2023-01-17','Diterima',5,106),
(3,'2022-06-21','Ditolak',6,229),
(4,'2022-08-06','Ditolak',7,206),
(5,'2023-03-12','Diterima',1,211),
(6,'2022-05-03','Ditolak',8,157),
(7,'2022-09-26','Diterima',5,247),
(8,'2022-09-01','Diterima',4,230),
(9,'2022-07-31','Ditolak',9,130),
(10,'2022-11-19','Ditolak',10,104),
(11,'2023-02-20','Diterima',1,187),
(12,'2023-03-11','Ditolak',2,172),
(13,'2022-05-29','Ditolak',10,248),
(14,'2023-02-01','Diterima',2,238),
(15,'2022-05-18','Diterima',9,129),
(16,'2023-02-28','Diterima',7,249),
(17,'2023-02-14','Diterima',3,147),
(18,'2022-08-16','Diterima',6,127),
(19,'2022-07-28','Diterima',10,223),
(20,'2022-08-31','Diterima',5,101),
(21,'2023-03-19','Diterima',10,215),
(22,'2022-10-17','Diterima',5,244),
(23,'2022-10-12','Diterima',1,154),
(24,'2023-01-16','Diterima',4,181),
(25,'2022-05-11','Ditolak',9,169),
(26,'2023-04-23','Ditolak',3,141),
(27,'2022-09-29','Ditolak',3,232),
(28,'2022-10-19','Diterima',4,150),
(29,'2022-07-31','Ditolak',10,136),
(30,'2022-08-11','Ditolak',5,227),
(31,'2023-03-09','Diterima',3,214),
(32,'2022-09-16','Diterima',3,155),
(33,'2022-05-02','Ditolak',9,113),
(34,'2023-03-12','Ditolak',3,220),
(35,'2022-08-30','Diterima',10,122),
(36,'2022-12-20','Ditolak',7,135),
(37,'2023-01-16','Ditolak',10,216),
(38,'2022-12-18','Diterima',2,170),
(39,'2022-09-05','Diterima',1,250),
(40,'2022-05-28','Diterima',4,158),
(41,'2022-06-08','Ditolak',3,185),
(42,'2022-10-19','Diterima',9,199),
(43,'2023-03-27','Ditolak',5,156),
(44,'2022-12-16','Ditolak',9,152),
(45,'2022-08-16','Ditolak',6,186),
(46,'2022-10-18','Diterima',7,224),
(47,'2022-07-18','Diterima',10,174),
(48,'2023-02-14','Ditolak',4,173),
(49,'2023-02-22','Ditolak',2,219),
(50,'2023-01-11','Diterima',6,120),
(51,'2022-09-22','Ditolak',3,131),
(52,'2023-02-19','Diterima',2,167),
(53,'2023-03-09','Diterima',9,142),
(54,'2022-09-13','Ditolak',4,119),
(55,'2022-10-23','Ditolak',10,117),
(56,'2022-08-30','Diterima',6,194),
(57,'2022-05-15','Ditolak',3,240),
(58,'2023-01-14','Ditolak',8,196),
(59,'2023-03-31','Ditolak',8,226),
(60,'2022-12-17','Ditolak',10,212),
(61,'2023-04-26','Diterima',2,134),
(62,'2023-01-14','Ditolak',5,132),
(63,'2022-06-18','Diterima',6,233),
(64,'2023-02-14','Diterima',2,139),
(65,'2023-02-03','Ditolak',5,209),
(66,'2022-12-21','Ditolak',6,189),
(67,'2023-03-23','Ditolak',10,192),
(68,'2022-08-08','Ditolak',6,112),
(69,'2022-07-15','Diterima',7,222),
(70,'2022-11-02','Diterima',7,193),
(71,'2022-06-26','Diterima',2,148),
(72,'2023-01-16','Diterima',6,159),
(73,'2023-01-14','Diterima',10,143),
(74,'2022-11-24','Diterima',4,126),
(75,'2023-04-06','Diterima',7,235),
(76,'2022-06-27','Ditolak',1,243),
(77,'2022-05-05','Diterima',1,225),
(78,'2023-04-18','Ditolak',6,210),
(79,'2022-07-26','Ditolak',3,138),
(80,'2023-01-22','Diterima',3,171),
(81,'2022-09-05','Ditolak',7,180),
(82,'2022-08-07','Diterima',2,241),
(83,'2022-10-10','Ditolak',8,118),
(84,'2022-07-11','Ditolak',7,160),
(85,'2022-09-05','Ditolak',2,109),
(86,'2023-02-16','Diterima',1,103),
(87,'2022-12-10','Diterima',10,184),
(88,'2022-12-08','Ditolak',3,208),
(89,'2022-08-29','Ditolak',9,175),
(90,'2022-08-12','Diterima',7,115),
(91,'2022-06-30','Diterima',10,176),
(92,'2023-01-10','Diterima',9,145),
(93,'2022-10-20','Ditolak',8,218),
(94,'2022-08-25','Ditolak',2,188),
(95,'2023-01-28','Ditolak',2,140),
(96,'2022-08-24','Ditolak',3,128),
(97,'2023-02-08','Ditolak',7,124),
(98,'2022-06-03','Ditolak',1,207),
(99,'2023-03-26','Diterima',6,153),
(100,'2022-10-21','Ditolak',10,195);
/*!40000 ALTER TABLE `klaimasuransi` ENABLE KEYS */;
UNLOCK TABLES;

--
-- Table structure for table `kontakdarurat`
--

DROP TABLE IF EXISTS `kontakdarurat`;
/*!40101 SET @saved_cs_client     = @@character_set_client */;
/*!40101 SET character_set_client = utf8 */;
CREATE TABLE `kontakdarurat` (
  `id` int(11) NOT NULL AUTO_INCREMENT,
  `nomor` varchar(100) NOT NULL,
  `nama` varchar(255) NOT NULL,
  PRIMARY KEY (`id`,`nomor`,`nama`),
  CONSTRAINT `kontakdarurat_ibfk_1` FOREIGN KEY (`id`) REFERENCES `pasien` (`id`)
) ENGINE=InnoDB AUTO_INCREMENT=301 DEFAULT CHARSET=utf8mb4 COLLATE=utf8mb4_general_ci;
/*!40101 SET character_set_client = @saved_cs_client */;

--
-- Dumping data for table `kontakdarurat`
--

LOCK TABLES `kontakdarurat` WRITE;
/*!40000 ALTER TABLE `kontakdarurat` DISABLE KEYS */;
INSERT INTO `kontakdarurat` VALUES
(6,'+1-964-377-5066x8988','Mr. Phillip Fernandez DVM'),
(9,'129.013.5133','Amy Douglas'),
(11,'043-847-2389x28791','Ashley Santos'),
(13,'+1-011-152-8022','Steven Perkins'),
(14,'001-246-177-9718x195','Cheryl Smith'),
(15,'001-765-626-6349x13883','Nicole White'),
(16,'279-270-1467','Wesley Baker PhD'),
(17,'+1-964-254-4453','Oscar Hall'),
(25,'(489)466-0214','Patrick Perez'),
(26,'(738)595-7926x742','Tina Hoffman'),
(27,'152.621.9925x054','Michael Meza'),
(28,'356-694-8138x1756','Joseph Leon'),
(32,'(864)104-8185x908','Angela Mckay'),
(35,'001-046-698-6978','John Wilson'),
(38,'098-129-0990x13211','Robert Townsend'),
(40,'578.284.7466x15175','Jessica Edwards'),
(45,'802-717-9827x5887','Mark Chan'),
(46,'(539)905-2192x62991','Terry Perez'),
(47,'(382)456-9501','Paula Wall'),
(49,'064-404-5962x819','Lisa Aguirre'),
(50,'(598)371-9802','Daniel Barker'),
(53,'132-442-7652x105','Shawn Thompson'),
(54,'(175)958-3658x381','Kelsey Norris'),
(56,'572.344.3923x869','Kelly Moyer'),
(57,'727.038.8886','Randy Dean'),
(62,'001-179-201-3648x673','Bradley Armstrong'),
(64,'158-505-9865','Mark Roth'),
(65,'(129)077-4867x672','Pamela Smith'),
(67,'(585)007-9366x14829','Charles Taylor'),
(72,'078-078-6174','Joseph Ellis'),
(79,'+1-622-536-3991','Megan Flores'),
(80,'(231)610-2071','Brandon Young'),
(83,'0302011986','Albert Best'),
(84,'219-912-1606','Michael Snow'),
(86,'368.188.9473x30486','James Lara'),
(88,'(981)895-4343','Destiny Garner'),
(90,'801-500-0581x56955','Angela Garcia'),
(94,'291-796-5816x66322','Brittney Shaw'),
(100,'664-892-1768x5735','Johnathan Arias'),
(101,'+1-221-342-0560','Frances Parker'),
(112,'001-109-818-3792x554','Ian Garcia'),
(114,'138-881-7563x0477','Jacqueline Thomas'),
(119,'(022)128-3505x39993','Lauren Nguyen'),
(122,'(574)110-1605x806','Glenn Burns'),
(123,'(729)574-9184','Daniel Norris'),
(125,'001-242-372-9173x7780','Andrea Brown'),
(133,'459.094.3099','Steven Meyers'),
(140,'+1-656-437-3006x21103','Benjamin Graves'),
(143,'+1-400-530-0547','Geoffrey Green'),
(145,'839.639.2326','Diana Lang'),
(147,'+1-420-071-1768x48546','Brandon Wright'),
(148,'+1-054-617-1775x77291','Juan Cisneros'),
(151,'(780)164-3199x303','Rachel Jones DVM'),
(153,'+1-294-020-8042x80763','Travis Rodriguez'),
(154,'(021)737-1748x101','Jasmine Tran'),
(155,'435.795.0672x620','Timothy Reyes'),
(158,'512.604.5172x3387','Brian Miller'),
(162,'362.868.8942','Laurie Torres'),
(166,'(713)872-9432','Matthew Kelley'),
(167,'(907)115-3264x233','Edwin Green'),
(168,'(203)598-6522x7235','Roger Maldonado'),
(170,'(047)203-0771','Timothy Smith'),
(176,'(936)402-9126x41719','Regina Velasquez'),
(179,'001-400-253-1121','Cathy Norris'),
(182,'4234354640','Rachel Shaw'),
(184,'+1-083-940-3079x193','Jennifer Hawkins'),
(190,'(247)699-9129x3920','Brittany Hansen'),
(191,'(263)666-7411x61427','Gloria Marshall'),
(193,'+1-530-478-1556','Jeffery Vasquez'),
(195,'001-666-873-9401x740','Crystal Oliver'),
(198,'001.765.9214x0178','James Campbell'),
(200,'4205688355','Terry Baxter'),
(212,'+1-080-216-5339x18344','Nathan Clark'),
(213,'001-652-848-0033x84002','Barbara Dennis'),
(215,'310-589-1255x9040','Lisa Hobbs'),
(219,'825.671.0585x760','Amanda Gonzalez'),
(221,'001-712-328-0104x3344','Mr. Christopher Shelton'),
(222,'(605)204-4409x17313','George Cunningham'),
(223,'(558)259-1854x92683','Jared Anderson'),
(226,'+1-291-560-1858x484','Karen Hamilton'),
(227,'+1-394-216-1661x35809','Michelle Greene'),
(228,'+1-140-995-2745x77557','Shannon Garcia'),
(230,'001-409-676-6942x022','Kimberly Harris'),
(231,'001-740-634-9180x498','Scott Anderson'),
(232,'(020)621-3920','Samuel Mays'),
(239,'(833)653-5767','Kimberly Anderson'),
(242,'758-177-1632x1073','Kathryn Davis DVM'),
(247,'001-231-639-6853x808','Mary Solis'),
(249,'923.988.7397','Mary Greer'),
(262,'(284)598-1992','David Ferguson'),
(264,'+1-560-721-1997x0297','Elizabeth Boone'),
(267,'+1-298-021-4262x4029','David Chapman'),
(269,'(635)802-5578x25235','Michelle Cannon DVM'),
(272,'319.887.0218','Brandon Walker'),
(277,'357-500-7668','Maria Kelley'),
(279,'(182)967-9266x642','Brian Briggs'),
(281,'456-208-9851x42640','Sarah Hayes'),
(283,'8857973527','Bryce Bird'),
(288,'651-635-6810','Anthony Gibbs'),
(300,'530-091-5131','Courtney Jensen');
/*!40000 ALTER TABLE `kontakdarurat` ENABLE KEYS */;
UNLOCK TABLES;

--
-- Table structure for table `lisensitenagamedis`
--

DROP TABLE IF EXISTS `lisensitenagamedis`;
/*!40101 SET @saved_cs_client     = @@character_set_client */;
/*!40101 SET character_set_client = utf8 */;
CREATE TABLE `lisensitenagamedis` (
  `id` int(11) NOT NULL AUTO_INCREMENT,
  `nomor_lisensi` varchar(25) NOT NULL,
  PRIMARY KEY (`id`),
  UNIQUE KEY `nomor_lisensi` (`nomor_lisensi`),
  CONSTRAINT `lisensitenagamedis_ibfk_1` FOREIGN KEY (`id`) REFERENCES `orang` (`id`)
) ENGINE=InnoDB AUTO_INCREMENT=300 DEFAULT CHARSET=utf8mb4 COLLATE=utf8mb4_general_ci;
/*!40101 SET character_set_client = @saved_cs_client */;

--
-- Dumping data for table `lisensitenagamedis`
--

LOCK TABLES `lisensitenagamedis` WRITE;
/*!40000 ALTER TABLE `lisensitenagamedis` DISABLE KEYS */;
INSERT INTO `lisensitenagamedis` VALUES
(274,'101'),
(205,'102'),
(34,'103'),
(246,'104'),
(42,'105'),
(254,'106'),
(256,'107'),
(250,'108'),
(137,'109'),
(107,'110'),
(138,'111'),
(131,'112'),
(30,'113'),
(224,'114'),
(116,'115'),
(60,'116'),
(164,'117'),
(169,'118'),
(296,'119'),
(36,'120'),
(282,'121'),
(208,'122'),
(149,'123'),
(135,'124'),
(173,'125'),
(139,'126'),
(52,'127'),
(265,'128'),
(23,'129'),
(130,'130'),
(108,'131'),
(174,'132'),
(255,'133'),
(204,'134'),
(69,'135'),
(37,'136'),
(199,'137'),
(95,'138'),
(234,'139'),
(189,'140'),
(206,'141'),
(92,'142'),
(218,'143'),
(71,'144'),
(61,'145'),
(278,'146'),
(177,'147'),
(156,'148'),
(163,'149'),
(66,'150'),
(157,'151'),
(175,'152'),
(245,'153'),
(214,'154'),
(194,'155'),
(102,'156'),
(124,'157'),
(276,'158'),
(289,'159'),
(1,'160'),
(78,'161'),
(229,'162'),
(103,'163'),
(270,'164'),
(29,'165'),
(238,'166'),
(284,'167'),
(240,'168'),
(20,'169'),
(187,'170'),
(244,'171'),
(76,'172'),
(251,'173'),
(286,'174'),
(210,'175'),
(209,'176'),
(121,'177'),
(136,'178'),
(225,'179'),
(280,'180'),
(165,'181'),
(105,'182'),
(113,'183'),
(235,'184'),
(22,'185'),
(192,'186'),
(106,'187'),
(290,'188'),
(202,'189'),
(132,'190'),
(186,'191'),
(258,'192'),
(43,'193'),
(295,'194'),
(236,'195'),
(172,'196'),
(253,'197'),
(146,'198'),
(266,'199'),
(297,'200'),
(178,'201'),
(161,'202'),
(171,'203'),
(51,'204'),
(237,'205'),
(89,'206'),
(292,'207'),
(2,'208'),
(77,'209'),
(33,'210'),
(128,'211'),
(18,'212'),
(271,'213'),
(63,'214'),
(293,'215'),
(120,'216'),
(59,'217'),
(188,'218'),
(243,'219'),
(10,'220'),
(294,'221'),
(183,'222'),
(152,'223'),
(197,'224'),
(287,'225'),
(160,'226'),
(233,'227'),
(257,'228'),
(24,'229'),
(159,'230'),
(70,'231'),
(134,'232'),
(74,'233'),
(44,'234'),
(298,'235'),
(110,'236'),
(263,'237'),
(55,'238'),
(142,'239'),
(291,'240'),
(211,'241'),
(73,'242'),
(98,'243'),
(75,'244'),
(285,'245'),
(41,'246'),
(39,'247'),
(201,'248'),
(196,'249'),
(8,'250'),
(207,'251'),
(87,'252'),
(144,'253'),
(252,'254'),
(126,'255'),
(220,'256'),
(85,'257'),
(260,'258'),
(217,'259'),
(97,'260'),
(117,'261'),
(12,'262'),
(31,'263'),
(68,'264'),
(273,'265'),
(109,'266'),
(5,'267'),
(21,'268'),
(129,'269'),
(93,'270'),
(299,'271'),
(203,'272'),
(181,'273'),
(58,'274'),
(216,'275'),
(82,'276'),
(268,'277'),
(81,'278'),
(275,'279'),
(96,'280'),
(150,'281'),
(7,'282'),
(99,'283'),
(261,'284'),
(111,'285'),
(185,'286'),
(180,'287'),
(104,'288'),
(127,'289'),
(118,'290'),
(3,'291'),
(19,'292'),
(48,'293'),
(141,'294'),
(259,'295'),
(248,'296'),
(241,'297'),
(115,'298'),
(4,'299'),
(91,'300');
/*!40000 ALTER TABLE `lisensitenagamedis` ENABLE KEYS */;
UNLOCK TABLES;

--
-- Table structure for table `medicalrecord`
--

DROP TABLE IF EXISTS `medicalrecord`;
/*!40101 SET @saved_cs_client     = @@character_set_client */;
/*!40101 SET character_set_client = utf8 */;
CREATE TABLE `medicalrecord` (
  `id` int(11) NOT NULL AUTO_INCREMENT,
  `id_pasien` int(11) NOT NULL,
  `id_kerja_sama` int(11) NOT NULL,
  PRIMARY KEY (`id`),
  KEY `id_pasien` (`id_pasien`),
  KEY `id_kerja_sama` (`id_kerja_sama`),
  CONSTRAINT `medicalrecord_ibfk_1` FOREIGN KEY (`id_pasien`) REFERENCES `pasien` (`id`),
  CONSTRAINT `medicalrecord_ibfk_2` FOREIGN KEY (`id_kerja_sama`) REFERENCES `satuantugas` (`id_kerja_sama`)
) ENGINE=InnoDB AUTO_INCREMENT=251 DEFAULT CHARSET=utf8mb4 COLLATE=utf8mb4_general_ci;
/*!40101 SET character_set_client = @saved_cs_client */;

--
-- Dumping data for table `medicalrecord`
--

LOCK TABLES `medicalrecord` WRITE;
/*!40000 ALTER TABLE `medicalrecord` DISABLE KEYS */;
INSERT INTO `medicalrecord` VALUES
(101,6,49),
(102,9,53),
(103,11,4),
(104,13,27),
(105,14,47),
(106,15,33),
(107,16,55),
(108,17,29),
(109,25,25),
(110,26,63),
(111,27,48),
(112,28,25),
(113,32,0),
(114,35,51),
(115,38,18),
(116,40,25),
(117,45,25),
(118,46,3),
(119,47,66),
(120,49,40),
(121,50,32),
(122,53,38),
(123,54,47),
(124,56,10),
(125,57,31),
(126,62,43),
(127,64,60),
(128,65,17),
(129,67,14),
(130,72,41),
(131,79,51),
(132,80,3),
(133,83,49),
(134,84,0),
(135,86,22),
(136,88,4),
(137,90,56),
(138,94,53),
(139,100,63),
(140,101,20),
(141,112,66),
(142,114,48),
(143,119,32),
(144,122,47),
(145,123,56),
(146,125,6),
(147,133,60),
(148,140,56),
(149,143,34),
(150,145,68),
(151,147,25),
(152,148,52),
(153,151,27),
(154,153,25),
(155,154,66),
(156,155,20),
(157,158,36),
(158,162,4),
(159,166,0),
(160,167,64),
(161,168,60),
(162,170,66),
(163,176,69),
(164,179,18),
(165,182,60),
(166,184,37),
(167,190,19),
(168,191,24),
(169,193,36),
(170,195,66),
(171,198,36),
(172,200,28),
(173,212,19),
(174,213,24),
(175,215,60),
(176,219,21),
(177,221,34),
(178,222,37),
(179,223,1),
(180,226,16),
(181,227,38),
(182,228,9),
(183,230,12),
(184,231,29),
(185,232,60),
(186,239,53),
(187,242,64),
(188,247,0),
(189,249,67),
(190,262,67),
(191,264,22),
(192,267,30),
(193,269,1),
(194,272,50),
(195,277,15),
(196,279,51),
(197,281,44),
(198,283,34),
(199,288,53),
(200,300,47),
(201,64,33),
(202,17,52),
(203,279,46),
(204,182,2),
(205,215,21),
(206,213,57),
(207,219,49),
(208,198,34),
(209,143,47),
(210,40,22),
(211,72,63),
(212,212,10),
(213,179,65),
(214,145,48),
(215,288,48),
(216,168,41),
(217,114,27),
(218,226,26),
(219,222,10),
(220,162,48),
(221,25,68),
(222,219,35),
(223,222,57),
(224,6,66),
(225,83,32),
(226,32,21),
(227,123,21),
(228,222,60),
(229,168,21),
(230,279,39),
(231,147,26),
(232,83,25),
(233,267,50),
(234,27,64),
(235,50,36),
(236,38,9),
(237,45,19),
(238,283,19),
(239,281,18),
(240,281,39),
(241,57,6),
(242,72,9),
(243,16,15),
(244,67,26),
(245,222,63),
(246,262,12),
(247,114,3),
(248,151,4),
(249,262,4),
(250,101,31);
/*!40000 ALTER TABLE `medicalrecord` ENABLE KEYS */;
UNLOCK TABLES;

--
-- Table structure for table `orang`
--

DROP TABLE IF EXISTS `orang`;
/*!40101 SET @saved_cs_client     = @@character_set_client */;
/*!40101 SET character_set_client = utf8 */;
CREATE TABLE `orang` (
  `id` int(11) NOT NULL AUTO_INCREMENT,
  `nama_depan` varchar(255) NOT NULL,
  `nama_belakang` varchar(255) NOT NULL,
  `tanggal_lahir` date NOT NULL,
  `jenis_kelamin` varchar(255) NOT NULL,
  `nomor_telepon` varchar(100) NOT NULL,
  `jalan` varchar(255) NOT NULL,
  `desa_kelurahan` varchar(255) NOT NULL,
  `email` varchar(255) NOT NULL,
  PRIMARY KEY (`id`),
  KEY `desa_kelurahan` (`desa_kelurahan`),
  CONSTRAINT `orang_ibfk_1` FOREIGN KEY (`desa_kelurahan`) REFERENCES `desakecamatan` (`desa_kelurahan`)
) ENGINE=InnoDB AUTO_INCREMENT=301 DEFAULT CHARSET=utf8mb4 COLLATE=utf8mb4_general_ci;
/*!40101 SET character_set_client = @saved_cs_client */;

--
-- Dumping data for table `orang`
--

LOCK TABLES `orang` WRITE;
/*!40000 ALTER TABLE `orang` DISABLE KEYS */;
INSERT INTO `orang` VALUES
(1,'Robin Lozano','Connor Smith','1973-09-19','laki-laki','083027537039','838 Desiree Crest','Jillstad','phillipcraig@example.org'),
(2,'David Cruz','Veronica Olsen','2016-03-05','laki-laki','087496157844','0636 Jared Points','North Dylan','david18@example.org'),
(3,'Shawn Navarro','Michael Skinner','1984-11-10','laki-laki','084683164079','77331 Thompson Wall','North Samantha','qgilmore@example.com'),
(4,'Kathryn Young','Kenneth Gilbert','2019-08-27','perempuan','089176365414','1939 Tiffany Via Apt. 825','New Paulton','olynch@example.net'),
(5,'Sarah Johnson','Stephen Saunders','1970-08-12','laki-laki','084666389016','22452 Reyes Gateway','Mariochester','ymoore@example.net'),
(6,'Stacey Scott','Tiffany Olson','1978-04-21','perempuan','087308393633','471 Rebecca Corner','Lake Jason','psmith@example.com'),
(7,'Jermaine Torres','Troy Carroll','1999-02-22','laki-laki','084114437005','17893 Morgan Rapid Apt. 026','Khanmouth','whitejennifer@example.com'),
(8,'Victor Gomez','Amy Mccormick','1979-05-12','perempuan','088386382841','5832 Brown Extension Suite 017','Lake Lindaville','brianna66@example.com'),
(9,'Albert Thomas','Allison Hicks','2005-01-12','laki-laki','086553568924','96761 Kyle Lake','North Christopher','summercrawford@example.com'),
(10,'Christian Bean','Douglas Brown','2005-12-10','perempuan','088388174571','9869 Crystal Pine','Port Jerry','angela07@example.com'),
(11,'Dr. Edward Gonzales MD','Joanna Miller','1984-01-01','perempuan','080970013255','6660 Shepherd Lock Apt. 777','Kevinhaven','daviserik@example.org'),
(12,'William Rogers','Melissa Roach','1971-05-30','perempuan','085748020872','892 Jesse Cliff','North Robin','bsandoval@example.com'),
(13,'Alice Horne','Janice Skinner','2008-12-03','laki-laki','081689357651','3898 Craig Shoals Apt. 988','Garrettfort','debbiemacdonald@example.net'),
(14,'Mark Nunez','Stephen Davis','1982-01-28','laki-laki','089823335424','3658 Ward Shoal Suite 398','Port Kimberlyton','sarah26@example.com'),
(15,'Tiffany Barker','Kaitlyn Brown','1992-03-10','laki-laki','084079419014','992 Obrien Branch Suite 101','Parksmouth','umacias@example.org'),
(16,'Maureen Larsen','Jasmine Williams','1990-03-25','laki-laki','082354308487','8012 Marquez Ports Suite 568','Zimmermanmouth','robert59@example.com'),
(17,'Ruth Williams','Ms. Monica Adkins','2021-03-30','laki-laki','081680276739','5983 Perez Skyway Suite 970','Port Karen','jennifer63@example.net'),
(18,'Nancy Goodwin','Adrian Valencia','1995-06-13','perempuan','080459953104','7405 Joanna Circles','South Mariaberg','thomas45@example.com'),
(19,'Derek Clark','Valerie Moore','1992-01-11','perempuan','089505888042','1518 Emily Oval Apt. 249','Jessicastad','matthewsanna@example.com'),
(20,'Andrew Hernandez','Hannah Williams','1972-05-01','perempuan','087327469023','67886 Leslie Ville Suite 609','East John','justinthompson@example.com'),
(21,'John Rogers','Diana Vargas','2022-10-07','laki-laki','084316955443','125 Gray Rapid','West Lukehaven','fbraun@example.org'),
(22,'Dana Martinez','John Reynolds','1989-08-03','laki-laki','082263331553','349 Curtis Common','Jillstad','derek60@example.org'),
(23,'Brian Robinson','Julia Rosario','2022-01-08','laki-laki','089653663673','757 Theresa Ford Apt. 627','Sallystad','carterryan@example.com'),
(24,'Carlos Sandoval','Robert Collins','1989-12-23','laki-laki','083546618031','31627 Christensen Bridge Suite 418','Diazfort','ccross@example.org'),
(25,'Richard Moore','John Rivas','2007-10-30','laki-laki','082562354144','83755 Morgan Ferry','Rothtown','dawsonvalerie@example.org'),
(26,'David Terrell','Patricia Hensley','2017-06-23','perempuan','080305848424','1948 Oscar Shores','West Lukehaven','stephanieroberts@example.org'),
(27,'Michael Barr','Tasha Robles','1974-10-09','perempuan','080729437340','15054 Riley Forest','North Samantha','julie33@example.org'),
(28,'Kaitlyn Evans','Ashley Allen','1972-08-19','laki-laki','088106747988','0344 Allen Green Suite 872','Rothtown','samuel76@example.com'),
(29,'Andrew Murillo','Keith Johnson','1981-03-02','laki-laki','088967482557','633 George Oval','Lake Reginahaven','dana41@example.net'),
(30,'Nicole Logan','Mary Norton','2016-11-17','perempuan','082735708591','301 Jackson Dam','Theodorefort','kleinstacey@example.net'),
(31,'Kimberly Garner','Kimberly Shepard','2014-12-14','laki-laki','083189868966','51719 Fischer Crossing Suite 438','South Christinechester','norma90@example.com'),
(32,'Brian Young','Jason Rivera II','2004-08-13','laki-laki','088008549335','9318 Darrell Branch Suite 660','Davidbury','shelbypowers@example.com'),
(33,'Angela Holt','Leslie Gonzalez','2006-06-14','perempuan','080172498413','65547 Joseph Ramp','Evansmouth','stephanie22@example.org'),
(34,'Deborah Ward','Angel Downs','1979-04-15','laki-laki','080258154702','301 Hall Well','Jasonmouth','tsmith@example.net'),
(35,'Jacob Lucas','Sarah Griffin','2019-09-07','perempuan','081631154902','20229 Russo Forges','Deckerton','davidbrewer@example.net'),
(36,'Heather Byrd','Lauren Dillon','1978-02-10','laki-laki','088756980349','7086 Nicole Hill','Port Michael','oaustin@example.org'),
(37,'Amy Hicks','Jackson Jenkins','2005-05-05','perempuan','083857758138','89556 Sarah Springs Apt. 470','Woodardburgh','beltranmichael@example.net'),
(38,'Michelle Wilson','Joe Mccann','2009-03-23','laki-laki','088156282609','98078 Rice Estates','Angelashire','melissa84@example.net'),
(39,'Lindsey Brewer','Jacob Reid','1982-05-04','laki-laki','081816608691','228 Butler Light Suite 477','Millerhaven','uaustin@example.net'),
(40,'Larry Banks','Brian Bradshaw','2001-04-11','laki-laki','086474652303','42348 Smith Rapid','Cartermouth','kennedyjames@example.net'),
(41,'Laura Pearson','Stephanie Webb','1986-10-27','perempuan','085963693969','3042 Obrien Island Suite 846','Morganville','patrickwatkins@example.org'),
(42,'Danielle Griffin','Nancy Fernandez','1991-04-10','perempuan','089420181908','34269 Sanders Loaf Apt. 138','Jordanstad','nelsonryan@example.org'),
(43,'David Lopez','James Hill','2001-04-01','perempuan','081244126091','510 Eric Corner','Marymouth','ghenderson@example.net'),
(44,'Kristina Contreras DDS','Maureen Lopez','2016-08-25','laki-laki','086744067540','50429 Rodriguez Landing Suite 378','Staceyfort','lhenderson@example.com'),
(45,'Patricia Welch','Eddie Rocha','1982-05-31','laki-laki','087870977808','4903 Russell Circles','East Jefferymouth','shannon33@example.org'),
(46,'Megan Weaver MD','Angela Stanley','2014-07-13','perempuan','089370295658','04363 Rowe Station','Mariochester','rochadonald@example.net'),
(47,'Brooke Hurst','Erica Young','1985-04-12','perempuan','086689551818','86347 Susan Haven','Lake Jason','wallsgabriella@example.net'),
(48,'Christine Allison','Amanda Pope','2019-05-12','laki-laki','080288894165','945 Michelle Spurs','Ramseyland','caroloconnor@example.com'),
(49,'Lindsey Adams DDS','Cynthia Dean','1993-11-18','laki-laki','089231016658','4311 Newton Mill','Tuckerborough','westoscar@example.net'),
(50,'Kevin Hanson','Kelly Kaufman','2008-07-07','perempuan','080380181240','46538 Leslie Hills','Antonioport','patrick03@example.org'),
(51,'Randy Shelton','Curtis Lopez','1993-07-12','perempuan','089406427155','9445 Cruz Stream Suite 483','West Jeremy','amandadominguez@example.org'),
(52,'Teresa Davis','Mitchell Johnson','2018-06-27','laki-laki','081833016023','9043 Regina Fork','Marymouth','meyermichael@example.org'),
(53,'Gregory Carson','Mary Myers','2021-02-09','perempuan','080690618595','50682 Garrett Drive','West Jeremy','jacquelinerobles@example.com'),
(54,'John Hunt','Jenny Castro','1979-05-25','perempuan','086548096293','546 Cooper Mills Suite 333','Serranotown','aadams@example.net'),
(55,'Brian Ali','Jennifer Tyler','1991-03-18','laki-laki','085097433849','685 Sandra Motorway','Lake Timothyview','moralestiffany@example.com'),
(56,'Vicki Jackson','Janice Zhang','1995-01-10','perempuan','088713250781','3769 Jennifer Estate Suite 587','Ramseyland','mcdowelltiffany@example.org'),
(57,'Leah Malone','Leslie Newman','1987-05-14','laki-laki','081884951595','5318 Christina Land','Frenchmouth','ryan81@example.org'),
(58,'Samuel Anderson','Donna Fisher','1971-03-31','perempuan','085892587722','84426 Silva Freeway Suite 582','Stoneshire','lisa08@example.net'),
(59,'Brad Cooper','Peter Ray','2004-04-10','laki-laki','081284248485','2845 Jones Plains Suite 452','Robertside','uhall@example.net'),
(60,'Robert French','Carol Short','1972-01-31','perempuan','088137036263','8428 John Mountain','Port Paulchester','andersondawn@example.net'),
(61,'Ann Hughes','Melissa Knapp','1998-12-06','perempuan','087750465879','243 Phillips Motorway','Mariochester','emilywright@example.org'),
(62,'Shannon Orr','Karen Munoz','1979-10-19','perempuan','085521217148','72057 Robert Causeway','Stoneshire','gfrancis@example.net'),
(63,'Jeffrey Wall','Jennifer King','2011-11-15','laki-laki','081395908055','9241 Stephenson Station Apt. 625','Jillstad','richardrobbins@example.net'),
(64,'Teresa Cruz','Jasmine Ross','1995-04-02','laki-laki','084504848492','0248 Emily Plains Suite 023','Robertatown','ronaldsmith@example.com'),
(65,'Emily Burns','John Zuniga','2013-01-12','perempuan','085662989990','89636 Kerr Forge','Rothtown','henrysullivan@example.org'),
(66,'Linda Hoffman','Nathaniel Woodard','1972-11-11','perempuan','089008293083','227 Walters Orchard','Gonzalezville','qfitzpatrick@example.org'),
(67,'Michelle Zhang','Nancy Brown','2006-03-01','perempuan','083771680044','28412 Rivera Shores','Lake Jason','hilllauren@example.net'),
(68,'Joshua Mcguire','Matthew Fritz','1977-10-12','perempuan','084028860664','4560 Michael Locks','Lake Mathew','stacybaker@example.org'),
(69,'Cynthia Tate','Andrew Mills','1999-02-11','perempuan','086634987771','20301 Kim Ford','Whiteport','qtucker@example.com'),
(70,'Leah Savage','Elizabeth Brown','1976-09-25','laki-laki','086687505830','5849 Joseph Crescent','Kimberlyport','mbentley@example.net'),
(71,'Jennifer Clark','Donald Randolph','2003-12-04','laki-laki','087678282713','6444 Peter Stravenue Suite 148','Jimenezhaven','reginald37@example.com'),
(72,'Megan Thomas','Karen Maldonado','1976-06-20','laki-laki','084431750592','35871 Robert Parkways Suite 871','Lake Mathew','wdunn@example.net'),
(73,'Victor Johnson','Kathryn Turner','1979-11-11','laki-laki','087708962252','91231 Hunt Brook Apt. 543','Port Jerry','stephenrivera@example.org'),
(74,'Joshua Manning','Dr. Douglas Reyes','2016-12-16','laki-laki','085889428085','1752 Jessica Dale','Stewartshire','tyler30@example.net'),
(75,'Leah Edwards','Victoria Cochran','2016-07-30','laki-laki','082655144449','78799 Bush Valleys','Lake Reginahaven','whitecharles@example.com'),
(76,'Ryan Clarke','Wendy Colon','1994-10-28','perempuan','082965054586','7912 Patricia Pines','South Christinechester','williambanks@example.org'),
(77,'Michael Woodward','Michelle Carter','2015-12-02','laki-laki','088002705182','6082 Nolan Hollow Apt. 729','Amandaland','vbrown@example.net'),
(78,'Richard Porter','Alec Gonzales','2005-03-24','laki-laki','088820251952','70434 Adam Pass Apt. 516','New Michaela','mcampbell@example.com'),
(79,'Emily Snyder','Caitlin Hernandez','2007-02-17','laki-laki','088476706021','275 Daniel Overpass Suite 057','Mariochester','russellbrittany@example.net'),
(80,'Brandon Smith','Michael Blake','1990-10-02','laki-laki','087250587994','240 Stephenson Place Suite 305','Zimmermanmouth','louismartin@example.org'),
(81,'Tyler Doyle','Marissa Scott','1994-06-07','perempuan','089168960201','136 Christine Tunnel Apt. 053','Amandaland','juliekelly@example.com'),
(82,'Cory Adams','Erica Vargas','1993-02-07','laki-laki','087946596254','866 Campbell Spring','Davidbury','lopezkyle@example.org'),
(83,'Cory Hudson','Stephen Hart','1987-02-06','laki-laki','088705004134','2437 Megan Dam Apt. 436','South Melissa','james38@example.net'),
(84,'Nicholas Ramirez','Scott Robinson','1984-03-11','laki-laki','082262288905','80696 Doyle Drive Suite 989','Whiteport','rodriguezashley@example.com'),
(85,'Brandy Mcknight','David Fernandez','1977-10-23','laki-laki','084451251546','2347 Porter Inlet','Ortizmouth','smithaustin@example.org'),
(86,'Vanessa Larson','Raymond Howe','1979-09-28','laki-laki','084081430876','387 Christopher Vista','East Beverly','hgarcia@example.org'),
(87,'Jesse Morgan','Danielle Le','1988-11-16','perempuan','082903368851','81337 Amy Inlet Apt. 303','North Samantha','stacey12@example.com'),
(88,'Angela Mason','Diane Brown','1985-12-24','laki-laki','080705572393','15927 Young Lakes','Port Jerry','burtonscott@example.net'),
(89,'Pamela Nichols','Leroy Dunn','2023-02-09','perempuan','081011427763','605 Ellis Trail Suite 988','North Katherine','petersondavid@example.com'),
(90,'Nicholas Lloyd','Melanie Lindsey','1985-02-07','laki-laki','080826834006','832 Olsen Heights Apt. 557','Mckinneyberg','james34@example.org'),
(91,'Matthew Henry','Jordan Barry','1995-09-14','laki-laki','083864350269','316 Clayton Bypass','Garrettfort','qholland@example.net'),
(92,'Jennifer Sampson','Dean Mills','2010-09-29','laki-laki','081530755379','963 Bell Branch Apt. 167','East Timothymouth','ofigueroa@example.org'),
(93,'Patrick Thomas','Gloria Lopez','1973-10-01','laki-laki','081022400525','2924 Hernandez Knoll','New Jason','andrewvaldez@example.com'),
(94,'Sabrina Santos','Sheryl Smith','1975-03-14','laki-laki','085216100866','462 Richard Ferry Suite 670','Donaldfort','jill43@example.net'),
(95,'William King','Kathy Terry','1980-03-23','laki-laki','087285963309','78377 John Vista Apt. 383','Port Paulchester','dustinmyers@example.net'),
(96,'Nicole Morrison','Daniel Wallace','1976-08-01','laki-laki','089117489934','0654 Meyer Glen','Cartermouth','jamiegallegos@example.net'),
(97,'Candice Reyes','Amanda Phillips','2006-07-15','laki-laki','084848420939','4777 Melissa Flat Apt. 709','Villarrealview','williamstephens@example.org'),
(98,'Jeffrey Pope','Bill Walker','2009-12-13','laki-laki','089611063788','311 Daniel Shoal Apt. 165','Morganville','rodgersjohn@example.com'),
(99,'Oscar Hunt','Mark Martin MD','2006-09-14','laki-laki','088705924604','4979 Rebecca Forges Suite 631','North Samantha','patrick54@example.org'),
(100,'Christina Frost','Brittney Johnson','1996-05-12','laki-laki','081545233663','037 Lam Courts Suite 238','Marymouth','melissakaiser@example.com'),
(101,'Paul Walker','Terri Patton','2011-01-28','perempuan','080736003649','432 Connie Stream','North Robin','katelyn79@example.com'),
(102,'Desiree Riggs','Sara Jones','1990-01-18','perempuan','080238221450','8781 William Street Suite 734','Lake Mathew','janet25@example.com'),
(103,'Samantha Mathis','Benjamin Bush','1977-01-02','perempuan','083119875267','1621 Peterson Union','East Jefferymouth','rebecca03@example.org'),
(104,'Matthew King','Megan Ruiz','1989-10-20','laki-laki','086481490560','71461 Geoffrey Lakes','Millerville','dianesmith@example.org'),
(105,'Troy Martinez','Meagan Morrow','1999-03-14','laki-laki','082973594501','8218 Leon Squares','Zimmermanmouth','nicole97@example.org'),
(106,'Susan Mccoy','Kathleen Larson','2001-05-13','laki-laki','080840020903','480 Mark Valley','Taylorborough','megan86@example.org'),
(107,'Gerald King','Julian Briggs','1994-08-20','perempuan','087263101926','76833 Dominguez Courts Apt. 234','Mariochester','gwilson@example.net'),
(108,'Sandy Campbell','Nicholas Bryant','2006-08-03','perempuan','080478964234','2991 Benjamin Crescent','Lake Jason','devon38@example.com'),
(109,'Mark Martin','Peter Richard','2023-01-11','laki-laki','082953357936','251 Sheri Ways Suite 871','Frenchmouth','hwatson@example.com'),
(110,'Kathryn Palmer','Julian Patterson','1975-08-07','perempuan','086369313237','1862 Stacey Walk','Stoneshire','wsalas@example.org'),
(111,'Morgan Schmidt','Lori Cole','2004-05-19','laki-laki','085617670325','52606 Smith Track','Andrewsside','adamnichols@example.com'),
(112,'Michael Romero','Kimberly Cook','2015-03-17','perempuan','082435653738','448 Brandon Unions Apt. 260','North Loriburgh','jeffrey62@example.org'),
(113,'Charles Anderson','Hayley Thompson','1975-07-16','laki-laki','089936254579','404 Marsh Parkways Suite 112','East Jefferymouth','nataliewashington@example.net'),
(114,'Steven Henson','Rachel Hanson','1988-10-07','perempuan','084769532014','5279 Mooney Curve','Evansmouth','alexanderanthony@example.net'),
(115,'Stephen Park','Reginald Torres','1988-12-23','laki-laki','086478979298','22524 Griffith Ramp Suite 775','Lake Lindaville','thomasmitchell@example.org'),
(116,'Paula Blackburn','Donna Hernandez','1994-02-09','laki-laki','085723482911','0162 Lee Drive Suite 793','Port Kevinville','whenry@example.com'),
(117,'Gene Proctor','Jonathan Greene','1988-03-07','laki-laki','083348391351','999 Tammy Island Suite 222','East Beverly','scox@example.net'),
(118,'Lori King','Angela Davis','2012-05-30','laki-laki','080499341447','636 Wilson Ways Suite 994','Donaldfort','teresaguzman@example.net'),
(119,'Sabrina Butler','Donna Morris','2001-02-15','perempuan','081161144708','0827 Gomez Lights Suite 430','North Samantha','charlesedward@example.org'),
(120,'Karen Robinson','Jason Sandoval','2015-05-20','perempuan','086776397516','69248 Schneider Stravenue Suite 898','Christopherburgh','barbara40@example.org'),
(121,'Peter Wade','James Beck','2018-02-03','laki-laki','080256307552','2186 Gregory Squares Suite 271','Port Paulchester','salazarkayla@example.com'),
(122,'John Davis','David Williams','2011-11-19','laki-laki','082868406265','56938 Natasha Vista','North Joseph','nwhite@example.net'),
(123,'Katherine White','Jason Yang','1981-10-18','laki-laki','084771314315','68003 Bush Key','New Johnmouth','william42@example.net'),
(124,'Andrea Walsh','Scott Miller','2014-09-28','laki-laki','083880746978','9502 Holland Expressway','Mckinneyberg','huynhderek@example.com'),
(125,'Amanda Leblanc','Diana Johnson','1977-07-13','perempuan','082809405019','5784 Christopher Pass Suite 701','New Robert','andrew34@example.org'),
(126,'Lisa Martin','Julie Armstrong','2015-08-03','perempuan','087191434311','1680 Tammy Key Apt. 166','West Lukehaven','collinsshannon@example.net'),
(127,'Timothy Baker','Alison Rodriguez','2002-06-30','laki-laki','086725534765','38725 David Cliffs','Carriefurt','pbarr@example.net'),
(128,'Molly King','Michael Hernandez','2015-11-28','perempuan','086408773089','292 Logan Summit Apt. 236','Lake William','colinmorales@example.org'),
(129,'David May','Jason Williams','2005-11-14','laki-laki','088123701843','3963 Eileen Lights Apt. 724','Jessicastad','eroberts@example.org'),
(130,'Dr. Tiffany Johnston DDS','Thomas Goodman','2018-06-26','laki-laki','082511376283','53081 Sloan Pike','Port Kimberlyton','danielsimpson@example.org'),
(131,'Pamela Garcia','Pamela Green','1979-08-16','perempuan','084591170570','20407 Mckinney Orchard Suite 462','Laurenshire','hudsonholly@example.org'),
(132,'Kevin Hayes','Mr. Donald Leon','1976-05-27','laki-laki','087152509802','840 Melissa Mall','East Timothymouth','scarter@example.com'),
(133,'James Kidd','Angela Blair','1988-10-19','perempuan','082119818345','914 Jeff Locks','Villarrealview','darlene95@example.com'),
(134,'Abigail Walker','John Martinez','2003-03-28','laki-laki','088499605146','15057 Paul Views','Port Michael','ubarajas@example.com'),
(135,'Jason Holland','Kim Byrd','1988-12-04','perempuan','089915975866','1457 Lee Isle Apt. 382','Lestermouth','whenson@example.net'),
(136,'Jennifer Maxwell','Michael Hart','2004-10-29','laki-laki','080112512367','8778 Megan Parkways Suite 340','Port Kevinville','mejiaheidi@example.com'),
(137,'Catherine Gonzalez','Jessica Collins','2005-08-24','perempuan','089217759745','2526 Ashley Row Suite 683','East Beverly','christopherwilliams@example.com'),
(138,'Tracy Garcia','Mario Brown Jr.','1993-07-12','perempuan','084893977604','222 Davis Wall','Laurenshire','scott15@example.org'),
(139,'Timothy Jones','Richard Mclaughlin','1997-02-10','perempuan','088934040126','989 Alvarado Springs Suite 865','New Paulton','iwarner@example.com'),
(140,'Rhonda Massey','William Steele','1975-01-06','perempuan','084513343630','97989 Jacob Spurs Suite 161','East Beverly','angela21@example.net'),
(141,'James Hall','Kenneth Brown','1999-11-10','perempuan','088060199228','23010 Smith Trail Apt. 377','Jenkinschester','jon74@example.net'),
(142,'Ana Roberson','Scott Lewis','1988-12-30','laki-laki','086537457454','0064 Stewart Haven Suite 678','Antonioport','kyle29@example.com'),
(143,'Miguel Smith','Kristin Banks','1975-09-01','perempuan','082279033211','2813 Brown Prairie Suite 205','Garrettfort','burgesseugene@example.org'),
(144,'Michelle Castillo','Samantha Taylor','1987-01-19','perempuan','088421350350','837 Angela Flats Suite 311','Jordanstad','millspaul@example.net'),
(145,'Benjamin Simmons','Robert Robinson','1984-02-26','laki-laki','081556256971','9627 Clayton Parkways','North Loriburgh','zacharypatterson@example.org'),
(146,'Kevin Spencer','Richard Fleming','2000-12-25','laki-laki','083000632556','4545 Kayla Mews','South Christinechester','michael74@example.net'),
(147,'Alison Kelly','Jacqueline Johnson','2001-03-12','perempuan','080007660527','26905 Justin Fall','Kimberlyport','nwilson@example.net'),
(148,'Walter Watson','Laura Lawson','1977-07-17','laki-laki','087296408043','77345 Hall Falls Suite 395','West Carla','brian64@example.com'),
(149,'Amanda Medina','Morgan Warren','1970-08-31','perempuan','086277351677','3653 Alicia Isle','Kimberlyport','jamiesimpson@example.org'),
(150,'Joseph Gibson','Mr. Jeremy Long','1993-03-20','perempuan','082229073941','37299 Nancy Junctions Apt. 131','New Johnmouth','xwest@example.org'),
(151,'Ethan Bruce','Shaun Kaiser','1981-11-21','perempuan','086072220414','413 Douglas Views','North Gloria','christopher65@example.net'),
(152,'Jim Moon','Gabrielle Fernandez','1977-09-09','perempuan','087594563229','5027 Andrea Meadow','Jessicastad','ljones@example.org'),
(153,'Angela Jensen','Timothy Houston','2012-09-12','laki-laki','085160212737','9618 Troy Station Suite 588','Andrewsside','heathermcdonald@example.org'),
(154,'Donald Ramirez','Andrew Cole','1997-09-05','laki-laki','082207585784','97793 John Extensions','Yvonnebury','richardsonapril@example.net'),
(155,'Shawn Taylor','Andrea Mason','2014-04-26','laki-laki','087368793185','764 John Road','Lake Mathew','billykennedy@example.com'),
(156,'Alyssa Miller','Paul Miller','2013-10-30','perempuan','085559849643','361 Gibbs Turnpike','Ashleyville','lynchnicholas@example.com'),
(157,'John Jackson','Sherri Baker','2019-02-26','laki-laki','083234977758','8890 Tracy Cliff Apt. 097','Yvonnebury','ureed@example.org'),
(158,'Albert Brown','Tony Park','2002-08-17','laki-laki','086157812495','49407 Reyes Rapids','Duranmouth','tdavidson@example.com'),
(159,'Jacqueline Adams','Charles Ortega','1972-09-28','perempuan','080184510111','4105 Amber Lodge Apt. 581','Ashleyville','ujones@example.com'),
(160,'Joseph Davis','Dr. Stephanie Brady MD','1981-12-08','perempuan','085281460993','18994 Armstrong Lights Apt. 206','North Gloria','jfischer@example.net'),
(161,'Sergio Parrish','Julia Vance','2017-01-19','perempuan','086834844645','9349 Peterson Glen','East Julia','rachel10@example.org'),
(162,'Jennifer Johnston','Angela Perez','1970-05-16','perempuan','084622457491','15470 Harris Alley Suite 652','Amandaland','vhorton@example.net'),
(163,'Catherine Anthony','Angel Mckenzie','2005-09-01','perempuan','086314660409','44992 Tanya Vista Suite 853','North Joseph','jasonfletcher@example.net'),
(164,'Melissa Parrish','Patrick Morales','1978-09-17','perempuan','083538896392','424 Hester Run Apt. 325','Parksmouth','boneill@example.net'),
(165,'Andrea Bell','John Montoya','2002-06-28','laki-laki','082209119071','066 Miller Isle','Duranmouth','angela90@example.com'),
(166,'Jordan Cummings','Ethan Taylor','1971-09-18','perempuan','086909979006','42634 Amanda Ramp Suite 459','Donaldfort','aprilwhitehead@example.net'),
(167,'Lawrence Herring','Beth Patel','1995-06-07','perempuan','080325834421','179 Chad Rapids','Marcport','sshaffer@example.net'),
(168,'Scott Mitchell','Melinda Davis','1990-06-13','perempuan','082998768729','92132 Dougherty Lodge','South Randytown','john23@example.com'),
(169,'Joseph Davis','Hannah Kennedy','1980-07-16','perempuan','083610802395','7235 Luna Trafficway','Huffmanhaven','brianlopez@example.com'),
(170,'Sherri Jones','Mrs. Crystal Harris','2010-11-07','perempuan','086037029030','09520 Adam Cape Suite 867','West Lukehaven','imccormick@example.net'),
(171,'Tonya Hinton','Angela Peterson','1995-04-23','perempuan','083037525753','432 Koch Courts Suite 406','South Christinechester','wjones@example.com'),
(172,'Kayla Moore','Amber Gibson','2016-07-09','perempuan','086378713150','681 Thomas Wells','New Michaela','mccarthylogan@example.org'),
(173,'Catherine Perkins','Rachael Ward','1990-08-21','perempuan','089969279787','76881 Brooke Isle','Port Cherylport','qschmidt@example.org'),
(174,'Deborah Lopez','Eric Carter','2002-05-10','laki-laki','080702716753','3448 Patrick Road Suite 426','North Katherine','williamlucas@example.net'),
(175,'Melissa Williams','Emily Washington','1974-12-20','perempuan','084680842998','950 Medina Crossroad Suite 234','Morganville','danielpeterson@example.net'),
(176,'Daniel Sandoval','Michael Shaffer','2020-07-29','perempuan','080340959405','44828 Lee Pass Apt. 178','Lake Shanestad','halljessica@example.net'),
(177,'Amanda Bird','Dawn Peterson','1978-12-02','perempuan','089650612764','838 Brown Vista Apt. 744','Port Karen','zmiller@example.com'),
(178,'Renee George','Brittany Rivera','2018-11-05','perempuan','080585337104','54354 Bush Ramp Suite 884','Deckerton','kayla87@example.com'),
(179,'John Taylor','Emily Bass','1998-12-02','laki-laki','082343630594','440 Perez Forest Suite 015','North Katherine','hwilson@example.net'),
(180,'Sarah Davis','Robert Ward','1999-11-10','perempuan','088367763878','31946 Stacey Summit','Diazfort','kmartin@example.net'),
(181,'Daniel Robinson','Jonathan Stark','2000-05-26','laki-laki','086987441852','663 Aimee Crossroad','Woodardburgh','mitchellchristopher@example.org'),
(182,'Mrs. Elizabeth Bell','Melissa Shea','1989-09-18','laki-laki','082370853004','6952 Lisa Mall','Lake Timothyview','timothybartlett@example.com'),
(183,'Justin Clark','Danny Collier','2016-12-30','perempuan','082758960381','1202 Kelly Bypass Suite 076','Lake Shanestad','award@example.net'),
(184,'Jaclyn Blankenship','Henry Davis','1979-09-06','perempuan','087683932808','51009 Jesse Fields','Marymouth','mathisaaron@example.net'),
(185,'Ryan Nielsen','Donald Wall','1988-01-05','laki-laki','087395497450','5152 Murray Squares','Dylanville','vparker@example.net'),
(186,'John Mendoza','Brenda Taylor','1998-08-04','perempuan','087126741303','393 Pearson Club','Port Kevinview','romerogary@example.org'),
(187,'David West','Raven Hoffman','2018-03-04','laki-laki','083053868014','664 Bailey Rapid Suite 572','Davidbury','brian78@example.net'),
(188,'Cynthia Craig','Kenneth Dunn','1989-12-05','perempuan','088106647487','4014 Bray Port','East Jefferymouth','bsmith@example.com'),
(189,'Angel Wiley','Dawn Fernandez','2004-01-23','perempuan','083958693772','59202 Garcia Station Suite 237','Port Kimberlyton','torresmichael@example.net'),
(190,'David Smith','Victor Jackson','2014-10-12','perempuan','089542872275','798 Devin Flat','Lake William','jennifercampbell@example.net'),
(191,'Lee Bell','Sarah Le','2016-09-13','laki-laki','085535327110','527 Megan Ranch Suite 428','North Gloria','kathypearson@example.org'),
(192,'Brian Clark','Justin Bullock','2022-09-30','laki-laki','080425370616','13616 Samuel Spring','Laurenshire','lpeterson@example.org'),
(193,'Emma Barnes','Ronald Carey','1972-04-04','laki-laki','081815145082','1125 Cantu Trail','Mckinneyberg','henrydavid@example.net'),
(194,'Samantha Spencer','Derek Salas','1978-06-10','perempuan','084374640524','799 Miles Hills Suite 875','Lake Reginahaven','erikasimmons@example.org'),
(195,'Tammie Hill MD','Sheila Manning','1992-03-28','perempuan','083311160352','75609 Jeffrey Village','New Johnmouth','jennifer29@example.org'),
(196,'Hunter Garza','Dr. Sarah Cruz MD','1989-05-06','perempuan','083455113422','362 Kaitlyn Fork Apt. 854','Tuckerborough','flowersbrett@example.net'),
(197,'Donna Tyler','Michael Bradley','1985-08-08','laki-laki','088055232891','21228 Huff Mountains Apt. 422','Stewartshire','ortegagary@example.org'),
(198,'James Patel','Lindsay Oneill','2017-07-03','perempuan','089019821901','47424 Nathaniel Ville','Evansmouth','munozmatthew@example.org'),
(199,'Joshua Edwards','Anna Rivera','2013-04-12','laki-laki','089525245847','11589 Mitchell Crest Suite 282','Adamhaven','jennifermartinez@example.com'),
(200,'Brenda Robertson','Brandon Schneider','2007-01-13','perempuan','084894807907','487 Jodi Viaduct Suite 702','Tylerstad','diazbrittany@example.org'),
(201,'Richard Stevenson','James Jacobson','2001-02-04','perempuan','089068113419','41063 Patel Well Suite 204','New Johnmouth','fgeorge@example.com'),
(202,'Emily Hawkins','William Davis','1980-04-20','laki-laki','088105074032','6144 Clark Freeway','South Melanieton','ipowell@example.net'),
(203,'Maurice Villegas','Timothy Mathis','1991-02-18','perempuan','088252599813','257 Smith Points','North Loriburgh','murphyeric@example.net'),
(204,'Laurie Williams','Maria Escobar','1980-02-29','laki-laki','083467395881','824 Danny Shoals','Huffmanhaven','kathydiaz@example.com'),
(205,'Sarah Wilson','Marie Jordan','2011-01-22','perempuan','082687336516','662 Tracy Skyway','Donaldfort','justin38@example.com'),
(206,'Mark Rivera Jr.','William Moon','2012-09-18','perempuan','085774825281','4288 Joseph Rapid','Duranmouth','lbird@example.net'),
(207,'David Rangel','Trevor Lewis','2004-03-28','laki-laki','080889278905','401 Robertson Alley Apt. 731','Duranmouth','joesmith@example.com'),
(208,'Glenn Hawkins','Mary Le','1974-01-05','laki-laki','088049904524','1358 Cheryl Expressway Apt. 829','Donaldfort','timothywood@example.net'),
(209,'Karen Ramos','Brandi Chandler','1994-01-01','perempuan','089744404075','55181 Todd Turnpike Apt. 243','Victoriaberg','nicole04@example.org'),
(210,'Ana Martinez','Victor Mcconnell II','1998-10-20','laki-laki','084882392010','46685 Carl Drives','Lake Shanestad','thomasandrew@example.com'),
(211,'Lisa Brown','Tammy Lutz','2000-09-08','perempuan','081891199398','891 Jeffrey Forest Apt. 776','South Melissa','fhines@example.org'),
(212,'Rachel Jimenez','Kellie Fields','1985-08-17','laki-laki','084644880707','95416 Elizabeth Park Suite 207','Lake William','figueroarobert@example.org'),
(213,'Amanda Murray','Troy Martin','2021-05-01','laki-laki','087788338872','14042 Gonzalez Circle','Jenkinschester','kimberly36@example.net'),
(214,'Tanya Cunningham','Kelly Brown','2018-02-23','perempuan','086833651253','84621 Gregory Junctions','New Jennifer','smaldonado@example.com'),
(215,'Rachel Schaefer','Meghan White','1978-01-07','perempuan','088319363588','33497 Colin Shoal','Huffmanhaven','dlloyd@example.com'),
(216,'Steven Woods','Debra Wheeler','2008-02-14','perempuan','080553924286','1090 Richardson Shores','Kevinhaven','cynthia54@example.org'),
(217,'Shannon Blackwell','Brenda Carpenter','2012-08-20','perempuan','084526365580','7878 Thomas Locks Apt. 145','Whiteport','irivera@example.net'),
(218,'Scott Underwood','Aaron Hall','2013-06-27','perempuan','089293829571','00769 Morris Manor','Deckerton','caitlin01@example.org'),
(219,'Chelsea Anderson','Susan Le','2016-07-08','perempuan','087997249513','7215 Rhonda Ramp','East John','walter58@example.org'),
(220,'Daniel Garcia','Tanner Schultz','1985-03-03','perempuan','089280151406','72006 Scott Park Apt. 061','Lake Julieborough','linda35@example.net'),
(221,'Michelle Soto','Katherine Paul','2014-05-04','perempuan','087873075845','287 Michelle Avenue','Morganville','patrickallen@example.org'),
(222,'Gina Decker','William Johnson','2011-09-11','perempuan','087752386741','3471 Holder Club Apt. 449','Parksmouth','simscarol@example.org'),
(223,'Melissa Miller','Valerie Horton','2018-03-04','perempuan','087381627599','0643 Brittany Locks Suite 792','Joyborough','nancy44@example.org'),
(224,'Susan Farrell','Stacey Sherman','1994-08-11','laki-laki','084718240210','4428 Tina Estate Apt. 994','South Erikview','linda01@example.org'),
(225,'James Mccann','Patricia Williams','1977-10-25','perempuan','087633082228','4174 Thomas Dam','Marcport','christopher05@example.com'),
(226,'Marie Taylor','Brett Price','2009-06-28','laki-laki','088738168200','63265 Damon Estates Suite 874','Jillstad','samantha21@example.com'),
(227,'Martin Smith','Douglas Ferguson Jr.','1974-12-17','perempuan','082987654400','2747 Owens Hollow','Zimmermanmouth','joshua19@example.org'),
(228,'William Hampton','Bruce Smith','2007-12-25','laki-laki','084080870202','0006 Reed Mills Apt. 909','Lake Mathew','anthony26@example.net'),
(229,'James Schneider','Tara Gentry','2001-10-26','laki-laki','089355695267','6864 Theresa Place Suite 929','West Tracy','jonathancummings@example.net'),
(230,'Terry Reynolds','Robyn Montgomery','2022-04-27','laki-laki','080972484696','349 Alexandra Lock','New Johnmouth','garrettsamantha@example.com'),
(231,'Dawn Walton','Anne Bass','1977-09-03','perempuan','089341115886','044 Brandon Mission Suite 324','Josefurt','lholmes@example.org'),
(232,'Michael Powell','Robert Calhoun','2006-07-23','laki-laki','086108548863','1489 Cruz Mall Suite 002','East John','john93@example.net'),
(233,'Derek Thomas','Sarah Pearson','2004-12-21','laki-laki','083479177683','75870 Stephen Cliffs Suite 932','Paulaview','xpitts@example.net'),
(234,'William Turner','Kyle Blake','1990-06-07','perempuan','083675471299','44188 Williams Crescent','Ortizmouth','ugriffin@example.org'),
(235,'Christina Simon','Ryan Hayes','1974-07-07','laki-laki','084037210384','83084 Anderson Spring','Duranmouth','ljones@example.org'),
(236,'Hannah Cox','Mrs. Taylor Sanders','2021-09-23','perempuan','081352545212','61419 Cheryl Spur Suite 726','Lake Reginahaven','reesetanya@example.com'),
(237,'Jessica Kirk','Charles Rivera','1976-12-11','perempuan','089354371814','713 Hartman Lodge Apt. 705','Jenkinschester','robertschristina@example.com'),
(238,'Maria Petersen','Allison Weiss','1978-12-18','laki-laki','083556820150','6855 Smith Roads Suite 845','Garrettfort','allendavid@example.org'),
(239,'Scott Smith','Chelsea Perry','2021-08-18','perempuan','087848024372','84435 Laura Fall','Cartermouth','qbrewer@example.net'),
(240,'Terry Parker','Stephanie Castro','1974-02-12','perempuan','082937634265','334 Brad Flats','South Jacob','kyle06@example.org'),
(241,'Troy Bush','Charlotte Gonzales','1982-05-13','perempuan','088270260381','13384 William Roads Apt. 330','East John','lozanonicole@example.net'),
(242,'Adam Sparks','Tanya Jones','1975-02-19','perempuan','082349541394','82335 Acosta Views Apt. 375','Jimenezhaven','hollandmichael@example.com'),
(243,'Frank Sanders','Shannon Curtis','2016-11-11','laki-laki','080478582552','814 Eric Loaf Apt. 358','Jordanstad','johnjohnson@example.com'),
(244,'Kayla Johnson','Brandon Mcmahon','1993-01-30','perempuan','082011189451','2770 Hardy Mount Apt. 202','Villarrealview','michelle20@example.net'),
(245,'Isaac Cantu','Katelyn Molina','2021-07-03','laki-laki','086696032313','12463 Danielle Rapids','West Lukehaven','paulamoreno@example.org'),
(246,'Catherine Robinson','James Brooks','2017-05-13','laki-laki','089055818768','238 Travis Junctions Apt. 907','Jordanstad','robert00@example.org'),
(247,'Megan Sawyer','Brittney Stone DVM','1978-08-09','laki-laki','088278169536','57604 Philip Grove','Port Karen','matthew33@example.net'),
(248,'Christopher Cameron','Melinda Patel','2018-03-24','perempuan','080046970838','497 Christopher Estate Apt. 709','Joyborough','garrett91@example.com'),
(249,'Steven Whitehead','Danielle Daniel','2002-10-05','perempuan','085649098257','543 Lopez Turnpike Apt. 338','North Gloria','poolejustin@example.net'),
(250,'Jennifer Krueger','Vanessa Meyers','1976-09-09','laki-laki','089489800811','163 Guerra Stream','Stoneshire','nmorgan@example.net'),
(251,'Mike Rivera','Jose Leon','1989-04-01','laki-laki','086815040581','5629 Walter Fall Apt. 012','Port Jerry','elizabeth71@example.org'),
(252,'Teresa Montes','Whitney Roy','1989-04-25','laki-laki','083419598529','4514 Hogan Forks','North Samantha','john41@example.org'),
(253,'Betty Mitchell','Michael Goodman','2007-08-28','laki-laki','088872075146','4940 Christina Wall Suite 509','Gonzalezville','alicia67@example.com'),
(254,'Frederick Mckinney','Stephen Mcclain','1988-05-08','perempuan','081990117219','975 Alice Mountains','New Robert','ocruz@example.org'),
(255,'Francis White','Cody Elliott','1989-05-20','laki-laki','085795510641','4680 Wright Burg Apt. 448','East Timothymouth','suzanne24@example.org'),
(256,'Tony Dalton','Mark Stewart','1978-05-05','perempuan','085317694385','5422 Judy Plain','East Timothymouth','danielle62@example.org'),
(257,'Taylor Miles','Christina Dalton','1988-04-16','perempuan','081363070484','22719 Miller Tunnel Apt. 709','Vickiport','moralesmary@example.org'),
(258,'Eric Lee','Colleen Hull','1992-08-06','perempuan','080663001892','8873 Lisa Garden','South Sarah','tmiller@example.org'),
(259,'Alan Allen','Keith Logan','1972-07-05','perempuan','089153808909','4803 Teresa Ridges','New Paulton','justinwhite@example.net'),
(260,'Courtney Robinson','Leonard Schneider','1999-09-07','perempuan','080288225066','7285 Jennifer Islands Suite 828','Lake Mathew','brownpaul@example.org'),
(261,'Nicholas Jones','Brianna Davis','1973-03-14','laki-laki','088478112662','722 Dale Ford Suite 471','Kevinhaven','warrentaylor@example.com'),
(262,'Michael Avila','Joshua Thomas','2016-07-29','laki-laki','083723002875','771 Clayton Mews','Tuckerborough','afuller@example.com'),
(263,'Sherry Parker','David Castillo','2012-05-30','perempuan','081653511285','62992 Christina Mountains','East Timothymouth','harrisryan@example.com'),
(264,'Courtney Rice','Tyler Smith','1991-10-10','laki-laki','083543650496','8019 George Expressway','Whiteport','oberry@example.com'),
(265,'Marcus Anderson','Thomas Mcneil','1980-04-02','perempuan','088401661408','01966 William Glens','Christopherburgh','richarddyer@example.net'),
(266,'Diane Ortiz','Erica Moore','2010-06-28','laki-laki','086228300685','465 Taylor Fall Suite 488','New Paulton','hfoster@example.net'),
(267,'Michelle Collins','Valerie Kaufman','2006-05-01','perempuan','085506575964','7307 Carter Forest','Mariochester','rsmith@example.com'),
(268,'Jonathan Adams','Krista Hall','1993-06-09','laki-laki','088993051457','58586 Austin Brooks Apt. 015','Rothtown','victoria88@example.org'),
(269,'Jessica Lynch','Erica Duffy','2005-11-27','perempuan','087986933685','04711 Tammy Loop Apt. 254','South Jacob','hickmannicholas@example.net'),
(270,'Kelly Baldwin','Amanda Solis','1999-07-09','laki-laki','086326074674','847 Baker Plains','New Michaela','gtucker@example.com'),
(271,'John Brown','Darren Johnston','2007-10-28','perempuan','083800565541','46994 Noah River','Theodorefort','kmorris@example.net'),
(272,'Latoya Hess','Wendy Lynch','1998-03-29','perempuan','087026072959','3729 Mark Lodge','South Melissa','tiffany47@example.org'),
(273,'Haley Johnston','Kathryn Scott','2019-09-08','perempuan','081986585231','5446 Curtis Street','South Melissa','alexanderalicia@example.com'),
(274,'Rhonda Martin','Nicole Jones','1986-12-13','perempuan','084447497404','833 Miguel Forges Suite 067','Laurenshire','daniel12@example.org'),
(275,'Steven Dean','Alex Murillo','1974-03-23','perempuan','086830868941','63224 Monica Falls Apt. 462','Davidbury','samanthawest@example.com'),
(276,'Bridget Gomez','Nicole Nichols','1975-01-10','perempuan','088805538069','53003 Beverly Inlet Apt. 145','Lake Jason','warrenvalerie@example.org'),
(277,'Molly Nelson','Deborah Brown','1980-08-20','perempuan','081231953024','97701 Taylor Port','Ponceland','biancasmith@example.net'),
(278,'Kristen Kelly','Brett James','2013-07-02','perempuan','080073838531','40200 Tony Estates Suite 840','South Melissa','ljames@example.com'),
(279,'Sylvia Flores DVM','Maria Obrien','2015-03-18','laki-laki','080766687828','79750 Reyes Camp Apt. 214','Deckerton','beanzachary@example.com'),
(280,'Danny Villegas','Sheryl Powell','2005-10-03','perempuan','085269041977','758 Wright Rapids','Port Cherylport','taylor91@example.com'),
(281,'Kara Jackson','Timothy Fisher','2020-07-31','perempuan','081053947523','85890 Chavez Squares','Dianashire','markolson@example.org'),
(282,'Amy Douglas','Michelle Jordan','2003-11-11','laki-laki','081480974500','321 Benjamin Knoll Suite 855','West Lukehaven','katelyn88@example.net'),
(283,'Carolyn Cunningham','Roy Jordan','2008-10-28','laki-laki','083516073891','23641 Kristen Crossroad Apt. 355','West Tracy','christopher88@example.org'),
(284,'Scott Sullivan','Regina Horton','1983-08-02','perempuan','080327444749','93164 Underwood Shore','Marymouth','alvaradokristine@example.com'),
(285,'Heather Dunn','Kyle Barrera','1998-09-23','perempuan','081343989259','490 Sarah Drive Suite 744','North Theresa','lzamora@example.com'),
(286,'Melissa Hall','Juan Manning','1982-02-16','laki-laki','081026371724','3261 Sanchez Islands','Jimenezhaven','paul30@example.net'),
(287,'Dr. Angela Murphy','Crystal Haley PhD','1988-11-09','perempuan','085351566783','79972 Baker Ramp Apt. 678','Laurenshire','dvincent@example.com'),
(288,'Deborah Brown','Nathaniel Cox','2002-11-15','laki-laki','081993921042','56983 Wiggins Stravenue','North Christopher','michellerichardson@example.com'),
(289,'Stephanie Schroeder','David Mcintosh','2016-03-17','perempuan','082056969368','940 Ramirez Springs','Port Paulchester','daniel52@example.net'),
(290,'Colleen Wall','Alison Davis','2011-01-02','perempuan','083016015164','158 Charles Green Apt. 569','South Erikview','bennettveronica@example.net'),
(291,'Nancy Wolfe','Jennifer Bender','2005-11-13','laki-laki','086190253859','00107 Williams Points','Port Karen','ydavidson@example.com'),
(292,'Jacqueline Carpenter','Sue Garcia','2020-05-18','perempuan','085377834519','400 Joseph Roads','Port Cherylport','brian53@example.com'),
(293,'Darren Miller','Kyle Wright','1970-06-28','perempuan','087818069371','502 Sean Avenue Apt. 160','Villarrealview','ernestjackson@example.com'),
(294,'Denise Wells','James Garcia','2010-06-02','laki-laki','080644642599','4174 Burns Spur Suite 385','West Lukehaven','efields@example.org'),
(295,'Crystal Mendez','Helen Decker','2010-06-11','laki-laki','089818528214','369 Edwards Lake','Nelsonfort','gina78@example.org'),
(296,'Ann Burnett','Heidi Manning','2022-02-11','perempuan','080505003656','24178 Paula Passage Suite 479','Evansmouth','brittanysnyder@example.org'),
(297,'Maria Williams','Sarah Wheeler','2002-08-23','laki-laki','088536205077','7021 Michael Extension Apt. 133','Whiteport','ylawrence@example.com'),
(298,'Melissa Garcia','Douglas Jackson','1977-09-10','laki-laki','084708542241','6652 Mallory Garden Suite 745','Huffmanhaven','peter89@example.org'),
(299,'Julia Hernandez','James Kelly','1986-08-25','perempuan','081176589499','676 Andre Extension','North Robin','castillomichael@example.net'),
(300,'Joseph Cole','Kristen Johnson','2006-07-21','perempuan','081688606012','5241 Patrick Square Suite 800','Peterstad','christineking@example.net');
/*!40000 ALTER TABLE `orang` ENABLE KEYS */;
UNLOCK TABLES;

--
-- Table structure for table `pasien`
--

DROP TABLE IF EXISTS `pasien`;
/*!40101 SET @saved_cs_client     = @@character_set_client */;
/*!40101 SET character_set_client = utf8 */;
CREATE TABLE `pasien` (
  `id` int(11) NOT NULL,
  PRIMARY KEY (`id`),
  CONSTRAINT `pasien_ibfk_1` FOREIGN KEY (`id`) REFERENCES `orang` (`id`)
) ENGINE=InnoDB DEFAULT CHARSET=utf8mb4 COLLATE=utf8mb4_general_ci;
/*!40101 SET character_set_client = @saved_cs_client */;

--
-- Dumping data for table `pasien`
--

LOCK TABLES `pasien` WRITE;
/*!40000 ALTER TABLE `pasien` DISABLE KEYS */;
INSERT INTO `pasien` VALUES
(6),
(9),
(11),
(13),
(14),
(15),
(16),
(17),
(25),
(26),
(27),
(28),
(32),
(35),
(38),
(40),
(45),
(46),
(47),
(49),
(50),
(53),
(54),
(56),
(57),
(62),
(64),
(65),
(67),
(72),
(79),
(80),
(83),
(84),
(86),
(88),
(90),
(94),
(100),
(101),
(112),
(114),
(119),
(122),
(123),
(125),
(133),
(140),
(143),
(145),
(147),
(148),
(151),
(153),
(154),
(155),
(158),
(162),
(166),
(167),
(168),
(170),
(176),
(179),
(182),
(184),
(190),
(191),
(193),
(195),
(198),
(200),
(212),
(213),
(215),
(219),
(221),
(222),
(223),
(226),
(227),
(228),
(230),
(231),
(232),
(239),
(242),
(247),
(249),
(262),
(264),
(267),
(269),
(272),
(277),
(279),
(281),
(283),
(288),
(300);
/*!40000 ALTER TABLE `pasien` ENABLE KEYS */;
UNLOCK TABLES;

--
-- Table structure for table `penempatankamar`
--

DROP TABLE IF EXISTS `penempatankamar`;
/*!40101 SET @saved_cs_client     = @@character_set_client */;
/*!40101 SET character_set_client = utf8 */;
CREATE TABLE `penempatankamar` (
  `id` int(11) NOT NULL,
  `lantai` int(11) NOT NULL,
  `nomor` int(11) NOT NULL,
  PRIMARY KEY (`id`),
  KEY `nomor` (`nomor`,`lantai`),
  CONSTRAINT `penempatankamar_ibfk_1` FOREIGN KEY (`id`) REFERENCES `medicalrecord` (`id`),
  CONSTRAINT `penempatankamar_ibfk_2` FOREIGN KEY (`nomor`, `lantai`) REFERENCES `kelaskapasitaskamar` (`nomor`, `lantai`)
) ENGINE=InnoDB DEFAULT CHARSET=utf8mb4 COLLATE=utf8mb4_general_ci;
/*!40101 SET character_set_client = @saved_cs_client */;

--
-- Dumping data for table `penempatankamar`
--

LOCK TABLES `penempatankamar` WRITE;
/*!40000 ALTER TABLE `penempatankamar` DISABLE KEYS */;
INSERT INTO `penempatankamar` VALUES
(150,3,1),
(116,4,2),
(148,4,2),
(153,4,2),
(154,4,2),
(156,4,2),
(222,4,2),
(110,2,3),
(127,2,3),
(149,2,3),
(163,2,3),
(211,2,3),
(220,2,3),
(236,2,3),
(248,2,3),
(147,2,4),
(167,2,4),
(205,2,4),
(168,5,5),
(228,5,5),
(165,4,6),
(177,4,6),
(191,4,6),
(186,5,7),
(214,5,7),
(122,5,8),
(140,5,8),
(174,5,8),
(105,2,10),
(117,2,10),
(131,2,10),
(166,2,10),
(195,2,10),
(106,3,11),
(198,3,11),
(201,3,11),
(108,2,12),
(215,2,12),
(218,2,12),
(120,1,13),
(121,2,14),
(200,2,14),
(155,1,15),
(203,1,15),
(212,1,15),
(242,1,15),
(102,1,16),
(109,1,16),
(111,1,16),
(126,1,16),
(192,1,16),
(101,3,17),
(115,3,17),
(142,3,17),
(171,3,17),
(243,3,17),
(104,3,18),
(112,3,18),
(162,3,18),
(223,3,18),
(234,3,18),
(129,4,19),
(134,4,19),
(237,4,19),
(170,1,20),
(175,1,20),
(183,1,20),
(235,1,20),
(196,4,21),
(209,4,21),
(250,4,21),
(241,3,22),
(246,3,22),
(128,1,23),
(138,1,23),
(169,1,23),
(188,1,23),
(193,1,23),
(233,1,23),
(206,3,24),
(225,3,24),
(185,1,25),
(130,3,26),
(135,3,26),
(141,3,26),
(179,3,26),
(197,2,27),
(213,2,27),
(238,2,27),
(159,2,28),
(199,2,28),
(125,4,29),
(189,4,29),
(210,2,30),
(239,2,30),
(124,2,31),
(173,2,31),
(178,2,31),
(204,2,31),
(207,2,31),
(240,2,31),
(249,2,31),
(119,1,32),
(145,1,32),
(161,1,32),
(113,2,33),
(157,2,33),
(224,2,33),
(103,2,34),
(133,2,34),
(139,1,36),
(219,1,36),
(118,3,37),
(187,3,37),
(247,1,38),
(114,2,39),
(132,2,39),
(144,2,39),
(107,4,40),
(216,4,40),
(221,4,40),
(232,4,40),
(244,4,40),
(160,3,41),
(176,3,41),
(190,3,41),
(227,3,41),
(136,2,42),
(143,2,42),
(146,5,43),
(181,5,43),
(194,5,43),
(231,5,43),
(123,5,44),
(208,5,44),
(151,5,45),
(172,5,45),
(137,1,46),
(164,1,46),
(152,5,48),
(158,5,48),
(180,5,48),
(182,5,48),
(226,5,48),
(229,5,48),
(230,5,48),
(184,4,49),
(202,4,49),
(217,4,49),
(245,5,50);
/*!40000 ALTER TABLE `penempatankamar` ENABLE KEYS */;
UNLOCK TABLES;

--
-- Table structure for table `perawat`
--

DROP TABLE IF EXISTS `perawat`;
/*!40101 SET @saved_cs_client     = @@character_set_client */;
/*!40101 SET character_set_client = utf8 */;
CREATE TABLE `perawat` (
  `id` int(11) NOT NULL,
  PRIMARY KEY (`id`),
  CONSTRAINT `perawat_ibfk_1` FOREIGN KEY (`id`) REFERENCES `lisensitenagamedis` (`id`)
) ENGINE=InnoDB DEFAULT CHARSET=utf8mb4 COLLATE=utf8mb4_general_ci;
/*!40101 SET character_set_client = @saved_cs_client */;

--
-- Dumping data for table `perawat`
--

LOCK TABLES `perawat` WRITE;
/*!40000 ALTER TABLE `perawat` DISABLE KEYS */;
INSERT INTO `perawat` VALUES
(2),
(3),
(4),
(8),
(12),
(20),
(21),
(22),
(24),
(33),
(34),
(41),
(42),
(43),
(44),
(59),
(68),
(70),
(74),
(75),
(78),
(89),
(92),
(93),
(97),
(98),
(99),
(102),
(103),
(105),
(107),
(110),
(111),
(116),
(118),
(120),
(124),
(126),
(128),
(132),
(136),
(137),
(138),
(139),
(146),
(152),
(157),
(159),
(161),
(163),
(165),
(169),
(171),
(174),
(175),
(177),
(181),
(185),
(186),
(188),
(192),
(194),
(196),
(197),
(199),
(201),
(203),
(204),
(205),
(208),
(209),
(216),
(218),
(220),
(225),
(229),
(234),
(235),
(240),
(241),
(243),
(251),
(252),
(257),
(258),
(263),
(266),
(268),
(271),
(276),
(278),
(286),
(287),
(289),
(290),
(293),
(294),
(295),
(297),
(299);
/*!40000 ALTER TABLE `perawat` ENABLE KEYS */;
UNLOCK TABLES;

--
-- Table structure for table `perusahaanasuransi`
--

DROP TABLE IF EXISTS `perusahaanasuransi`;
/*!40101 SET @saved_cs_client     = @@character_set_client */;
/*!40101 SET character_set_client = utf8 */;
CREATE TABLE `perusahaanasuransi` (
  `id` int(11) NOT NULL AUTO_INCREMENT,
  `nama_perusahaan` varchar(255) NOT NULL,
  `nama_kontak` varchar(255) DEFAULT NULL,
  `nomor_telepon` varchar(100) NOT NULL,
  PRIMARY KEY (`id`)
) ENGINE=InnoDB AUTO_INCREMENT=11 DEFAULT CHARSET=utf8mb4 COLLATE=utf8mb4_general_ci;
/*!40101 SET character_set_client = @saved_cs_client */;

--
-- Dumping data for table `perusahaanasuransi`
--

LOCK TABLES `perusahaanasuransi` WRITE;
/*!40000 ALTER TABLE `perusahaanasuransi` DISABLE KEYS */;
INSERT INTO `perusahaanasuransi` VALUES
(1,'Arellano-Flores','Justin Morgan','083588609579'),
(2,'Porter, Sanders and Fields','Brenda Ford','081016970425'),
(3,'Barnes-Page','Tiffany Ramos','084766210012'),
(4,'Flores, Dudley and Brown','Joyce Miller','083969021696'),
(5,'Castillo, Lyons and Smith','Gabrielle Hull','089402663871'),
(6,'Phillips LLC','Scott Wise','085661467180'),
(7,'Tucker LLC','Suzanne Lee','081441510017'),
(8,'Hernandez Group','Abigail Fowler','084736742588'),
(9,'Hamilton-Wilson','Cole Barber','085361764549'),
(10,'Morris, Rivera and Stephens','Charles Lawrence','080593441406');
/*!40000 ALTER TABLE `perusahaanasuransi` ENABLE KEYS */;
UNLOCK TABLES;

--
-- Table structure for table `prosedur`
--

DROP TABLE IF EXISTS `prosedur`;
/*!40101 SET @saved_cs_client     = @@character_set_client */;
/*!40101 SET character_set_client = utf8 */;
CREATE TABLE `prosedur` (
  `id` int(11) NOT NULL AUTO_INCREMENT,
  `id_medical_records` int(11) NOT NULL,
  `nama_pengobatan` varchar(255) NOT NULL,
  `dosis` varchar(255) NOT NULL,
  `tanggal_mulai` date NOT NULL,
  `tanggal_selesai` date NOT NULL,
  PRIMARY KEY (`id`),
  KEY `id_medical_records` (`id_medical_records`),
  CONSTRAINT `prosedur_ibfk_1` FOREIGN KEY (`id_medical_records`) REFERENCES `medicalrecord` (`id`)
) ENGINE=InnoDB AUTO_INCREMENT=101 DEFAULT CHARSET=utf8mb4 COLLATE=utf8mb4_general_ci;
/*!40101 SET character_set_client = @saved_cs_client */;

--
-- Dumping data for table `prosedur`
--

LOCK TABLES `prosedur` WRITE;
/*!40000 ALTER TABLE `prosedur` DISABLE KEYS */;
INSERT INTO `prosedur` VALUES
(1,207,'choice','need','1978-08-23','2021-03-26'),
(2,147,'agree','represent','2005-04-13','1989-08-21'),
(3,228,'actually','also','2012-05-20','2007-06-09'),
(4,125,'prevent','several','1994-11-01','2000-10-14'),
(5,138,'organization','deal','2010-08-15','2013-04-11'),
(6,121,'join','staff','2001-08-18','2009-11-28'),
(7,216,'thus','energy','1980-06-03','2014-09-18'),
(8,222,'customer','enough','2001-07-28','2004-02-22'),
(9,112,'popular','a','1982-07-14','1993-02-09'),
(10,212,'buy','machine','1994-06-09','1987-03-12'),
(11,214,'significant','follow','1985-07-15','2023-03-20'),
(12,173,'new','the','1977-11-07','2010-07-28'),
(13,240,'buy','ground','2019-11-17','2003-01-21'),
(14,226,'old','condition','2005-12-28','2015-11-23'),
(15,125,'low','necessary','1988-02-28','2011-01-18'),
(16,235,'take','doctor','1989-12-14','1990-07-12'),
(17,233,'phone','movement','1979-12-01','1972-03-09'),
(18,169,'decade','some','1985-06-07','2020-12-30'),
(19,192,'imagine','part','2010-12-07','2000-06-12'),
(20,197,'establish','mind','2022-08-13','2021-05-20'),
(21,235,'past','scientist','1988-04-05','1982-12-12'),
(22,171,'than','team','1975-09-21','2001-08-20'),
(23,225,'item','game','2017-02-17','2007-07-16'),
(24,127,'main','exactly','1979-10-15','2010-09-05'),
(25,217,'know','once','1993-12-07','2008-04-03'),
(26,188,'safe','near','2012-12-21','1999-03-11'),
(27,174,'live','really','1985-09-07','1999-08-02'),
(28,142,'between','today','1981-04-29','2016-04-01'),
(29,123,'one','war','2015-05-17','2000-06-01'),
(30,207,'figure','exist','1980-07-22','1980-03-20'),
(31,194,'school','agreement','1975-07-29','1979-11-01'),
(32,231,'fill','reduce','2002-03-14','1985-01-15'),
(33,103,'stay','fight','1987-11-07','2014-07-25'),
(34,186,'maybe','talk','2016-05-14','2023-03-02'),
(35,176,'kind','movie','2013-02-28','1980-01-25'),
(36,210,'stop','by','2014-05-31','2009-04-25'),
(37,197,'arrive','hand','1998-06-02','2006-05-29'),
(38,134,'skin','finally','1985-02-07','2015-06-19'),
(39,147,'like','many','1970-01-15','1978-10-12'),
(40,154,'office','race','1998-02-16','1992-01-06'),
(41,135,'physical','nature','1988-04-05','1988-09-09'),
(42,163,'start','eight','1972-08-21','2010-03-26'),
(43,125,'leave','seek','1977-08-09','1988-03-07'),
(44,197,'push','door','1998-04-19','1993-01-09'),
(45,115,'red','action','2016-05-07','1980-09-08'),
(46,202,'offer','return','2011-04-12','2022-01-12'),
(47,192,'something','teacher','2002-01-01','2021-01-15'),
(48,214,'tax','reduce','2005-12-16','2013-09-12'),
(49,245,'share','drive','1992-12-26','1979-04-06'),
(50,222,'early','around','2003-05-19','2008-07-30'),
(51,112,'future','professional','1970-10-07','1970-09-11'),
(52,164,'energy','believe','1994-03-31','2002-12-09'),
(53,162,'street','his','1994-12-19','2001-04-30'),
(54,196,'office','authority','2017-11-06','1988-03-08'),
(55,120,'big','lead','1983-01-04','2004-04-17'),
(56,177,'always','state','2014-04-20','2006-03-25'),
(57,130,'exist','marriage','1974-10-02','2022-08-15'),
(58,198,'authority','manager','2013-08-11','1990-09-29'),
(59,137,'trip','air','1997-04-18','2011-02-28'),
(60,184,'hard','fact','2006-12-29','2015-05-24'),
(61,171,'sort','red','1984-07-05','1995-10-25'),
(62,239,'south','performance','2012-05-08','1983-05-28'),
(63,115,'option','door','2008-10-27','1990-03-07'),
(64,173,'see','million','1974-05-13','1987-05-11'),
(65,192,'drive','wrong','1981-07-30','2022-12-07'),
(66,184,'bit','sister','2016-11-11','2020-03-17'),
(67,110,'chair','color','1979-11-08','1987-12-19'),
(68,111,'whose','determine','2020-07-19','2020-11-11'),
(69,245,'machine','evidence','2016-08-04','2007-03-11'),
(70,130,'place','avoid','2021-04-27','1987-08-14'),
(71,224,'often','office','1976-01-20','1981-09-28'),
(72,130,'bad','fall','1970-12-10','2019-07-02'),
(73,175,'miss','us','1987-04-16','2008-11-06'),
(74,149,'plan','personal','1994-04-11','1993-02-15'),
(75,223,'church','dog','2004-10-11','1987-10-31'),
(76,231,'different','audience','2018-08-04','1976-02-14'),
(77,209,'ago','fine','1984-04-01','2021-03-29'),
(78,133,'particularly','establish','2012-11-30','2020-03-21'),
(79,190,'left','more','1993-04-26','1978-04-06'),
(80,143,'out','house','1982-07-22','2008-02-01'),
(81,122,'prove','less','2011-10-01','1983-12-08'),
(82,218,'season','notice','2004-06-13','2003-01-01'),
(83,117,'above','key','1991-01-05','2010-12-26'),
(84,208,'than','safe','1989-05-29','1989-04-21'),
(85,108,'all','would','1998-02-13','1993-01-25'),
(86,103,'west','medical','1994-12-07','1975-04-03'),
(87,234,'image','worker','2023-02-01','2017-05-08'),
(88,229,'not','face','2007-07-19','1986-09-01'),
(89,169,'every','past','2013-11-24','2003-12-01'),
(90,232,'week','physical','1978-06-16','1991-02-05'),
(91,182,'need','law','2013-05-20','1979-11-14'),
(92,153,'her','collection','2011-03-07','2004-08-20'),
(93,178,'listen','any','1972-02-12','1976-06-01'),
(94,147,'only','style','1989-04-11','2017-02-21'),
(95,192,'wear','science','1982-08-31','1992-12-26'),
(96,235,'dog','significant','1993-10-07','2002-06-05'),
(97,237,'weight','quite','2014-12-13','1973-09-02'),
(98,109,'operation','happy','1982-03-13','2001-12-13'),
(99,210,'stage','why','1987-05-13','1995-02-18'),
(100,199,'throw','item','2006-02-03','2008-04-07');
/*!40000 ALTER TABLE `prosedur` ENABLE KEYS */;
UNLOCK TABLES;

--
-- Table structure for table `resep`
--

DROP TABLE IF EXISTS `resep`;
/*!40101 SET @saved_cs_client     = @@character_set_client */;
/*!40101 SET character_set_client = utf8 */;
CREATE TABLE `resep` (
  `id` int(11) NOT NULL AUTO_INCREMENT,
  `id_medical_records` int(11) NOT NULL,
  `nama_pengobatan` varchar(255) NOT NULL,
  `dosis` varchar(255) NOT NULL,
  `tanggal_mulai` date NOT NULL,
  `tanggal_selesai` date NOT NULL,
  PRIMARY KEY (`id`),
  KEY `id_medical_records` (`id_medical_records`),
  CONSTRAINT `resep_ibfk_1` FOREIGN KEY (`id_medical_records`) REFERENCES `medicalrecord` (`id`)
) ENGINE=InnoDB AUTO_INCREMENT=101 DEFAULT CHARSET=utf8mb4 COLLATE=utf8mb4_general_ci;
/*!40101 SET character_set_client = @saved_cs_client */;

--
-- Dumping data for table `resep`
--

LOCK TABLES `resep` WRITE;
/*!40000 ALTER TABLE `resep` DISABLE KEYS */;
INSERT INTO `resep` VALUES
(1,224,'cultural','box','2004-03-24','1982-11-26'),
(2,135,'tough','sign','1991-04-24','1998-03-08'),
(3,181,'great','raise','2007-06-07','1978-10-09'),
(4,144,'player','attack','2008-05-04','2014-04-13'),
(5,185,'camera','light','2009-05-09','1999-11-26'),
(6,114,'realize','effect','1983-12-12','1987-10-31'),
(7,120,'dog','apply','2009-05-26','1983-09-06'),
(8,120,'prove','cause','1975-04-17','2019-04-13'),
(9,164,'bill','owner','2014-10-20','1988-05-10'),
(10,154,'develop','bank','2002-03-03','1985-07-17'),
(11,225,'respond','huge','1979-02-22','2000-11-01'),
(12,198,'fast','culture','2021-04-28','2019-12-23'),
(13,247,'baby','recent','1991-08-18','2019-05-03'),
(14,190,'image','win','2013-12-01','2013-06-26'),
(15,156,'per','behavior','2016-01-19','2010-11-15'),
(16,232,'wrong','nation','1997-05-03','1982-04-16'),
(17,136,'support','local','1991-10-01','2005-02-20'),
(18,154,'cut','similar','1989-12-04','2021-06-14'),
(19,239,'charge','board','2012-05-10','1971-08-31'),
(20,150,'picture','yourself','1996-08-30','2018-01-27'),
(21,151,'series','different','2021-04-01','1981-09-14'),
(22,248,'mother','away','1994-02-22','2019-12-21'),
(23,224,'walk','position','1985-03-08','2010-10-03'),
(24,230,'ok','only','2011-09-29','1975-08-23'),
(25,204,'key','reality','1997-12-29','2011-05-13'),
(26,215,'within','big','1976-03-24','1973-02-02'),
(27,247,'radio','blue','1979-11-07','1982-03-07'),
(28,165,'measure','evidence','1993-10-20','2002-01-01'),
(29,228,'part','pass','2021-10-04','1988-08-09'),
(30,103,'unit','tend','1993-04-10','1974-08-24'),
(31,152,'mean','change','2004-08-20','1976-05-17'),
(32,242,'whether','she','1998-02-16','2013-10-14'),
(33,139,'me','at','1997-12-14','1991-01-08'),
(34,238,'small','radio','1989-03-23','1972-05-20'),
(35,123,'window','read','1987-07-14','1973-02-25'),
(36,157,'blue','number','1978-05-08','1973-01-27'),
(37,239,'tax','nice','1971-04-15','2014-08-30'),
(38,204,'institution','picture','2018-06-25','1986-01-05'),
(39,194,'data','pressure','1983-07-05','1995-06-08'),
(40,129,'design','real','1990-08-18','2014-02-21'),
(41,143,'carry','medical','1999-11-01','1973-07-04'),
(42,200,'control','improve','2022-02-03','1995-02-15'),
(43,144,'well','material','1995-04-05','1993-04-22'),
(44,218,'way','evening','2019-01-17','2008-12-03'),
(45,144,'drop','each','1978-01-13','2000-04-24'),
(46,111,'know','up','1978-10-21','1996-12-18'),
(47,129,'world','will','2005-09-15','2010-12-23'),
(48,117,'week','happy','1994-10-12','2017-04-13'),
(49,191,'when','course','1977-10-05','1974-07-07'),
(50,126,'movie','above','1975-02-12','1973-04-05'),
(51,250,'experience','activity','1994-10-26','1995-08-12'),
(52,141,'son','hot','2022-11-18','1977-03-19'),
(53,191,'call','serve','1988-08-19','2021-01-03'),
(54,211,'choose','he','1989-02-07','1987-05-12'),
(55,249,'have','new','1973-06-30','1978-09-16'),
(56,106,'third','do','2000-12-08','2009-10-28'),
(57,237,'you','military','1981-02-16','1992-03-02'),
(58,223,'success','knowledge','2018-10-08','1984-11-02'),
(59,213,'very','his','2018-03-18','1972-06-06'),
(60,159,'instead','produce','1995-10-24','1993-12-09'),
(61,143,'support','so','1975-09-26','2016-06-17'),
(62,189,'those','operation','2017-05-19','1987-06-25'),
(63,176,'use','method','1998-05-14','1988-08-07'),
(64,179,'want','matter','2018-08-21','1987-11-23'),
(65,128,'pay','life','1999-12-30','1975-09-06'),
(66,160,'hand','mention','2003-03-10','2020-11-01'),
(67,246,'catch','identify','2019-05-06','1982-03-18'),
(68,116,'game','cold','1996-11-17','2012-04-19'),
(69,164,'professor','box','1972-08-15','2011-06-13'),
(70,180,'economic','hour','1981-09-04','2019-08-25'),
(71,221,'hot','energy','1974-11-29','2014-09-03'),
(72,144,'audience','plant','1981-01-14','2019-12-05'),
(73,190,'start','top','2019-12-31','2001-06-28'),
(74,243,'person','floor','2015-11-01','2011-07-03'),
(75,193,'father','participant','2008-07-15','2002-01-24'),
(76,211,'truth','sense','1983-02-25','2021-11-14'),
(77,240,'talk','almost','1996-01-31','2001-09-26'),
(78,153,'whatever','like','1981-12-07','1991-01-24'),
(79,115,'key','customer','1994-11-24','1978-10-13'),
(80,239,'per','game','2018-05-16','2007-06-29'),
(81,150,'test','prevent','2003-04-30','1987-07-01'),
(82,130,'billion','later','1992-04-26','2009-03-28'),
(83,136,'responsibility','we','1991-05-14','2018-04-08'),
(84,232,'another','pressure','1999-01-15','1979-11-28'),
(85,109,'require','activity','2014-11-13','2017-02-17'),
(86,175,'training','know','1977-10-07','2008-07-31'),
(87,183,'music','campaign','2010-02-14','1998-03-19'),
(88,123,'whose','light','1970-10-21','2006-05-17'),
(89,111,'tonight','rate','1998-01-02','2015-09-27'),
(90,171,'member','behavior','1974-03-20','2008-07-19'),
(91,250,'not','water','2016-11-10','2016-02-14'),
(92,230,'contain','organization','1982-03-15','2003-04-10'),
(93,109,'will','case','1975-10-17','1980-01-18'),
(94,116,'property','peace','2001-08-02','1997-10-17'),
(95,126,'oil','rather','1996-02-12','1978-08-19'),
(96,224,'exist','record','1993-01-23','1989-12-19'),
(97,168,'new','assume','1989-03-28','1979-10-01'),
(98,169,'toward','only','2013-05-06','1986-03-21'),
(99,105,'sign','budget','1976-06-18','1971-01-01'),
(100,169,'discussion','gun','1977-08-24','1980-02-04');
/*!40000 ALTER TABLE `resep` ENABLE KEYS */;
UNLOCK TABLES;

--
-- Table structure for table `satuantugas`
--

DROP TABLE IF EXISTS `satuantugas`;
/*!40101 SET @saved_cs_client     = @@character_set_client */;
/*!40101 SET character_set_client = utf8 */;
CREATE TABLE `satuantugas` (
  `id_kerja_sama` int(11) NOT NULL,
  `id` int(11) NOT NULL,
  PRIMARY KEY (`id_kerja_sama`,`id`),
  KEY `id` (`id`),
  CONSTRAINT `satuantugas_ibfk_1` FOREIGN KEY (`id`) REFERENCES `lisensitenagamedis` (`id`)
) ENGINE=InnoDB DEFAULT CHARSET=utf8mb4 COLLATE=utf8mb4_general_ci;
/*!40101 SET character_set_client = @saved_cs_client */;

--
-- Dumping data for table `satuantugas`
--

LOCK TABLES `satuantugas` WRITE;
/*!40000 ALTER TABLE `satuantugas` DISABLE KEYS */;
INSERT INTO `satuantugas` VALUES
(0,185),
(0,203),
(0,216),
(0,284),
(1,78),
(1,174),
(1,181),
(1,253),
(2,34),
(2,130),
(3,70),
(3,181),
(3,189),
(3,204),
(3,211),
(4,92),
(4,95),
(4,265),
(4,268),
(4,297),
(5,164),
(5,188),
(6,29),
(6,157),
(6,172),
(6,197),
(6,252),
(7,70),
(7,113),
(7,241),
(7,258),
(8,33),
(8,108),
(8,183),
(8,229),
(8,233),
(8,257),
(9,107),
(9,129),
(9,202),
(9,243),
(9,261),
(10,58),
(10,78),
(10,116),
(10,127),
(10,211),
(11,157),
(11,270),
(12,33),
(12,37),
(12,160),
(12,161),
(12,245),
(13,19),
(13,89),
(13,106),
(14,59),
(14,157),
(14,246),
(14,256),
(14,266),
(15,22),
(15,44),
(15,130),
(15,142),
(15,246),
(15,293),
(16,5),
(16,77),
(16,93),
(16,270),
(17,111),
(17,259),
(17,273),
(17,298),
(18,121),
(18,137),
(18,233),
(18,248),
(19,1),
(19,102),
(19,130),
(19,197),
(19,214),
(19,220),
(20,126),
(20,172),
(20,189),
(20,194),
(21,55),
(21,92),
(21,98),
(21,188),
(21,250),
(21,274),
(22,91),
(22,177),
(22,225),
(23,2),
(23,34),
(23,51),
(23,55),
(23,124),
(23,244),
(24,20),
(24,89),
(24,132),
(24,217),
(24,255),
(24,260),
(25,55),
(25,82),
(25,87),
(25,159),
(26,60),
(26,91),
(26,107),
(26,128),
(26,286),
(27,117),
(27,132),
(27,137),
(27,248),
(28,73),
(28,124),
(28,181),
(29,282),
(29,290),
(29,291),
(30,63),
(30,129),
(30,220),
(31,41),
(31,44),
(31,131),
(31,209),
(32,1),
(32,93),
(32,204),
(32,241),
(33,43),
(33,91),
(34,144),
(34,152),
(34,206),
(35,73),
(35,196),
(35,208),
(35,261),
(36,59),
(36,81),
(36,292),
(37,21),
(37,128),
(37,237),
(38,71),
(38,85),
(38,152),
(38,177),
(38,204),
(39,23),
(39,39),
(39,99),
(39,102),
(39,252),
(39,253),
(40,8),
(40,92),
(40,211),
(40,285),
(41,19),
(41,127),
(41,204),
(41,256),
(41,257),
(42,63),
(42,109),
(42,132),
(42,229),
(42,237),
(42,252),
(43,266),
(43,284),
(44,29),
(44,63),
(44,124),
(44,129),
(44,297),
(45,104),
(45,293),
(46,69),
(46,71),
(46,102),
(47,39),
(47,44),
(47,99),
(47,290),
(47,291),
(48,69),
(48,111),
(48,117),
(48,240),
(48,278),
(49,31),
(49,77),
(49,96),
(49,196),
(49,257),
(49,266),
(50,92),
(50,130),
(50,192),
(50,241),
(50,275),
(50,296),
(51,76),
(51,130),
(51,164),
(51,174),
(52,8),
(52,95),
(52,164),
(52,206),
(53,42),
(53,52),
(53,210),
(53,244),
(53,268),
(54,24),
(54,52),
(54,250),
(55,63),
(55,78),
(55,129),
(55,175),
(56,12),
(56,55),
(56,73),
(56,261),
(57,37),
(57,126),
(57,134),
(57,237),
(57,252),
(57,268),
(58,1),
(58,69),
(58,297),
(58,298),
(59,77),
(59,289),
(60,4),
(60,24),
(60,59),
(60,211),
(60,253),
(61,115),
(61,178),
(61,188),
(62,39),
(62,175),
(62,187),
(62,248),
(63,70),
(63,233),
(63,241),
(63,289),
(64,10),
(64,156),
(64,225),
(65,108),
(65,229),
(66,81),
(66,138),
(66,174),
(66,192),
(66,244),
(66,253),
(67,69),
(67,132),
(67,146),
(67,209),
(68,76),
(68,108),
(68,175),
(68,210),
(69,113),
(69,257);
/*!40000 ALTER TABLE `satuantugas` ENABLE KEYS */;
UNLOCK TABLES;

--
-- Table structure for table `teslab`
--

DROP TABLE IF EXISTS `teslab`;
/*!40101 SET @saved_cs_client     = @@character_set_client */;
/*!40101 SET character_set_client = utf8 */;
CREATE TABLE `teslab` (
  `id` int(11) NOT NULL AUTO_INCREMENT,
  `id_medical_records` int(11) NOT NULL,
  `tanggal_tes` date NOT NULL,
  `hasil` varchar(255) NOT NULL,
  `tempat` varchar(100) NOT NULL,
  PRIMARY KEY (`id`),
  KEY `id_medical_records` (`id_medical_records`),
  CONSTRAINT `teslab_ibfk_1` FOREIGN KEY (`id_medical_records`) REFERENCES `medicalrecord` (`id`)
) ENGINE=InnoDB AUTO_INCREMENT=101 DEFAULT CHARSET=utf8mb4 COLLATE=utf8mb4_general_ci;
/*!40101 SET character_set_client = @saved_cs_client */;

--
-- Dumping data for table `teslab`
--

LOCK TABLES `teslab` WRITE;
/*!40000 ALTER TABLE `teslab` DISABLE KEYS */;
INSERT INTO `teslab` VALUES
(1,101,'2020-12-22','Machine partner treat thus ten only.','Lab Urinalisis'),
(2,224,'2017-05-30','Democratic eat partner peace create raise.','Lab Radiologi'),
(3,102,'2022-05-30','Everything southern couple sometimes important painting.','Lab Patologi Klinik'),
(4,103,'2012-05-10','Hope all everyone film however eat however.','Lab Imunologi'),
(5,104,'2016-12-24','Window against yourself kid threat on.','Lab Biokimia'),
(6,105,'2002-07-04','Strategy rich five.','Lab Genetik'),
(7,106,'2015-06-22','Involve article rest defense fly.','Lab Klinik'),
(8,107,'2020-04-02','Chair American player school.','Lab Biokimia'),
(9,243,'2006-11-03','Performance thought house he activity poor.','Lab Kimia Klinik'),
(10,108,'2003-05-25','Professor toward southern news effort population.','Lab Serologi'),
(11,202,'2005-02-24','Very involve quickly.','Lab Hematologi'),
(12,109,'2011-11-29','Guy close human choice free.','Lab Biokimia'),
(13,221,'2021-01-01','Certain week camera because magazine kid south.','Lab Klinik'),
(14,110,'2021-11-28','Themselves condition summer including.','Lab Biokimia'),
(15,111,'2017-09-24','Bring worker here follow cup clear can.','Lab Imunologi'),
(16,234,'2002-09-06','Provide need big son heart.','Lab Urinalisis'),
(17,112,'2013-02-20','Create year project goal after beat.','Lab Imunologi'),
(18,113,'2009-10-29','Quite others since keep.','Lab Biokimia'),
(19,226,'2020-08-27','Agree everything international skill both.','Lab Klinik'),
(20,114,'2007-07-12','Shake computer begin executive.','Lab Parasitologi'),
(21,115,'2009-04-03','Ahead friend wrong.','Lab Patologi Klinik'),
(22,236,'2006-12-11','Born run program some red.','Lab Urinalisis'),
(23,116,'2006-07-08','These product hard better.','Lab Parasitologi'),
(24,210,'2022-02-11','Add alone question yourself best remain church.','Lab Urinalisis'),
(25,117,'2012-01-05','Mr relationship within parent return sing pretty.','Lab Biokimia'),
(26,237,'2007-10-27','Shake lot upon.','Lab Hematologi'),
(27,118,'2014-08-22','Media discover treat perhaps traditional.','Lab Kimia Klinik'),
(28,119,'2005-02-22','Son treatment other institution popular.','Lab Patologi Klinik'),
(29,120,'2013-12-05','Leave lay whose but weight experience.','Lab Serologi'),
(30,121,'2008-07-06','Student range star improve through.','Lab Imunologi'),
(31,235,'2019-07-16','Consider money leg hair nor choose against weight.','Lab Serologi'),
(32,122,'2007-01-16','Even early build under.','Lab Serologi'),
(33,123,'2008-04-05','While page agree possible hospital occur market.','Lab Serologi'),
(34,124,'2005-04-06','Office order traditional way kid fact thank.','Lab Hematologi'),
(35,125,'2012-12-10','Despite body factor situation among military.','Lab Urinalisis'),
(36,241,'2004-09-02','Author prevent tough real range to if.','Lab Serologi'),
(37,126,'2017-01-15','Page place mean find next former wrong.','Lab Hematologi'),
(38,127,'2018-05-17','Majority field serious must middle news.','Lab Kimia Klinik'),
(39,201,'2015-06-17','Show want leader give.','Lab Urinalisis'),
(40,128,'2002-05-31','Out any risk never campaign.','Lab Imunologi'),
(41,129,'2018-04-05','Forward dinner economic letter without establish under.','Lab Radiologi'),
(42,244,'2020-10-07','Two participant management gun open store.','Lab Imunologi'),
(43,130,'2020-03-23','Stop add big him others.','Lab Patologi Klinik'),
(44,211,'2021-11-05','Not government blood since south.','Lab Mikrobiologi'),
(45,242,'2018-04-20','Seven skill suddenly car.','Lab Serologi'),
(46,131,'2004-12-31','Perform to off four audience paper spring.','Lab Biokimia'),
(47,132,'2001-12-01','Natural expect role arrive age.','Lab Mikrobiologi'),
(48,133,'2008-08-23','Pay five recognize true.','Lab Biokimia'),
(49,225,'2015-06-27','Over open way traditional cultural.','Lab Hematologi'),
(50,232,'2022-02-26','Smile professional sister prevent American program.','Lab Mikrobiologi'),
(51,134,'2021-08-14','Always impact cultural add.','Lab Genetik'),
(52,135,'2020-10-07','Image focus nature machine speak.','Lab Mikrobiologi'),
(53,136,'2001-08-15','Voice enjoy upon news.','Lab Urinalisis'),
(54,137,'2001-11-20','Smile wonder provide tough attack.','Lab Genetik'),
(55,138,'2007-04-05','Find room threat light trip old thought practice.','Lab Patologi Klinik'),
(56,139,'2016-10-11','Else degree move represent increase serve.','Lab Imunologi'),
(57,140,'2022-02-07','State herself building fear everything create reveal billion.','Lab Mikrobiologi'),
(58,250,'2007-07-03','Her side treatment performance find term Democrat.','Lab Kimia Klinik'),
(59,141,'2020-08-15','Go challenge doctor will structure trip anything.','Lab Hematologi'),
(60,142,'2019-10-18','Meet election run what wear story space reveal.','Lab Genetik'),
(61,217,'2016-07-19','Teacher carry nothing significant recognize by population.','Lab Biokimia'),
(62,247,'2008-04-11','Air throw whom avoid very.','Lab Parasitologi'),
(63,143,'2015-02-18','Firm another short.','Lab Kimia Klinik'),
(64,144,'2020-04-20','Hard develop never class same TV.','Lab Patologi Klinik'),
(65,145,'2019-04-11','Structure pass stuff they make boy.','Lab Klinik'),
(66,227,'2012-07-20','Store Mr traditional list bring drug.','Lab Patologi Klinik'),
(67,146,'2014-03-23','Central marriage any fight agree probably.','Lab Genetik'),
(68,147,'2017-06-18','Important know rich all budget blood.','Lab Patologi Klinik'),
(69,148,'2001-12-03','Green wrong soldier feel describe.','Lab Serologi'),
(70,149,'2022-03-19','Million sister medical glass top help create today.','Lab Hematologi'),
(71,209,'2017-02-02','Feel consumer determine successful its face.','Lab Urinalisis'),
(72,150,'2002-11-19','Address evening future fall collection film.','Lab Kimia Klinik'),
(73,214,'2010-04-02','Sell national common production child issue.','Lab Urinalisis'),
(74,151,'2007-03-26','Consider decision somebody stop go trial.','Lab Patologi Klinik'),
(75,231,'2016-06-19','First offer world a.','Lab Klinik'),
(76,152,'2006-04-10','Hotel husband north mother movie Republican measure million.','Lab Serologi'),
(77,153,'2002-12-18','Through your experience because entire degree.','Lab Biokimia'),
(78,248,'2004-01-30','Third step will democratic.','Lab Hematologi'),
(79,154,'2015-11-04','Matter trouble toward base major idea part heart.','Lab Urinalisis'),
(80,155,'2017-11-18','Agree couple office area fire effect prove may.','Lab Mikrobiologi'),
(81,156,'2020-06-01','Physical east yeah they key think some finish.','Lab Klinik'),
(82,157,'2021-01-28','Final left week mother.','Lab Hematologi'),
(83,158,'2010-03-25','Education class police concern second understand alone.','Lab Imunologi'),
(84,220,'2016-09-23','House either also billion share to year.','Lab Radiologi'),
(85,159,'2018-10-21','Blue TV hear western several.','Lab Mikrobiologi'),
(86,160,'2014-11-05','Significant million deal cut.','Lab Mikrobiologi'),
(87,161,'2016-10-12','Feeling speech sound society race general crime environment.','Lab Imunologi'),
(88,216,'2020-10-18','Condition interview forward put.','Lab Kimia Klinik'),
(89,229,'2019-10-22','Individual word education member safe.','Lab Kimia Klinik'),
(90,162,'2015-07-19','Step teacher I sense language light.','Lab Kimia Klinik'),
(91,163,'2003-03-11','Wear I exist gas maintain must know.','Lab Serologi'),
(92,164,'2008-11-18','Message environment voice activity.','Lab Parasitologi'),
(93,213,'2013-11-26','Pull article hospital need.','Lab Hematologi'),
(94,165,'2007-09-17','Side news thank million my.','Lab Klinik'),
(95,204,'2007-10-07','Must smile news there finally find still.','Lab Mikrobiologi'),
(96,166,'2017-05-29','Data after air loss plant arrive whatever left.','Lab Patologi Klinik'),
(97,167,'2021-12-26','Hit girl successful writer.','Lab Imunologi'),
(98,168,'2020-10-03','Share nature garden forward he get.','Lab Parasitologi'),
(99,169,'2020-03-08','Along pull recognize represent.','Lab Hematologi'),
(100,170,'2010-05-13','Level lay stop first.','Lab Klinik');
/*!40000 ALTER TABLE `teslab` ENABLE KEYS */;
UNLOCK TABLES;
/*!40103 SET TIME_ZONE=@OLD_TIME_ZONE */;

/*!40101 SET SQL_MODE=@OLD_SQL_MODE */;
/*!40014 SET FOREIGN_KEY_CHECKS=@OLD_FOREIGN_KEY_CHECKS */;
/*!40014 SET UNIQUE_CHECKS=@OLD_UNIQUE_CHECKS */;
/*!40101 SET CHARACTER_SET_CLIENT=@OLD_CHARACTER_SET_CLIENT */;
/*!40101 SET CHARACTER_SET_RESULTS=@OLD_CHARACTER_SET_RESULTS */;
/*!40101 SET COLLATION_CONNECTION=@OLD_COLLATION_CONNECTION */;
/*!40111 SET SQL_NOTES=@OLD_SQL_NOTES */;

-- Dump completed on 2023-05-02 12:10:02
