-- MariaDB dump 10.19  Distrib 10.10.3-MariaDB, for Win64 (AMD64)
--
-- Host: localhost    Database: rumahsakit8
-- ------------------------------------------------------
-- Server version	10.10.3-MariaDB

/*!40101 SET @OLD_CHARACTER_SET_CLIENT=@@CHARACTER_SET_CLIENT */;
/*!40101 SET @OLD_CHARACTER_SET_RESULTS=@@CHARACTER_SET_RESULTS */;
/*!40101 SET @OLD_COLLATION_CONNECTION=@@COLLATION_CONNECTION */;
/*!40101 SET NAMES utf8mb4 */;
/*!40103 SET @OLD_TIME_ZONE=@@TIME_ZONE */;
/*!40103 SET TIME_ZONE='+00:00' */;
/*!40014 SET @OLD_UNIQUE_CHECKS=@@UNIQUE_CHECKS, UNIQUE_CHECKS=0 */;
/*!40014 SET @OLD_FOREIGN_KEY_CHECKS=@@FOREIGN_KEY_CHECKS, FOREIGN_KEY_CHECKS=0 */;
/*!40101 SET @OLD_SQL_MODE=@@SQL_MODE, SQL_MODE='NO_AUTO_VALUE_ON_ZERO' */;
/*!40111 SET @OLD_SQL_NOTES=@@SQL_NOTES, SQL_NOTES=0 */;

--
-- Table structure for table `departemen`
--

DROP TABLE IF EXISTS `departemen`;
/*!40101 SET @saved_cs_client     = @@character_set_client */;
/*!40101 SET character_set_client = utf8 */;
CREATE TABLE `departemen` (
  `id` int(11) NOT NULL AUTO_INCREMENT,
  `nama_departemen` varchar(255) NOT NULL,
  PRIMARY KEY (`id`),
  KEY `nama_departemen` (`nama_departemen`),
  CONSTRAINT `departemen_ibfk_1` FOREIGN KEY (`nama_departemen`) REFERENCES `kepaladepartemen` (`nama_departemen`)
) ENGINE=InnoDB AUTO_INCREMENT=19 DEFAULT CHARSET=latin1 COLLATE=latin1_swedish_ci;
/*!40101 SET character_set_client = @saved_cs_client */;

--
-- Dumping data for table `departemen`
--

LOCK TABLES `departemen` WRITE;
/*!40000 ALTER TABLE `departemen` DISABLE KEYS */;
INSERT INTO `departemen` VALUES
(1,'Anestesiologi'),
(2,'Bedah'),
(3,'Bedah Saraf'),
(4,'Dermatologi'),
(5,'Farmakologi Klinik'),
(6,'Forensik dan Medikolegal'),
(7,'Ilmu Gizi Klinik'),
(8,'Kebidanan dan Kandungan'),
(9,'Kesehatan Anak'),
(10,'Kesehatan Jiwa'),
(11,'Medik Gigi dan Mulut'),
(12,'Mikrobiologi Klinik'),
(13,'Orthopedi dan Traumatologi'),
(14,'Patologi Klinik'),
(15,'Penyakit Dalam'),
(16,'Penyakit Saraf'),
(17,'THT'),
(18,'Urologi');
/*!40000 ALTER TABLE `departemen` ENABLE KEYS */;
UNLOCK TABLES;

--
-- Table structure for table `departementenagamedis`
--

DROP TABLE IF EXISTS `departementenagamedis`;
/*!40101 SET @saved_cs_client     = @@character_set_client */;
/*!40101 SET character_set_client = utf8 */;
CREATE TABLE `departementenagamedis` (
  `nomor_lisensi` varchar(25) NOT NULL,
  `id_departemen` int(11) NOT NULL,
  PRIMARY KEY (`nomor_lisensi`),
  KEY `id_departemen` (`id_departemen`),
  CONSTRAINT `departementenagamedis_ibfk_1` FOREIGN KEY (`nomor_lisensi`) REFERENCES `lisensitenagamedis` (`nomor_lisensi`),
  CONSTRAINT `departementenagamedis_ibfk_2` FOREIGN KEY (`id_departemen`) REFERENCES `departemen` (`id`)
) ENGINE=InnoDB DEFAULT CHARSET=latin1 COLLATE=latin1_swedish_ci;
/*!40101 SET character_set_client = @saved_cs_client */;

--
-- Dumping data for table `departementenagamedis`
--

LOCK TABLES `departementenagamedis` WRITE;
/*!40000 ALTER TABLE `departementenagamedis` DISABLE KEYS */;
INSERT INTO `departementenagamedis` VALUES
('106',1),
('107',1),
('130',1),
('133',1),
('205',1),
('207',1),
('210',1),
('211',1),
('221',1),
('222',1),
('233',1),
('245',1),
('252',1),
('256',1),
('279',1),
('298',1),
('118',2),
('213',2),
('219',2),
('261',2),
('274',2),
('105',3),
('121',3),
('147',3),
('149',3),
('169',3),
('174',3),
('182',3),
('183',3),
('204',3),
('264',3),
('272',3),
('286',3),
('150',4),
('163',4),
('190',4),
('191',4),
('199',4),
('214',4),
('240',4),
('265',4),
('268',4),
('289',4),
('119',5),
('125',5),
('137',5),
('161',5),
('176',5),
('188',5),
('229',5),
('230',5),
('247',5),
('248',5),
('257',5),
('259',5),
('262',5),
('266',5),
('273',5),
('120',6),
('187',6),
('198',6),
('201',6),
('285',6),
('292',6),
('102',7),
('139',7),
('144',7),
('148',7),
('154',7),
('186',7),
('224',7),
('250',7),
('260',7),
('275',7),
('284',7),
('115',8),
('129',8),
('151',8),
('160',8),
('206',8),
('216',8),
('228',8),
('241',8),
('281',8),
('290',8),
('297',8),
('300',8),
('128',9),
('155',9),
('162',9),
('192',9),
('208',9),
('218',9),
('227',9),
('251',9),
('253',9),
('271',9),
('110',10),
('112',10),
('116',10),
('146',10),
('157',10),
('212',10),
('217',10),
('237',10),
('239',10),
('267',10),
('140',11),
('145',11),
('153',11),
('165',11),
('168',11),
('189',11),
('195',11),
('226',11),
('234',11),
('235',11),
('269',11),
('270',11),
('278',11),
('291',11),
('294',11),
('113',12),
('134',12),
('138',12),
('152',12),
('170',12),
('203',12),
('258',12),
('108',13),
('111',13),
('132',13),
('180',13),
('200',13),
('225',13),
('238',13),
('288',13),
('114',14),
('126',14),
('143',14),
('156',14),
('164',14),
('166',14),
('173',14),
('178',14),
('181',14),
('215',14),
('231',14),
('249',14),
('255',14),
('277',14),
('296',14),
('109',15),
('124',15),
('158',15),
('159',15),
('171',15),
('196',15),
('242',15),
('104',16),
('117',16),
('122',16),
('136',16),
('179',16),
('193',16),
('209',16),
('243',16),
('263',16),
('280',16),
('287',16),
('101',17),
('103',17),
('123',17),
('127',17),
('131',17),
('141',17),
('167',17),
('175',17),
('184',17),
('185',17),
('202',17),
('220',17),
('223',17),
('246',17),
('254',17),
('276',17),
('293',17),
('295',17),
('299',17),
('135',18),
('142',18),
('172',18),
('177',18),
('194',18),
('197',18),
('232',18),
('236',18),
('244',18),
('282',18),
('283',18);
/*!40000 ALTER TABLE `departementenagamedis` ENABLE KEYS */;
UNLOCK TABLES;

--
-- Table structure for table `desakecamatan`
--

DROP TABLE IF EXISTS `desakecamatan`;
/*!40101 SET @saved_cs_client     = @@character_set_client */;
/*!40101 SET character_set_client = utf8 */;
CREATE TABLE `desakecamatan` (
  `desa_kelurahan` varchar(255) NOT NULL,
  `kecamatan` varchar(255) NOT NULL,
  PRIMARY KEY (`desa_kelurahan`),
  KEY `kecamatan` (`kecamatan`),
  CONSTRAINT `desakecamatan_ibfk_1` FOREIGN KEY (`kecamatan`) REFERENCES `kecamatankabupatenkota` (`kecamatan`)
) ENGINE=InnoDB DEFAULT CHARSET=latin1 COLLATE=latin1_swedish_ci;
/*!40101 SET character_set_client = @saved_cs_client */;

--
-- Dumping data for table `desakecamatan`
--

LOCK TABLES `desakecamatan` WRITE;
/*!40000 ALTER TABLE `desakecamatan` DISABLE KEYS */;
INSERT INTO `desakecamatan` VALUES
('Michaelland','Barbermouth'),
('Port David','Barbermouth'),
('Andrewburgh','Carolynport'),
('Brownstad','Carolynport'),
('Kathyville','Carolynport'),
('Wendychester','Carolynport'),
('Reyestown','Chrisland'),
('West Michael','Chrisland'),
('Hickmanfurt','Christinaberg'),
('Schwartzport','Christinaberg'),
('Leehaven','Clarkberg'),
('Patrickberg','Clarkberg'),
('North Rachaelland','Contrerasside'),
('Guzmanberg','Danafort'),
('Ramirezland','Dawnton'),
('South Timothy','Dawnton'),
('North Kennethshire','East Darleneshire'),
('South Jessicafurt','East Janeborough'),
('South Teresaborough','East Judithland'),
('Tiffanyside','East Judithland'),
('Vanessafurt','East Judithland'),
('South Jasminefurt','East Kimberly'),
('Tiffanyview','East Kimberly'),
('East Timothy','East Robertberg'),
('Port Sean','East Tannerport'),
('New Rita','Haydenshire'),
('Websterberg','Haydenshire'),
('East Theresahaven','Jasonville'),
('Mooreview','Jasonville'),
('Garrisonfort','Jenniferstad'),
('East Robertland','Johnsonhaven'),
('Gravesport','Johnsonhaven'),
('South Tyroneside','Johnsonhaven'),
('Amyhaven','Lake Marthaland'),
('Armstronghaven','Lake Marthaland'),
('Lopezbury','Lake Marthaland'),
('Reevesland','Lake Marthaland'),
('West Veronica','Lake Marthaland'),
('Hendricksbury','Lake Ronaldview'),
('North Carrieshire','Leechester'),
('Wolfebury','Leechester'),
('Lake Josemouth','Lisatown'),
('South Kevinhaven','Lisatown'),
('Hendersonview','Mcdonaldfort'),
('Jonathanmouth','Mcdonaldfort'),
('South Angela','Mcdonaldfort'),
('West Casey','Mcdonaldfort'),
('Port Melissatown','Michaelshire'),
('South Josephhaven','Michaelshire'),
('Sherribury','Michealside'),
('West Alexandratown','Michealside'),
('Crawfordshire','Milesside'),
('East Cynthiachester','Milesside'),
('East Jessicaside','Milesside'),
('North Lisashire','Milesside'),
('South Tammy','Milesside'),
('Darrylfurt','Nancyborough'),
('East Elizabeth','Nancyborough'),
('Housemouth','Nancyborough'),
('Lake Nicholasville','Nancyborough'),
('New Matthew','Nancyborough'),
('North Jamesview','Nancyborough'),
('Terryside','Nancyborough'),
('East Nicole','New James'),
('Pamelaport','New Kayla'),
('Port Antoniofurt','New Kayla'),
('North Matthewport','New Markborough'),
('Port Victoria','North Karlaberg'),
('West Hannah','North Kristen'),
('Lake Maria','North Rodneychester'),
('North Mitchell','North Rodneychester'),
('Georgeport','Paulburgh'),
('Lake Kathrynton','Paulburgh'),
('East Williamside','Phamtown'),
('Brettview','Port Andrew'),
('Chelseamouth','Port Andrew'),
('Perezburgh','Port Andrew'),
('Sampsonchester','Port Andrew'),
('Blackfort','Port Angie'),
('East Karenton','Port Angie'),
('Vasquezfurt','Port Angie'),
('Kelleyview','Port Coleshire'),
('Port Williamview','Port Coleshire'),
('Scottmouth','Port Coleshire'),
('Cookview','Port Jenniferland'),
('Hardingfort','Port Jenniferland'),
('Port Joshua','Port Jenniferland'),
('South Shannonport','Port Jenniferland'),
('Lloydmouth','Rachelville'),
('Oliviaberg','Rachelville'),
('Port Thomas','Rachelville'),
('Mariaville','Richardstad'),
('South Savannah','Richardstad'),
('Watkinsmouth','Richardstad'),
('Davisberg','Sanchezfurt'),
('West Sheenaside','Sarahhaven'),
('Sarahberg','Schmidtfurt'),
('Lake Eric','South Dennis'),
('Port Carolyn','South Dennis'),
('West Johnville','South Dennis'),
('Smithview','Stacyland'),
('South Tiffanytown','Summersstad'),
('North Joshualand','Veronicamouth'),
('North Sherryland','Veronicamouth'),
('Port Stephanie','Veronicamouth'),
('Victoriaburgh','Veronicamouth'),
('Aaronmouth','Wallacehaven'),
('New Kimberlyshire','Wallacehaven'),
('Owensburgh','Wardchester'),
('West Jonathanchester','Wardchester'),
('Craigborough','Wattsview'),
('East Jennifer','Wattsview'),
('New Joshuatown','Wattsview'),
('Reedberg','Wattsview'),
('Gregorybury','West Douglas'),
('Colehaven','West Eugene'),
('South Amanda','West Eugene'),
('Kleinland','West Matthew'),
('Reginaborough','West Matthew'),
('East Jasonhaven','West Raymond'),
('Richardsonchester','West Raymond'),
('Brandonburgh','West Taylor'),
('Michaelhaven','West Taylor'),
('North Bradleyburgh','West Taylor'),
('Stacyshire','West Taylor');
/*!40000 ALTER TABLE `desakecamatan` ENABLE KEYS */;
UNLOCK TABLES;

--
-- Table structure for table `detailrecords`
--

DROP TABLE IF EXISTS `detailrecords`;
/*!40101 SET @saved_cs_client     = @@character_set_client */;
/*!40101 SET character_set_client = utf8 */;
CREATE TABLE `detailrecords` (
  `id_pasien` int(11) NOT NULL,
  `id_kerja_sama` int(11) NOT NULL,
  `tanggal_masuk` date NOT NULL,
  `tanggal_keluar` date NOT NULL,
  `diagnosis` varchar(255) NOT NULL,
  `biaya` int(11) NOT NULL,
  PRIMARY KEY (`id_pasien`,`id_kerja_sama`),
  KEY `id_kerja_sama` (`id_kerja_sama`),
  CONSTRAINT `detailrecords_ibfk_1` FOREIGN KEY (`id_pasien`) REFERENCES `pasien` (`id`),
  CONSTRAINT `detailrecords_ibfk_2` FOREIGN KEY (`id_kerja_sama`) REFERENCES `satuantugas` (`id_kerja_sama`)
) ENGINE=InnoDB DEFAULT CHARSET=latin1 COLLATE=latin1_swedish_ci;
/*!40101 SET character_set_client = @saved_cs_client */;

--
-- Dumping data for table `detailrecords`
--

LOCK TABLES `detailrecords` WRITE;
/*!40000 ALTER TABLE `detailrecords` DISABLE KEYS */;
INSERT INTO `detailrecords` VALUES
(1,6,'2023-10-29','2023-11-10','Paper never available.',1370),
(1,26,'2023-08-10','2023-08-13','Apply various challenge save hear range age.',1236),
(1,63,'2023-06-01','2023-06-09','Nearly deal dog her.',785),
(2,39,'2023-09-10','2023-09-14','Listen page minute occur.',1088),
(2,44,'2023-07-25','2023-07-31','Strong send exactly wish animal news south.',400),
(3,30,'2023-05-08','2023-05-15','Mind head opportunity.',2298),
(9,68,'2023-09-25','2023-10-09','Decide child player foot.',515),
(10,44,'2023-10-18','2023-10-20','Radio lot far health.',1360),
(22,9,'2023-10-27','2023-10-31','Will author never.',1476),
(22,61,'2023-10-20','2023-10-31','Night however hundred impact interview herself whole.',1304),
(22,64,'2023-08-23','2023-09-05','Adult fear half mouth you.',215),
(23,48,'2023-11-12','2023-11-17','Run subject though rather think total matter.',287),
(29,22,'2023-05-30','2023-06-12','Hold through join tough rock.',918),
(34,20,'2023-11-08','2023-11-22','Themselves happen option fine.',1923),
(40,36,'2023-07-05','2023-07-07','Commercial special can sit affect really the.',458),
(40,58,'2023-11-20','2023-12-01','Perform cold human safe soon sit single compare.',333),
(45,24,'2023-11-29','2023-12-03','Before fight story money when.',128),
(45,58,'2023-10-11','2023-10-21','Into politics sing child.',763),
(48,16,'2023-07-05','2023-07-19','Play north fill affect money.',2614),
(49,12,'2023-07-05','2023-07-06','Behind growth water baby.',1279),
(52,64,'2023-10-23','2023-10-28','Return election across.',1680),
(57,55,'2023-06-07','2023-06-08','At pattern possible value term whole note.',1311),
(58,46,'2023-06-07','2023-06-18','Democratic its ball listen look manager attention west.',985),
(59,67,'2023-05-10','2023-05-22','Behind him player garden stop you history.',1585),
(66,35,'2023-10-23','2023-11-03','Determine nature nearly.',114),
(79,18,'2023-12-27','2023-12-28','Shake contain almost music media door.',1019),
(80,49,'2023-08-10','2023-08-17','Direction power production opportunity citizen never like shake.',441),
(83,50,'2023-12-16','2023-12-25','Listen turn discussion occur sign effect property.',355),
(83,63,'2023-10-27','2023-11-09','Degree each yet television view clear.',385),
(84,2,'2023-09-27','2023-10-09','Try price foreign.',728),
(84,50,'2023-05-02','2023-05-15','Share note fill admit standard.',2362),
(87,27,'2023-07-17','2023-07-30','Gun its include true report.',761),
(87,56,'2023-05-04','2023-05-07','Wish dark claim executive.',893),
(87,64,'2023-11-10','2023-11-13','Conference southern drug conference specific pass Congress.',1385),
(88,26,'2023-10-01','2023-10-07','Such physical leave fight agent national others case.',831),
(88,51,'2023-07-24','2023-07-30','Sometimes baby best race spend.',356),
(91,36,'2023-09-19','2023-10-02','Research research sense financial.',771),
(99,1,'2023-11-21','2023-11-25','Result force toward worker past just about.',983),
(100,37,'2023-08-22','2023-08-30','Activity type age daughter.',963),
(108,61,'2023-06-28','2023-07-01','Tree small month ten boy may.',350),
(109,25,'2023-06-11','2023-06-14','Campaign level network range husband hit knowledge.',1361),
(109,44,'2023-10-09','2023-10-20','Rich pretty big tough at.',656),
(110,2,'2023-12-05','2023-12-09','Four sign cell institution bad grow.',97),
(110,50,'2023-11-01','2023-11-11','Few why expect make itself.',798),
(110,58,'2023-08-24','2023-08-29','Control yet realize sing fire.',739),
(112,65,'2023-06-28','2023-07-12','Together trial trial call force unit the.',2978),
(113,32,'2023-07-17','2023-07-22','Throughout similar fish sound.',844),
(114,15,'2023-08-19','2023-08-24','Center them everybody focus argue reach.',4485),
(114,27,'2023-12-28','2023-12-30','Want relationship high reflect.',1771),
(117,32,'2023-10-19','2023-10-23','Chance bed enjoy whatever must center decade.',2371),
(118,30,'2023-07-13','2023-07-22','Line poor method its military seek.',950),
(118,63,'2023-06-03','2023-06-15','Catch agreement bring best reach western.',1355),
(119,29,'2023-11-25','2023-12-05','Power high trouble I sing your none.',1278),
(120,32,'2023-07-08','2023-07-13','Many financial collection fear six tax leg.',932),
(120,52,'2023-06-01','2023-06-13','Scientist deal leader top day ready.',681),
(122,8,'2023-07-20','2023-07-26','Up summer success any child do herself.',2116),
(122,25,'2023-09-11','2023-09-23','Win marriage discuss training purpose.',899),
(125,44,'2023-06-03','2023-06-15','Relate administration reflect let five.',1575),
(128,31,'2023-07-13','2023-07-15','No quite vote hand section according.',1332),
(129,21,'2023-05-02','2023-05-12','Trip history doctor indeed reach official pass defense.',87),
(130,27,'2023-10-07','2023-10-16','Least theory and agreement conference role.',3292),
(131,64,'2023-10-23','2023-11-04','Individual mission your describe improve bit manage.',461),
(132,46,'2023-05-23','2023-06-06','Tonight carry catch should.',1747),
(135,16,'2023-10-08','2023-10-15','Across whom true south bag never professional.',958),
(135,26,'2023-11-20','2023-12-03','Theory wonder international range event thank improve place.',988),
(137,25,'2023-09-12','2023-09-20','Find miss push friend me.',1697),
(137,54,'2023-08-21','2023-08-22','Field skill anything her material.',1125),
(145,7,'2023-11-28','2023-12-12','How interview attention including.',748),
(145,10,'2023-10-29','2023-11-02','Turn fear alone total arm letter fund her.',926),
(145,53,'2023-07-24','2023-08-05','Job run everything statement kid finally fine.',1222),
(150,17,'2023-08-23','2023-09-02','Star spend despite bag.',294),
(150,41,'2023-05-09','2023-05-13','Between perform population television decade short author.',995),
(159,37,'2023-08-24','2023-08-29','Answer he claim Mrs.',175),
(160,37,'2023-06-23','2023-07-02','Whole according deep media people owner safe.',2486),
(160,44,'2023-08-05','2023-08-17','Rock once mission military official several.',1701),
(163,42,'2023-06-02','2023-06-12','Candidate line store that success.',2231),
(163,67,'2023-11-18','2023-11-23','Claim house live similar development.',643),
(164,4,'2023-06-25','2023-06-29','Tonight myself than mind these.',202),
(164,17,'2023-11-03','2023-11-15','Financial budget low Democrat list travel down.',1854),
(164,23,'2023-07-05','2023-07-06','Feeling control happen final line likely certain.',786),
(169,58,'2023-06-01','2023-06-11','Court stay world national claim.',2347),
(171,2,'2023-05-07','2023-05-19','Key simple list heavy.',582),
(171,54,'2023-07-22','2023-07-24','Fly cold side show increase business.',522),
(172,67,'2023-11-05','2023-11-19','None soldier heart reason interest age figure.',2080),
(174,23,'2023-08-12','2023-08-21','Later stock well.',1824),
(178,55,'2023-06-20','2023-06-26','Reality city force box church ten news.',917),
(180,58,'2023-10-21','2023-11-03','Professor show poor arrive keep treat analysis.',656),
(181,47,'2023-08-19','2023-08-25','Pick action environment exist owner appear dog conference.',495),
(182,68,'2023-07-02','2023-07-10','Thousand option bit call.',610),
(185,44,'2023-10-02','2023-10-03','Term story wear need.',808),
(190,19,'2023-09-19','2023-10-01','Art camera trip follow.',2737),
(191,5,'2023-12-13','2023-12-16','Fine anything ability.',1757),
(191,31,'2023-10-20','2023-10-24','Authority trip own individual.',853),
(191,56,'2023-08-21','2023-09-04','Happy sound simple wrong.',1803),
(192,26,'2023-12-11','2023-12-20','Meeting can decision black agree another.',2231),
(192,40,'2023-10-24','2023-11-03','Director force worker school eat.',770),
(205,34,'2023-09-17','2023-09-19','Second ability source military skill.',822),
(207,30,'2023-06-05','2023-06-17','Country up me what heavy leader.',2226),
(207,52,'2023-07-22','2023-07-29','Special mind remember pick street lose.',1117),
(208,63,'2023-10-18','2023-10-30','Camera skin central pressure.',869),
(210,47,'2023-07-21','2023-08-02','Building out have woman share red what.',704),
(214,59,'2023-08-24','2023-09-04','Team car method she may face.',0),
(215,9,'2023-11-28','2023-12-09','Road change interesting suffer give world.',22),
(215,31,'2023-05-29','2023-06-02','Tonight light direction TV cut cultural reduce.',490),
(216,4,'2023-09-04','2023-09-18','Debate good ago movie door put.',264),
(219,13,'2023-07-28','2023-08-04','Art traditional authority very party.',973),
(219,17,'2023-06-24','2023-07-05','Else boy cup window.',915),
(220,11,'2023-09-06','2023-09-13','Kitchen such toward religious sense offer color cut.',639),
(220,17,'2023-08-23','2023-09-01','Bill affect with turn.',1816),
(220,55,'2023-06-11','2023-06-22','Economy hair real never spring lead own own.',0),
(221,46,'2023-08-30','2023-09-01','Away must writer law.',1528),
(224,29,'2023-05-12','2023-05-14','Anything job seek.',0),
(226,42,'2023-05-24','2023-06-06','Themselves have rise first education line.',378),
(229,17,'2023-05-09','2023-05-18','The art after pass against draw section.',719),
(229,36,'2023-12-29','2024-01-05','Former begin human use beat.',1588),
(234,39,'2023-11-20','2023-12-04','Door capital together since.',779),
(234,46,'2023-06-27','2023-07-06','Strong way writer.',115),
(235,17,'2023-07-24','2023-08-06','Political water carry official something.',626),
(241,50,'2023-12-16','2023-12-18','Successful direction dark skill adult air whatever.',674),
(243,29,'2023-06-23','2023-06-25','Minute build sure relationship.',1213),
(248,45,'2023-09-09','2023-09-19','So including worry.',1870),
(249,14,'2023-11-14','2023-11-24','Child score poor discussion.',1593),
(249,62,'2023-08-29','2023-09-02','Walk job interesting compare event then herself.',55),
(253,46,'2023-09-26','2023-10-08','Provide question able side its.',0),
(258,39,'2023-10-02','2023-10-16','Specific mind consumer anyone member sit.',1368),
(261,64,'2023-07-26','2023-07-28','From how sort last despite.',151),
(264,54,'2023-08-20','2023-08-25','Each seem address work process whether.',2),
(268,28,'2023-05-18','2023-05-25','Him us onto coach.',454),
(272,29,'2023-06-27','2023-07-05','Recognize yourself explain idea total prevent resource.',963),
(274,36,'2023-12-10','2023-12-16','Purpose kind spring ago.',1372),
(277,32,'2023-05-04','2023-05-18','Feeling long population choice.',0),
(277,65,'2023-12-01','2023-12-08','Remember every experience onto ago bit brother.',1419),
(278,5,'2023-12-17','2023-12-18','Same history action song pass hotel option gun.',546),
(278,36,'2023-06-12','2023-06-18','Get suddenly officer economy risk whole consider.',0),
(278,67,'2023-08-09','2023-08-12','The all name expect difference themselves behind.',1010),
(280,19,'2023-11-23','2023-12-03','World score event determine item enough else.',0),
(282,44,'2023-07-02','2023-07-11','Similar energy huge city five life.',519),
(282,60,'2023-12-01','2023-12-02','Itself miss teach.',0),
(284,17,'2023-07-24','2023-07-28','Who heart name.',0),
(285,40,'2023-10-01','2023-10-02','Conference buy similar organization film front TV think.',0),
(285,59,'2023-07-19','2023-07-28','Most here partner strategy whatever different subject analysis.',1464),
(285,63,'2023-12-02','2023-12-09','Billion part rich investment camera always friend.',0),
(289,35,'2023-11-01','2023-11-15','Wait money than human quality try her.',675),
(295,23,'2023-05-25','2023-05-31','Performance money when instead.',1932),
(295,51,'2023-05-06','2023-05-13','Show official ago left.',18),
(295,58,'2023-05-09','2023-05-17','Discussion main within kind technology president customer.',1003),
(296,3,'2023-09-26','2023-10-03','Radio put her husband dream charge.',910),
(296,19,'2023-07-06','2023-07-12','End customer six amount.',835),
(296,39,'2023-09-16','2023-09-17','Role fall choose short look exist thank.',886),
(297,16,'2023-10-31','2023-11-09','First trouble term bank down appear.',1283);
/*!40000 ALTER TABLE `detailrecords` ENABLE KEYS */;
UNLOCK TABLES;

--
-- Table structure for table `dokter`
--

DROP TABLE IF EXISTS `dokter`;
/*!40101 SET @saved_cs_client     = @@character_set_client */;
/*!40101 SET character_set_client = utf8 */;
CREATE TABLE `dokter` (
  `id` int(11) NOT NULL,
  `spesialisasi` varchar(255) NOT NULL,
  PRIMARY KEY (`id`),
  CONSTRAINT `dokter_ibfk_1` FOREIGN KEY (`id`) REFERENCES `lisensitenagamedis` (`id`)
) ENGINE=InnoDB DEFAULT CHARSET=latin1 COLLATE=latin1_swedish_ci;
/*!40101 SET character_set_client = @saved_cs_client */;

--
-- Dumping data for table `dokter`
--

LOCK TABLES `dokter` WRITE;
/*!40000 ALTER TABLE `dokter` DISABLE KEYS */;
INSERT INTO `dokter` VALUES
(7,'Oncology'),
(11,'Cardiology'),
(12,'Infectious Disease'),
(16,'Dermatology'),
(18,'Orthopedics'),
(20,'Endocrinology'),
(26,'Ophthalmology'),
(27,'Oncology'),
(28,'Orthopedics'),
(30,'Neurology'),
(31,'Dermatology'),
(35,'Cardiology'),
(37,'Oncology'),
(39,'Ophthalmology'),
(42,'Infectious Disease'),
(44,'Neurology'),
(46,'Nephrology'),
(47,'Gastroenterology'),
(50,'Orthopedics'),
(53,'Urology'),
(55,'Infectious Disease'),
(60,'Orthopedics'),
(61,'Orthopedics'),
(64,'Endocrinology'),
(65,'Endocrinology'),
(69,'Infectious Disease'),
(70,'Dermatology'),
(73,'Neurology'),
(77,'Nephrology'),
(82,'Urology'),
(85,'Orthopedics'),
(86,'Ophthalmology'),
(92,'Nephrology'),
(95,'Infectious Disease'),
(98,'Pulmonology'),
(106,'Endocrinology'),
(121,'Ophthalmology'),
(126,'Pulmonology'),
(127,'Oncology'),
(133,'Oncology'),
(134,'Cardiology'),
(138,' Hematology'),
(140,'Dermatology'),
(142,'Urology'),
(143,'Dermatology'),
(144,'Oncology'),
(146,'Pulmonology'),
(147,'Pulmonology'),
(148,'Oncology'),
(149,'Ophthalmology'),
(151,'Infectious Disease'),
(152,'Urology'),
(153,'Nephrology'),
(156,'Endocrinology'),
(158,'Nephrology'),
(165,'Rheumatology'),
(176,'Ophthalmology'),
(183,'Orthopedics'),
(189,'Gastroenterology'),
(193,'Nephrology'),
(195,'Urology'),
(198,'Pulmonology'),
(199,'Endocrinology'),
(202,' Hematology'),
(203,'Urology'),
(206,' Hematology'),
(209,'Orthopedics'),
(211,'Oncology'),
(213,'Nephrology'),
(217,'Dermatology'),
(222,'Infectious Disease'),
(223,'Infectious Disease'),
(225,'Orthopedics'),
(227,'Endocrinology'),
(231,' Hematology'),
(232,'Dermatology'),
(238,'Orthopedics'),
(239,' Hematology'),
(240,'Endocrinology'),
(242,' Hematology'),
(244,'Rheumatology'),
(246,'Cardiology'),
(247,'Gastroenterology'),
(250,'Pulmonology'),
(251,'Infectious Disease'),
(252,'Oncology'),
(255,'Orthopedics'),
(259,'Neurology'),
(262,'Cardiology'),
(263,'Infectious Disease'),
(266,'Endocrinology'),
(267,'Ophthalmology'),
(275,'Oncology'),
(286,'Pulmonology'),
(287,'Endocrinology'),
(288,'Neurology'),
(292,' Hematology'),
(298,' Hematology'),
(299,'Urology'),
(300,'Endocrinology');
/*!40000 ALTER TABLE `dokter` ENABLE KEYS */;
UNLOCK TABLES;

--
-- Table structure for table `kabupatenprovinsi`
--

DROP TABLE IF EXISTS `kabupatenprovinsi`;
/*!40101 SET @saved_cs_client     = @@character_set_client */;
/*!40101 SET character_set_client = utf8 */;
CREATE TABLE `kabupatenprovinsi` (
  `kabupaten_kota` varchar(255) NOT NULL,
  `provinsi` varchar(255) NOT NULL,
  PRIMARY KEY (`kabupaten_kota`)
) ENGINE=InnoDB DEFAULT CHARSET=latin1 COLLATE=latin1_swedish_ci;
/*!40101 SET character_set_client = @saved_cs_client */;

--
-- Dumping data for table `kabupatenprovinsi`
--

LOCK TABLES `kabupatenprovinsi` WRITE;
/*!40000 ALTER TABLE `kabupatenprovinsi` DISABLE KEYS */;
INSERT INTO `kabupatenprovinsi` VALUES
('Catherineland','New Hampshire'),
('Lake Anthony','Nebraska'),
('Lake Michael','Delaware'),
('New Makaylastad','North Carolina'),
('New Williamville','Rhode Island'),
('North Matthew','West Virginia'),
('North Phillipberg','Nevada'),
('Port Cameron','California'),
('Port Danielborough','Alaska'),
('Robbinsbury','Oklahoma'),
('South Jeff','Pennsylvania'),
('South Jeremy','Colorado'),
('South Richardshire','Maryland'),
('West Gregory','Oklahoma'),
('West Shawn','Connecticut');
/*!40000 ALTER TABLE `kabupatenprovinsi` ENABLE KEYS */;
UNLOCK TABLES;

--
-- Table structure for table `kecamatankabupatenkota`
--

DROP TABLE IF EXISTS `kecamatankabupatenkota`;
/*!40101 SET @saved_cs_client     = @@character_set_client */;
/*!40101 SET character_set_client = utf8 */;
CREATE TABLE `kecamatankabupatenkota` (
  `kecamatan` varchar(255) NOT NULL,
  `kabupaten_kota` varchar(255) NOT NULL,
  PRIMARY KEY (`kecamatan`),
  KEY `kabupaten_kota` (`kabupaten_kota`),
  CONSTRAINT `kecamatankabupatenkota_ibfk_1` FOREIGN KEY (`kabupaten_kota`) REFERENCES `kabupatenprovinsi` (`kabupaten_kota`)
) ENGINE=InnoDB DEFAULT CHARSET=latin1 COLLATE=latin1_swedish_ci;
/*!40101 SET character_set_client = @saved_cs_client */;

--
-- Dumping data for table `kecamatankabupatenkota`
--

LOCK TABLES `kecamatankabupatenkota` WRITE;
/*!40000 ALTER TABLE `kecamatankabupatenkota` DISABLE KEYS */;
INSERT INTO `kecamatankabupatenkota` VALUES
('Fitzpatrickfort','Catherineland'),
('Haydenshire','Catherineland'),
('Lake Ronaldview','Catherineland'),
('Paulburgh','Catherineland'),
('Richardstad','Catherineland'),
('Sanchezfurt','Catherineland'),
('Sarahhaven','Catherineland'),
('Walkerton','Catherineland'),
('Chrisland','Lake Anthony'),
('Port Coleshire','Lake Anthony'),
('South Tinatown','Lake Anthony'),
('Wardchester','Lake Anthony'),
('Clarkberg','Lake Michael'),
('East Tannerport','Lake Michael'),
('Jenniferstad','Lake Michael'),
('Julietown','Lake Michael'),
('West Taylor','Lake Michael'),
('Danafort','New Makaylastad'),
('East Janeborough','New Makaylastad'),
('Jasonville','New Makaylastad'),
('Lisatown','New Makaylastad'),
('Rodrigueztown','New Makaylastad'),
('Williamsfurt','New Makaylastad'),
('East Judithland','New Williamville'),
('Johnsonhaven','New Williamville'),
('Port Matthew','New Williamville'),
('Stacyland','New Williamville'),
('Veronicamouth','New Williamville'),
('East Robertberg','North Matthew'),
('Christinaberg','North Phillipberg'),
('Michealside','North Phillipberg'),
('North Brandonburgh','North Phillipberg'),
('Wattsview','North Phillipberg'),
('Barbermouth','Port Cameron'),
('Carolynport','Port Cameron'),
('Nathanberg','Port Cameron'),
('Schmidtfurt','Port Cameron'),
('Dawnton','Port Danielborough'),
('New Kayla','Port Danielborough'),
('South Maria','Port Danielborough'),
('Wallacehaven','Port Danielborough'),
('West Eugene','Port Danielborough'),
('Jesseton','Robbinsbury'),
('North Karlaberg','Robbinsbury'),
('Port Jenniferland','Robbinsbury'),
('Spencerborough','Robbinsbury'),
('Brownfort','South Jeff'),
('East Darleneshire','South Jeff'),
('Nancyborough','South Jeff'),
('North Gina','South Jeff'),
('North Rodneychester','South Jeff'),
('Phamtown','South Jeff'),
('Port Kenneth','South Jeff'),
('West Douglas','South Jeff'),
('West Zacharyshire','South Jeff'),
('Contrerasside','South Jeremy'),
('Mcdonaldfort','South Jeremy'),
('Milesside','South Jeremy'),
('West Matthew','South Jeremy'),
('West Raymond','South Jeremy'),
('Josefort','South Richardshire'),
('Kevinside','South Richardshire'),
('Port Andrew','South Richardshire'),
('Rachelville','South Richardshire'),
('Williamhaven','South Richardshire'),
('East Kimberly','West Gregory'),
('Port Angie','West Gregory'),
('Summersstad','West Gregory'),
('Lake Marthaland','West Shawn'),
('Leechester','West Shawn'),
('Michaelshire','West Shawn'),
('New James','West Shawn'),
('New Markborough','West Shawn'),
('North Kristen','West Shawn'),
('South Dennis','West Shawn');
/*!40000 ALTER TABLE `kecamatankabupatenkota` ENABLE KEYS */;
UNLOCK TABLES;

--
-- Table structure for table `kelaskapasitaskamar`
--

DROP TABLE IF EXISTS `kelaskapasitaskamar`;
/*!40101 SET @saved_cs_client     = @@character_set_client */;
/*!40101 SET character_set_client = utf8 */;
CREATE TABLE `kelaskapasitaskamar` (
  `nomor` int(11) NOT NULL,
  `lantai` int(11) NOT NULL,
  `kelas` varchar(10) NOT NULL,
  `kapasitas` int(11) NOT NULL,
  PRIMARY KEY (`nomor`,`lantai`)
) ENGINE=InnoDB DEFAULT CHARSET=latin1 COLLATE=latin1_swedish_ci;
/*!40101 SET character_set_client = @saved_cs_client */;

--
-- Dumping data for table `kelaskapasitaskamar`
--

LOCK TABLES `kelaskapasitaskamar` WRITE;
/*!40000 ALTER TABLE `kelaskapasitaskamar` DISABLE KEYS */;
INSERT INTO `kelaskapasitaskamar` VALUES
(1,3,'C',3),
(2,2,'A',2),
(3,1,'C',4),
(4,3,'A',3),
(5,1,'A',2),
(6,5,'A',4),
(7,1,'C',4),
(8,5,'B',3),
(9,3,'C',4),
(10,4,'C',2),
(11,2,'A',3),
(12,5,'A',2),
(13,2,'A',4),
(14,1,'C',2),
(15,2,'A',4),
(16,4,'C',2),
(17,5,'C',3),
(18,5,'A',3),
(19,1,'C',4),
(20,2,'A',3),
(21,3,'C',3),
(22,2,'C',3),
(23,4,'C',4),
(24,1,'B',3),
(25,2,'C',3),
(26,2,'B',2),
(27,3,'C',2),
(28,2,'C',4),
(29,5,'C',2),
(30,3,'A',4),
(31,1,'A',4),
(32,5,'A',2),
(33,2,'C',3),
(34,1,'A',3),
(35,4,'A',2),
(36,4,'A',2),
(37,1,'A',2),
(38,5,'B',4),
(39,2,'A',2),
(40,5,'B',4),
(41,2,'C',4),
(42,2,'A',3),
(43,2,'C',3),
(44,5,'B',3),
(45,2,'C',3),
(46,3,'B',3),
(47,4,'A',3),
(48,5,'B',3),
(49,1,'C',2),
(50,2,'C',2);
/*!40000 ALTER TABLE `kelaskapasitaskamar` ENABLE KEYS */;
UNLOCK TABLES;

--
-- Table structure for table `kepaladepartemen`
--

DROP TABLE IF EXISTS `kepaladepartemen`;
/*!40101 SET @saved_cs_client     = @@character_set_client */;
/*!40101 SET character_set_client = utf8 */;
CREATE TABLE `kepaladepartemen` (
  `nama_departemen` varchar(255) NOT NULL,
  `kepala_departemen` varchar(255) NOT NULL,
  PRIMARY KEY (`nama_departemen`)
) ENGINE=InnoDB DEFAULT CHARSET=latin1 COLLATE=latin1_swedish_ci;
/*!40101 SET character_set_client = @saved_cs_client */;

--
-- Dumping data for table `kepaladepartemen`
--

LOCK TABLES `kepaladepartemen` WRITE;
/*!40000 ALTER TABLE `kepaladepartemen` DISABLE KEYS */;
INSERT INTO `kepaladepartemen` VALUES
('Anestesiologi','Jennifer Allen'),
('Bedah','Gina Scott'),
('Bedah Saraf','David Gonzalez'),
('Dermatologi','Steven Carter'),
('Farmakologi Klinik','Brent Hall'),
('Forensik dan Medikolegal','Daniel Barrett'),
('Ilmu Gizi Klinik','Erica Rogers'),
('Kebidanan dan Kandungan','Ryan Kelley'),
('Kesehatan Anak','Sherri Robinson'),
('Kesehatan Jiwa','Ian Wilkins'),
('Medik Gigi dan Mulut','Tiffany Scott'),
('Mikrobiologi Klinik','Dominic Brooks'),
('Orthopedi dan Traumatologi','Robert Howard'),
('Patologi Klinik','Wanda Hamilton'),
('Penyakit Dalam','Glenn Perez'),
('Penyakit Saraf','Sandy Duncan'),
('THT','Marcus Schultz'),
('Urologi','William Stewart');
/*!40000 ALTER TABLE `kepaladepartemen` ENABLE KEYS */;
UNLOCK TABLES;

--
-- Table structure for table `klaimasuransi`
--

DROP TABLE IF EXISTS `klaimasuransi`;
/*!40101 SET @saved_cs_client     = @@character_set_client */;
/*!40101 SET character_set_client = utf8 */;
CREATE TABLE `klaimasuransi` (
  `id` int(11) NOT NULL AUTO_INCREMENT,
  `tanggalKlaim` date NOT NULL,
  `status` varchar(255) NOT NULL,
  `id_perusahaan` int(11) NOT NULL,
  `id_medical_records` int(11) NOT NULL,
  PRIMARY KEY (`id`),
  KEY `id_perusahaan` (`id_perusahaan`),
  KEY `id_medical_records` (`id_medical_records`),
  CONSTRAINT `klaimasuransi_ibfk_1` FOREIGN KEY (`id_perusahaan`) REFERENCES `perusahaanasuransi` (`id`),
  CONSTRAINT `klaimasuransi_ibfk_2` FOREIGN KEY (`id_medical_records`) REFERENCES `medicalrecord` (`id`)
) ENGINE=InnoDB AUTO_INCREMENT=101 DEFAULT CHARSET=latin1 COLLATE=latin1_swedish_ci;
/*!40101 SET character_set_client = @saved_cs_client */;

--
-- Dumping data for table `klaimasuransi`
--

LOCK TABLES `klaimasuransi` WRITE;
/*!40000 ALTER TABLE `klaimasuransi` DISABLE KEYS */;
INSERT INTO `klaimasuransi` VALUES
(1,'2022-05-02','Diterima',10,149),
(2,'2022-07-08','Diterima',9,96),
(3,'2023-02-05','Diterima',10,16),
(4,'2023-04-30','Ditolak',5,66),
(5,'2022-05-09','Diterima',8,76),
(6,'2022-10-30','Diterima',2,53),
(7,'2023-03-30','Diterima',3,113),
(8,'2022-11-16','Diterima',1,112),
(9,'2022-05-27','Ditolak',8,28),
(10,'2023-01-26','Diterima',5,47),
(11,'2023-04-26','Ditolak',8,88),
(12,'2023-02-04','Diterima',4,134),
(13,'2022-08-04','Ditolak',8,41),
(14,'2022-06-24','Diterima',10,84),
(15,'2023-03-15','Diterima',1,82),
(16,'2022-12-26','Diterima',7,120),
(17,'2022-12-31','Ditolak',4,48),
(18,'2022-09-08','Ditolak',5,21),
(19,'2023-04-04','Diterima',3,38),
(20,'2023-02-09','Ditolak',5,36),
(21,'2022-06-05','Diterima',7,139),
(22,'2022-12-05','Ditolak',1,101),
(23,'2022-09-29','Ditolak',5,99),
(24,'2023-04-17','Diterima',6,46),
(25,'2023-01-22','Ditolak',10,25),
(26,'2023-01-14','Diterima',10,52),
(27,'2022-07-29','Ditolak',9,70),
(28,'2022-08-30','Diterima',2,130),
(29,'2023-02-26','Diterima',9,55),
(30,'2023-04-15','Ditolak',8,97),
(31,'2022-10-21','Ditolak',5,143),
(32,'2023-03-10','Diterima',7,109),
(33,'2022-08-17','Ditolak',4,54),
(34,'2022-11-12','Ditolak',5,34),
(35,'2022-09-18','Ditolak',6,128),
(36,'2023-04-20','Diterima',1,116),
(37,'2022-12-14','Ditolak',7,42),
(38,'2022-11-02','Diterima',10,129),
(39,'2023-02-11','Ditolak',5,140),
(40,'2022-08-01','Ditolak',8,142),
(41,'2023-03-24','Diterima',8,63),
(42,'2022-09-14','Ditolak',3,60),
(43,'2022-11-09','Diterima',2,49),
(44,'2022-11-07','Diterima',7,51),
(45,'2022-10-07','Ditolak',10,108),
(46,'2022-05-14','Diterima',1,45),
(47,'2022-07-01','Ditolak',10,98),
(48,'2022-07-24','Ditolak',6,133),
(49,'2023-02-18','Ditolak',3,132),
(50,'2023-03-08','Diterima',3,19),
(51,'2023-01-29','Ditolak',5,85),
(52,'2023-04-09','Diterima',4,126),
(53,'2022-10-15','Diterima',5,119),
(54,'2022-12-06','Diterima',9,83),
(55,'2023-04-28','Diterima',2,22),
(56,'2023-04-23','Ditolak',7,115),
(57,'2022-05-25','Diterima',8,71),
(58,'2023-03-06','Ditolak',3,50),
(59,'2022-06-06','Ditolak',1,144),
(60,'2022-05-10','Ditolak',10,114),
(61,'2023-02-25','Ditolak',2,5),
(62,'2022-05-23','Ditolak',7,26),
(63,'2022-11-11','Diterima',9,100),
(64,'2022-09-04','Ditolak',7,78),
(65,'2022-08-09','Diterima',6,27),
(66,'2023-02-28','Diterima',4,150),
(67,'2023-03-13','Ditolak',7,93),
(68,'2023-03-18','Ditolak',7,104),
(69,'2022-12-15','Ditolak',9,62),
(70,'2022-11-18','Diterima',4,10),
(71,'2022-06-04','Ditolak',10,56),
(72,'2023-01-03','Diterima',8,68),
(73,'2023-04-16','Ditolak',8,61),
(74,'2022-08-24','Ditolak',2,40),
(75,'2022-12-25','Diterima',2,77),
(76,'2022-06-30','Ditolak',4,123),
(77,'2022-08-02','Ditolak',7,118),
(78,'2022-11-23','Ditolak',7,103),
(79,'2022-11-07','Diterima',10,17),
(80,'2022-10-28','Diterima',10,39),
(81,'2023-01-22','Diterima',9,8),
(82,'2022-09-16','Ditolak',3,125),
(83,'2022-11-21','Diterima',8,4),
(84,'2022-11-21','Ditolak',2,81),
(85,'2023-03-15','Ditolak',8,138),
(86,'2022-08-16','Ditolak',10,20),
(87,'2022-07-12','Ditolak',10,1),
(88,'2022-11-29','Ditolak',5,72),
(89,'2023-03-31','Ditolak',4,24),
(90,'2022-05-18','Ditolak',9,67),
(91,'2023-01-18','Ditolak',4,136),
(92,'2023-04-24','Diterima',4,64),
(93,'2023-03-17','Diterima',8,18),
(94,'2023-04-18','Diterima',5,122),
(95,'2022-07-27','Diterima',7,65),
(96,'2022-10-01','Diterima',5,89),
(97,'2023-03-20','Diterima',10,92),
(98,'2023-03-31','Ditolak',6,147),
(99,'2022-09-01','Diterima',1,32),
(100,'2023-04-29','Ditolak',4,111);
/*!40000 ALTER TABLE `klaimasuransi` ENABLE KEYS */;
UNLOCK TABLES;

--
-- Table structure for table `kontakdarurat`
--

DROP TABLE IF EXISTS `kontakdarurat`;
/*!40101 SET @saved_cs_client     = @@character_set_client */;
/*!40101 SET character_set_client = utf8 */;
CREATE TABLE `kontakdarurat` (
  `id` int(11) NOT NULL AUTO_INCREMENT,
  `nomor` varchar(100) NOT NULL,
  `nama` varchar(255) NOT NULL,
  PRIMARY KEY (`id`,`nomor`,`nama`),
  CONSTRAINT `kontakdarurat_ibfk_1` FOREIGN KEY (`id`) REFERENCES `pasien` (`id`)
) ENGINE=InnoDB AUTO_INCREMENT=298 DEFAULT CHARSET=latin1 COLLATE=latin1_swedish_ci;
/*!40101 SET character_set_client = @saved_cs_client */;

--
-- Dumping data for table `kontakdarurat`
--

LOCK TABLES `kontakdarurat` WRITE;
/*!40000 ALTER TABLE `kontakdarurat` DISABLE KEYS */;
INSERT INTO `kontakdarurat` VALUES
(1,'051-192-2977x2698','Christina Mack'),
(2,'888-702-9972x545','Dr. Joshua Powell'),
(3,'(263)793-2230','Johnny Baker'),
(9,'292.605.8335x1584','Marissa Drake'),
(10,'759.396.5859x21483','Joshua Cruz'),
(22,'219.314.7549x212','Eric Scott'),
(23,'805.747.8766x79119','Penny Moreno'),
(29,'1328421890','Brian Fox'),
(34,'001-972-556-6925x873','Robert Harvey'),
(40,'378-817-1209','Andre Brown'),
(45,'+1-391-342-6241x151','Becky Nelson'),
(48,'(277)699-4343x68149','Alan Webb'),
(49,'+1-885-830-9015x3092','Andrew Gardner'),
(52,'(485)215-8668','Tammy Shelton'),
(57,'001-183-852-5593x03506','Michelle Banks'),
(58,'001-052-712-0851x20834','Jason Randolph'),
(59,'068-689-7035x61975','Daniel Blackwell'),
(66,'686.276.2002x12902','Evelyn Cross'),
(79,'001-989-039-0841','Linda Thomas'),
(80,'319.041.5527','Joseph Valdez'),
(83,'(358)837-6036','Michael Simon'),
(84,'(554)343-9434','Anthony Chase'),
(87,'996.376.1380','Holly Flores'),
(88,'2899390614','Jesse Ross'),
(91,'(338)345-6977x420','Harold Thornton'),
(99,'253-524-3186x6054','Cassandra Lynch'),
(100,'(454)495-9973x7850','Amy Mcdonald'),
(108,'329-494-4584x201','Rachel Lewis'),
(109,'+1-889-017-4358x315','Deborah Brock'),
(110,'957.468.4065','Jeffrey Sparks'),
(112,'331.478.0435x7107','Christopher Schmidt MD'),
(113,'(346)235-8576','Ronald Peterson'),
(114,'822.116.2158x316','Kimberly Houston'),
(117,'(288)007-4353x3019','Jonathan Good'),
(118,'249.550.9200','Phillip Hernandez'),
(119,'(031)870-1624','Bradley Jarvis'),
(120,'+1-111-219-1943','Paul Schmitt'),
(122,'199-404-4906x9748','James Hart'),
(125,'495-949-0020x82714','Patrick Allison'),
(128,'001-535-982-3620x8841','Sara Harris'),
(129,'7681772488','Alicia Williams'),
(130,'001-015-663-0520x876','Evelyn Dickson'),
(131,'(931)672-4617x3225','Stephanie Carlson'),
(132,'(313)320-1484','Nathan Barnett'),
(135,'+1-032-474-3885x33631','Terry Smith'),
(137,'583-686-4612x430','Jessica Torres'),
(145,'745-995-5206x13591','William Campbell'),
(150,'193-366-7279x1313','Samuel Chavez'),
(159,'(501)137-7376x872','Dr. Derek Johnson'),
(160,'1813225398','Andrea Rhodes'),
(163,'690-997-2078','Tammy Evans'),
(164,'922.288.2267','Carol Perez'),
(169,'001-559-693-5000x998','Anthony Perez'),
(171,'+1-900-797-0828x54132','Susan Hines'),
(172,'193.429.6328','Michael Adams'),
(174,'(626)187-2851','Keith Williams'),
(178,'055-754-2670','Sarah Gallagher'),
(180,'(434)346-3303','Mary Cox'),
(181,'4066645868','Kirsten Jacobs'),
(182,'001-230-338-4261x873','Charles Espinoza'),
(185,'363.527.6506','Kylie Mcdonald'),
(190,'+1-178-176-7891x46393','Destiny Montoya'),
(191,'213-689-0097','April Rogers'),
(192,'001-913-796-5951x6320','Jeff Robinson'),
(205,'439.317.2643','Mark Franklin'),
(207,'045.607.7692x555','Jessica Fleming'),
(208,'(879)031-7811x53536','Christian Odom'),
(210,'001-573-743-5687x44597','Kathy Castaneda'),
(214,'238-512-2044','Daniel Patel'),
(215,'+1-183-460-3798x456','Jennifer Martinez'),
(216,'+1-709-831-9304x147','Samuel Manning'),
(219,'137.498.7605','Steven Anderson'),
(220,'786-339-6282','Michael Madden'),
(221,'(143)948-8468x2954','Michelle Patrick'),
(224,'0030928412','Devin Medina'),
(226,'+1-072-038-7990x7777','Amanda Johnston'),
(229,'4286881027','Joan Williams'),
(234,'+1-134-671-4587x34029','Ana Burns'),
(235,'318-504-7855','Tyler Fowler'),
(241,'328.809.0829','Vernon Clark'),
(243,'139.745.9544x4393','Sarah Morrow'),
(248,'0199591806','John Baldwin'),
(249,'+1-448-982-5129','Jonathan Warren'),
(253,'001-637-725-0652x3800','Richard Jones'),
(258,'001-072-456-6408','Karen Rivera'),
(261,'001-078-737-8371x519','Cindy Carrillo'),
(264,'737-783-2211x17625','Mr. Marc Anderson DVM'),
(268,'+1-104-204-3576x838','Brittany Gonzalez'),
(272,'068.369.5857x6557','Chloe Baker'),
(274,'(780)109-4979x5870','Zachary Williams'),
(277,'(419)496-5917','Matthew Giles'),
(278,'621.141.3228x7057','Juan Wright'),
(280,'001-816-418-4781','John Barnes'),
(282,'(173)668-6385','Anita Thomas'),
(284,'+1-937-889-3603','Eric Porter'),
(285,'+1-473-644-5463x996','Christopher Murphy'),
(289,'+1-692-824-6058','Hannah Russo'),
(295,'(981)365-3776','Amy Koch'),
(296,'576.853.5452x2685','Gina Williams'),
(297,'+1-986-620-6078x1329','Christopher Ward');
/*!40000 ALTER TABLE `kontakdarurat` ENABLE KEYS */;
UNLOCK TABLES;

--
-- Table structure for table `lisensitenagamedis`
--

DROP TABLE IF EXISTS `lisensitenagamedis`;
/*!40101 SET @saved_cs_client     = @@character_set_client */;
/*!40101 SET character_set_client = utf8 */;
CREATE TABLE `lisensitenagamedis` (
  `id` int(11) NOT NULL AUTO_INCREMENT,
  `nomor_lisensi` varchar(25) NOT NULL,
  PRIMARY KEY (`id`),
  UNIQUE KEY `nomor_lisensi` (`nomor_lisensi`),
  CONSTRAINT `lisensitenagamedis_ibfk_1` FOREIGN KEY (`id`) REFERENCES `orang` (`id`)
) ENGINE=InnoDB AUTO_INCREMENT=301 DEFAULT CHARSET=latin1 COLLATE=latin1_swedish_ci;
/*!40101 SET character_set_client = @saved_cs_client */;

--
-- Dumping data for table `lisensitenagamedis`
--

LOCK TABLES `lisensitenagamedis` WRITE;
/*!40000 ALTER TABLE `lisensitenagamedis` DISABLE KEYS */;
INSERT INTO `lisensitenagamedis` VALUES
(17,'101'),
(13,'102'),
(199,'103'),
(133,'104'),
(15,'105'),
(35,'106'),
(148,'107'),
(173,'108'),
(28,'109'),
(146,'110'),
(254,'111'),
(202,'112'),
(167,'113'),
(143,'114'),
(104,'115'),
(279,'116'),
(95,'117'),
(269,'118'),
(26,'119'),
(38,'120'),
(78,'121'),
(144,'122'),
(275,'123'),
(14,'124'),
(168,'125'),
(232,'126'),
(67,'127'),
(228,'128'),
(93,'129'),
(290,'130'),
(247,'131'),
(116,'132'),
(299,'133'),
(271,'134'),
(54,'135'),
(227,'136'),
(286,'137'),
(201,'138'),
(204,'139'),
(16,'140'),
(252,'141'),
(127,'142'),
(126,'143'),
(64,'144'),
(157,'145'),
(149,'146'),
(175,'147'),
(115,'148'),
(53,'149'),
(106,'150'),
(151,'151'),
(270,'152'),
(236,'153'),
(134,'154'),
(186,'155'),
(4,'156'),
(86,'157'),
(170,'158'),
(24,'159'),
(166,'160'),
(123,'161'),
(107,'162'),
(33,'163'),
(298,'164'),
(283,'165'),
(242,'166'),
(251,'167'),
(211,'168'),
(21,'169'),
(139,'170'),
(188,'171'),
(31,'172'),
(259,'173'),
(105,'174'),
(198,'175'),
(233,'176'),
(231,'177'),
(183,'178'),
(12,'179'),
(212,'180'),
(25,'181'),
(18,'182'),
(136,'183'),
(193,'184'),
(217,'185'),
(19,'186'),
(8,'187'),
(263,'188'),
(124,'189'),
(27,'190'),
(176,'191'),
(47,'192'),
(42,'193'),
(98,'194'),
(245,'195'),
(155,'196'),
(77,'197'),
(265,'198'),
(240,'199'),
(246,'200'),
(81,'201'),
(44,'202'),
(179,'203'),
(237,'204'),
(5,'205'),
(141,'206'),
(250,'207'),
(266,'208'),
(213,'209'),
(76,'210'),
(238,'211'),
(94,'212'),
(75,'213'),
(65,'214'),
(195,'215'),
(51,'216'),
(70,'217'),
(68,'218'),
(209,'219'),
(56,'220'),
(30,'221'),
(55,'222'),
(292,'223'),
(6,'224'),
(50,'225'),
(218,'226'),
(138,'227'),
(281,'228'),
(74,'229'),
(97,'230'),
(41,'231'),
(187,'232'),
(276,'233'),
(293,'234'),
(37,'235'),
(92,'236'),
(189,'237'),
(140,'238'),
(256,'239'),
(82,'240'),
(222,'241'),
(197,'242'),
(239,'243'),
(291,'244'),
(223,'245'),
(161,'246'),
(36,'247'),
(103,'248'),
(69,'249'),
(196,'250'),
(162,'251'),
(244,'252'),
(121,'253'),
(11,'254'),
(32,'255'),
(267,'256'),
(165,'257'),
(203,'258'),
(177,'259'),
(225,'260'),
(300,'261'),
(39,'262'),
(20,'263'),
(142,'264'),
(194,'265'),
(71,'266'),
(46,'267'),
(90,'268'),
(62,'269'),
(156,'270'),
(60,'271'),
(184,'272'),
(260,'273'),
(273,'274'),
(7,'275'),
(96,'276'),
(43,'277'),
(154,'278'),
(158,'279'),
(288,'280'),
(262,'281'),
(206,'282'),
(101,'283'),
(287,'284'),
(200,'285'),
(230,'286'),
(72,'287'),
(61,'288'),
(294,'289'),
(147,'290'),
(85,'291'),
(153,'292'),
(152,'293'),
(111,'294'),
(255,'295'),
(73,'296'),
(257,'297'),
(102,'298'),
(63,'299'),
(89,'300');
/*!40000 ALTER TABLE `lisensitenagamedis` ENABLE KEYS */;
UNLOCK TABLES;

--
-- Table structure for table `medicalrecord`
--

DROP TABLE IF EXISTS `medicalrecord`;
/*!40101 SET @saved_cs_client     = @@character_set_client */;
/*!40101 SET character_set_client = utf8 */;
CREATE TABLE `medicalrecord` (
  `id` int(11) NOT NULL AUTO_INCREMENT,
  `id_pasien` int(11) NOT NULL,
  `id_kerja_sama` int(11) NOT NULL,
  PRIMARY KEY (`id`),
  KEY `id_pasien` (`id_pasien`),
  KEY `id_kerja_sama` (`id_kerja_sama`),
  CONSTRAINT `medicalrecord_ibfk_1` FOREIGN KEY (`id_pasien`) REFERENCES `pasien` (`id`),
  CONSTRAINT `medicalrecord_ibfk_2` FOREIGN KEY (`id_kerja_sama`) REFERENCES `satuantugas` (`id_kerja_sama`)
) ENGINE=InnoDB AUTO_INCREMENT=151 DEFAULT CHARSET=latin1 COLLATE=latin1_swedish_ci;
/*!40101 SET character_set_client = @saved_cs_client */;

--
-- Dumping data for table `medicalrecord`
--

LOCK TABLES `medicalrecord` WRITE;
/*!40000 ALTER TABLE `medicalrecord` DISABLE KEYS */;
INSERT INTO `medicalrecord` VALUES
(1,1,26),
(2,2,39),
(3,3,30),
(4,9,68),
(5,10,44),
(6,22,61),
(7,23,48),
(8,29,22),
(9,34,20),
(10,40,58),
(11,45,24),
(12,48,16),
(13,49,12),
(14,52,64),
(15,57,55),
(16,58,46),
(17,59,67),
(18,66,35),
(19,79,18),
(20,80,49),
(21,83,63),
(22,84,2),
(23,87,27),
(24,88,51),
(25,91,36),
(26,99,1),
(27,100,37),
(28,108,61),
(29,109,44),
(30,110,58),
(31,112,65),
(32,113,32),
(33,114,27),
(34,117,32),
(35,118,63),
(36,119,29),
(37,120,32),
(38,122,8),
(39,125,44),
(40,128,31),
(41,129,21),
(42,130,27),
(43,131,64),
(44,132,46),
(45,135,16),
(46,137,54),
(47,145,10),
(48,150,17),
(49,159,37),
(50,160,44),
(51,163,42),
(52,164,17),
(53,169,58),
(54,171,54),
(55,172,67),
(56,174,23),
(57,178,55),
(58,180,58),
(59,181,47),
(60,182,68),
(61,185,44),
(62,190,19),
(63,191,31),
(64,192,26),
(65,205,34),
(66,207,30),
(67,208,63),
(68,210,47),
(69,214,59),
(70,215,9),
(71,216,4),
(72,219,13),
(73,220,55),
(74,221,46),
(75,224,29),
(76,226,42),
(77,229,17),
(78,234,46),
(79,235,17),
(80,241,50),
(81,243,29),
(82,248,45),
(83,249,62),
(84,253,46),
(85,258,39),
(86,261,64),
(87,264,54),
(88,268,28),
(89,272,29),
(90,274,36),
(91,277,32),
(92,278,36),
(93,280,19),
(94,282,60),
(95,284,17),
(96,285,59),
(97,289,35),
(98,295,51),
(99,296,19),
(100,297,16),
(101,135,26),
(102,215,31),
(103,40,36),
(104,296,3),
(105,118,30),
(106,207,52),
(107,137,25),
(108,120,52),
(109,84,50),
(110,192,40),
(111,1,63),
(112,219,17),
(113,22,64),
(114,191,5),
(115,163,67),
(116,88,26),
(117,145,53),
(118,295,58),
(119,2,44),
(120,285,63),
(121,83,50),
(122,296,39),
(123,164,4),
(124,220,11),
(125,87,56),
(126,110,2),
(127,150,41),
(128,145,7),
(129,171,2),
(130,249,14),
(131,160,37),
(132,278,5),
(133,277,65),
(134,220,17),
(135,122,25),
(136,164,23),
(137,114,15),
(138,22,9),
(139,234,39),
(140,285,40),
(141,110,50),
(142,45,58),
(143,229,36),
(144,282,44),
(145,1,6),
(146,87,64),
(147,278,67),
(148,191,56),
(149,295,23),
(150,109,25);
/*!40000 ALTER TABLE `medicalrecord` ENABLE KEYS */;
UNLOCK TABLES;

--
-- Table structure for table `orang`
--

DROP TABLE IF EXISTS `orang`;
/*!40101 SET @saved_cs_client     = @@character_set_client */;
/*!40101 SET character_set_client = utf8 */;
CREATE TABLE `orang` (
  `id` int(11) NOT NULL AUTO_INCREMENT,
  `nama_depan` varchar(255) NOT NULL,
  `nama_belakang` varchar(255) NOT NULL,
  `tanggal_lahir` date NOT NULL,
  `jenis_kelamin` varchar(255) NOT NULL,
  `nomor_telepon` varchar(100) NOT NULL,
  `jalan` varchar(255) NOT NULL,
  `desa_kelurahan` varchar(255) NOT NULL,
  `email` varchar(255) NOT NULL,
  PRIMARY KEY (`id`),
  KEY `desa_kelurahan` (`desa_kelurahan`),
  CONSTRAINT `orang_ibfk_1` FOREIGN KEY (`desa_kelurahan`) REFERENCES `desakecamatan` (`desa_kelurahan`)
) ENGINE=InnoDB AUTO_INCREMENT=301 DEFAULT CHARSET=latin1 COLLATE=latin1_swedish_ci;
/*!40101 SET character_set_client = @saved_cs_client */;

--
-- Dumping data for table `orang`
--

LOCK TABLES `orang` WRITE;
/*!40000 ALTER TABLE `orang` DISABLE KEYS */;
INSERT INTO `orang` VALUES
(1,'James Ford','Heather Martinez','1976-12-25','laki-laki','089379995045','39478 Timothy Ridges','Stacyshire','nolanmichael@example.com'),
(2,'Michael Smith','Robert Blevins','1970-12-17','laki-laki','080122399939','19252 Brian Port','North Joshualand','awhite@example.org'),
(3,'Dan Christian','Virginia Francis','1990-02-26','laki-laki','080789860493','3703 Callahan Parkways Suite 019','Port David','colleenzuniga@example.net'),
(4,'Kimberly Johnson','David Payne','1981-08-11','perempuan','085779436716','8373 Burch Views Apt. 476','Oliviaberg','michael94@example.org'),
(5,'Samuel Larson','Alyssa Little','1978-07-13','perempuan','086633456764','20883 Elliott Rue Apt. 171','Cookview','irwinjohn@example.net'),
(6,'Edward Robinson','Maurice Jackson','1995-11-28','laki-laki','087818704328','009 Conner Forge Suite 112','South Timothy','oliviadean@example.net'),
(7,'Brian Collins','Dr. Matthew Parks','1972-09-16','laki-laki','086577031722','3845 Lynch Mills Apt. 582','Hendersonview','matthew74@example.org'),
(8,'Robert Thompson','Robert Black','2003-01-05','laki-laki','088586718922','720 Freeman Fall','Michaelhaven','leslieblake@example.net'),
(9,'Julie Davis','Carolyn Smith','1988-02-29','laki-laki','083722391717','075 Hicks Terrace Suite 668','Sarahberg','amanda14@example.com'),
(10,'Ruben King PhD','Karen Thompson','1983-01-17','perempuan','088118727535','6305 Davis Ports Apt. 487','South Amanda','rickbaker@example.com'),
(11,'Anthony Richards','James Johnson','1994-04-03','perempuan','084020824924','414 Carr Crossing Suite 885','Gregorybury','mikayla41@example.org'),
(12,'Javier Morgan','Emily Kelly','1991-07-03','perempuan','083475839074','619 Amy Lodge','South Jasminefurt','michaelcraig@example.com'),
(13,'Christopher Hernandez','Jaime Black','1999-04-16','laki-laki','080397124424','76135 Andrea Vista Apt. 719','Hendersonview','thomasdylan@example.com'),
(14,'Michael Barrett','Nichole Mcconnell','1972-01-09','laki-laki','082564692772','19914 Stephen Cliffs','North Carrieshire','williamsgeorge@example.net'),
(15,'Thomas Rodriguez','Sheila Johnson','1972-09-06','perempuan','085066835257','291 Mark Creek','South Savannah','gregory78@example.com'),
(16,'Katie Howell','Jason Cantu','1983-02-12','perempuan','089856419198','9124 Gomez Fords','New Joshuatown','calderonjodi@example.org'),
(17,'Gary Wilson','Andrea Evans','1988-11-15','perempuan','082663124801','8190 Taylor View Apt. 963','Port Thomas','larabrian@example.org'),
(18,'Melissa Underwood','Troy Castillo','1983-09-12','laki-laki','080430552656','6541 Jasmine Square Apt. 365','South Amanda','mccoytiffany@example.net'),
(19,'Christina Boyd','Jessica Case','2015-08-16','laki-laki','088996363546','012 Jessica Rue Suite 430','Reginaborough','pamelathompson@example.org'),
(20,'Rachel Cervantes','Dennis Riggs','2009-11-18','perempuan','082162409469','777 Lee Locks Apt. 350','Watkinsmouth','shannonjenkins@example.com'),
(21,'Dr. Amanda Hernandez DDS','Michelle Nguyen','1979-07-25','laki-laki','085006774354','3092 Henry Square Suite 600','South Savannah','xbell@example.net'),
(22,'Alexander Rose','Brian Ward','2006-07-08','laki-laki','087243425714','8250 Doyle Haven Suite 583','Port David','ashleyhuynh@example.com'),
(23,'Amanda Marshall','Lori Bowen','1982-07-05','perempuan','088152681126','541 Knight Run Apt. 990','Port Joshua','brian96@example.com'),
(24,'Brian Dyer','Derrick Romero','2003-06-21','laki-laki','086273213295','5825 Jason Unions Suite 841','Michaelland','harrisvictor@example.com'),
(25,'Zachary Cooper','Melinda Bright','1992-12-11','laki-laki','081551440254','6370 Edward Union','Vasquezfurt','dominiquemiller@example.com'),
(26,'Andrew Ward','Patricia Smith','2015-02-08','laki-laki','089734404010','2113 Julie Trace','Cookview','corey85@example.com'),
(27,'Andrew Mcdowell','Sabrina Ruiz','2018-04-24','laki-laki','082838666418','587 Le Rue Suite 844','East Elizabeth','anthony46@example.net'),
(28,'Amanda Mullins','David Branch','1990-05-30','laki-laki','080548019910','9025 Davies Path Suite 841','Sarahberg','tracymorales@example.net'),
(29,'Mark Moore','Lauren Ochoa','2021-10-05','perempuan','086586515808','95525 Joy Rue','Kelleyview','rileyjesse@example.net'),
(30,'Shannon Day','Joseph Johnston','1993-01-03','laki-laki','084881792979','895 Thomas Islands Apt. 912','South Shannonport','collinsbenjamin@example.net'),
(31,'Mary Durham','Catherine Miller','1992-01-25','laki-laki','082447335815','182 Thompson Viaduct','Craigborough','adrianvillarreal@example.net'),
(32,'Richard Hunter','Wendy Foley','1986-11-18','perempuan','085905244763','92597 Robert Island','Brettview','stevenwright@example.org'),
(33,'Michael Williams','Jennifer Bennett','1989-10-22','perempuan','083417511987','579 Ashley Radial','Port Stephanie','thomasmiller@example.com'),
(34,'Renee Smith','Daryl Espinoza','1986-09-27','laki-laki','080097026342','6792 Kimberly Keys Apt. 583','Jonathanmouth','ramirezmaria@example.org'),
(35,'Andrew Miller','Christopher Gardner','1991-01-07','laki-laki','087044614374','63468 Wilson Valleys','New Joshuatown','rpeters@example.com'),
(36,'Robin Walker','Whitney Lee','2011-10-17','laki-laki','087009702995','08064 Mata Knolls','West Jonathanchester','bridgessteve@example.net'),
(37,'Jessica Quinn','Dr. Tracy Bird MD','2006-03-03','laki-laki','085310573714','570 Reeves Mission Apt. 221','East Jessicaside','heatherriley@example.net'),
(38,'Patricia Lopez','Larry Fernandez','1976-01-30','laki-laki','080551459977','42119 Anderson Rapids Apt. 507','Port Sean','jonathanpatterson@example.net'),
(39,'Sandra Waters','Mariah Harris','1971-01-02','laki-laki','080640037335','6628 Brandon Plaza Suite 673','Kleinland','guzmanraymond@example.net'),
(40,'Alexis Gutierrez','Terri Harrison','1995-05-14','perempuan','080343904687','5939 Villanueva Junctions','Armstronghaven','gonzalezsara@example.org'),
(41,'Devon Baker','Michele Berger','1981-09-26','perempuan','085950237178','979 Connie Plains Apt. 706','Terryside','fordkristen@example.org'),
(42,'Fred Allen','Crystal Patel','2005-10-09','perempuan','080059077340','913 Fields Mount Apt. 681','West Johnville','cgray@example.com'),
(43,'Daniel Thompson','Katherine Shepherd','2022-09-27','laki-laki','089232393719','6585 Claudia Roads Apt. 524','Reedberg','ccarrillo@example.com'),
(44,'Lance Roberts','Samuel Davis','1995-11-30','perempuan','085925842516','04432 Heather Garden','Reginaborough','garrett36@example.org'),
(45,'Victoria Lambert','Andrew Martin','1981-04-14','perempuan','081214813378','1531 Barnett Stream Apt. 183','New Rita','sandersedwin@example.com'),
(46,'Hayden Joyce','Michelle Moreno','1999-12-27','laki-laki','085789029506','6279 Benitez Mountain','Port Melissatown','jacquelinebates@example.net'),
(47,'Julia Adkins','Allen Jones','1997-10-07','laki-laki','089950717881','72869 Thomas Points Apt. 349','New Matthew','garydoyle@example.net'),
(48,'Mrs. Donna Faulkner DDS','Nicholas Avila','1984-12-07','laki-laki','088794723132','274 Tiffany Divide','South Tammy','joshuabarry@example.net'),
(49,'Tiffany Rodriguez','Jennifer Santos','1998-02-17','perempuan','082061581592','9872 James Brook Suite 029','New Matthew','willie20@example.net'),
(50,'Billy Rodgers','Gregory Wheeler','1984-04-17','laki-laki','084964061988','7632 Andrew Fields','Darrylfurt','jessicathomas@example.net'),
(51,'Suzanne Hughes','Kristin Bailey','2009-08-29','laki-laki','084718136416','421 Miller Camp Apt. 331','North Matthewport','lambertjeanette@example.net'),
(52,'Robert Ward','Nathan Stanton','1974-01-03','laki-laki','086043194185','912 Stephen Point','South Angela','weaverdaniel@example.net'),
(53,'Ashley Wells','Alicia Valdez','2004-08-06','perempuan','084534997121','969 Gwendolyn Tunnel','Stacyshire','samantha56@example.com'),
(54,'Eric Hammond','Jenny Smith','1994-03-06','perempuan','089835550058','1461 Strickland Locks Apt. 193','Hickmanfurt','christina75@example.com'),
(55,'David Hale','Christopher Craig','2015-08-21','perempuan','081815678596','197 Green Branch','Garrisonfort','kthompson@example.net'),
(56,'Lisa Soto','Bruce Williams','1991-04-05','perempuan','085229171932','26843 Lauren Springs','Armstronghaven','leah71@example.com'),
(57,'Shelley Schwartz','Christopher Castillo','1981-01-02','laki-laki','084511588359','389 Dennis View','West Hannah','ryan75@example.net'),
(58,'Christopher Weaver','Thomas Hartman','2019-03-09','perempuan','089357061770','85687 Hernandez Squares Suite 785','North Jamesview','elizabethcastro@example.com'),
(59,'Abigail Cross','Christopher Williams','1989-03-25','perempuan','081780977545','2771 Matthew Well','South Jasminefurt','alisontorres@example.com'),
(60,'Charles Jackson','Kelly Little DVM','1979-04-24','perempuan','085818580597','76368 Adriana Knoll','North Bradleyburgh','joshuaayala@example.com'),
(61,'Robin Richards','Robert Green','1985-01-18','perempuan','080378845084','917 Jacqueline Canyon Apt. 955','Smithview','stanleyshane@example.com'),
(62,'Richard Jones','Sheri Duncan','1993-05-06','perempuan','086410789721','9863 Tonya Passage','East Theresahaven','mperez@example.net'),
(63,'Angela Nichols','Patricia Smith','2018-12-05','perempuan','088814790185','2313 Murphy Fall Apt. 551','South Tiffanytown','davidwalker@example.com'),
(64,'Morgan Garrison','Manuel Shaw','2011-03-13','laki-laki','085872442405','5419 Payne Points Apt. 635','East Timothy','melissastephens@example.com'),
(65,'Nancy Hill','Michelle Patterson','1990-01-31','perempuan','083859215377','084 Johnson Park Apt. 525','Hardingfort','lpalmer@example.com'),
(66,'Stephanie Sheppard','Mrs. Cynthia Wright','1984-03-28','perempuan','080799621948','5624 Jesse Mews Suite 379','North Joshualand','heather09@example.net'),
(67,'Jermaine Cherry','David Wilkins','1999-05-24','perempuan','083903673803','0181 Amanda Stravenue','Chelseamouth','robinsonmark@example.com'),
(68,'Andrew Moore','Jeffrey Hawkins','1983-04-12','laki-laki','084863219541','30643 Carrie Hollow','Brownstad','jose41@example.org'),
(69,'Kelly Rivera','Angie Bishop','2000-06-19','perempuan','086984309306','56876 Valenzuela Mountain','West Sheenaside','steven82@example.org'),
(70,'Julie Osborne','Wendy Dean','1992-08-16','perempuan','085440687694','552 Woods Lane Suite 258','South Timothy','guerrerochristopher@example.com'),
(71,'Christopher Love','Jessica Todd','1976-06-17','perempuan','088469130245','2681 Meyer Viaduct','South Jessicafurt','melissa57@example.org'),
(72,'John Wolf MD','Jonathan Randall','2001-05-16','laki-laki','083037576636','9048 Kelli Station Apt. 502','Perezburgh','ebell@example.org'),
(73,'Richard Myers','Tony Jones DVM','2016-04-23','perempuan','084468836894','03437 Robinson Green','West Sheenaside','zjones@example.com'),
(74,'David Ryan','Jason Hobbs','2011-08-23','laki-laki','085215762084','4020 Osborne Stream','Michaelhaven','esanchez@example.com'),
(75,'Taylor Johnson','Jacob Moran','1997-07-18','laki-laki','082273186237','82916 Elizabeth Stravenue Suite 778','East Timothy','eberry@example.com'),
(76,'Robert Lloyd','Linda Reid','2022-05-12','perempuan','080905240315','229 Smith Turnpike Apt. 257','Port Williamview','ckelly@example.net'),
(77,'Cynthia Robinson','Michael Gonzalez','2021-08-20','laki-laki','088920072236','52561 Guerra Inlet','Chelseamouth','allentrevor@example.com'),
(78,'Mr. William Taylor','Jeffrey King','1987-04-05','laki-laki','085583924757','1376 Lopez Lodge','Port Thomas','brianneal@example.net'),
(79,'Kelly Caldwell','Dana Myers','1996-05-09','laki-laki','083746443448','4366 Brian Manor','Georgeport','adamsbilly@example.org'),
(80,'Robert Newman','Travis Curtis','1973-12-19','laki-laki','087748405259','2617 Moses Parkways','Patrickberg','jason10@example.org'),
(81,'Jessica Moore','Tina Gonzales','1988-07-03','laki-laki','081049872766','721 Conway Street','Amyhaven','adamsjoshua@example.org'),
(82,'Kimberly George','Wanda Lewis','1990-02-26','perempuan','081192040722','346 Downs Drives','Hardingfort','valenzuelaleonard@example.org'),
(83,'Deanna Ellis','Amanda Ray','2010-10-16','laki-laki','087865098876','4481 Mitchell Trace','North Carrieshire','qpratt@example.org'),
(84,'Sherry Silva','Joseph Edwards','2003-07-17','perempuan','083988587214','8151 Smith Forest Suite 370','East Williamside','james60@example.com'),
(85,'Richard Morrison','Amanda Phillips','2002-06-17','laki-laki','085057483083','49252 Craig Path','Amyhaven','christinatorres@example.org'),
(86,'Robert Peters','Natasha Atkins','2008-01-12','laki-laki','080994573173','579 Joshua Courts','Gravesport','aturner@example.com'),
(87,'Mackenzie Jones','Ashley Roberts','2004-09-02','perempuan','085851947599','59282 Michael Island Apt. 635','West Jonathanchester','buckleytara@example.net'),
(88,'Lisa Lopez','David Wilson','1990-12-11','laki-laki','082865769231','2873 Christopher Common','South Teresaborough','john88@example.org'),
(89,'Scott Parker','Stephanie Fuentes','1976-10-22','laki-laki','081713711455','78367 Wood Light','Owensburgh','christinanovak@example.net'),
(90,'Alice Smith','Brenda Cobb','2018-11-07','laki-laki','084723441001','601 Gibson Estate','Richardsonchester','barry15@example.com'),
(91,'Savannah Jacobs','Nancy Perry','1990-10-19','perempuan','086113596671','031 Lowery Plaza','East Jasonhaven','samuelgamble@example.org'),
(92,'Kelli Mendoza','Megan Carr','1984-04-08','perempuan','080966798955','5619 Robinson Tunnel','Davisberg','craigmiller@example.com'),
(93,'Yesenia Garcia','Craig Morris','2004-09-05','laki-laki','087980336789','661 Smith Mountains Suite 727','West Veronica','mcfarlandjoshua@example.com'),
(94,'Nicholas Lambert','Eric Lewis','2014-01-11','laki-laki','080882566341','675 Chapman Inlet','West Michael','matthewrobinson@example.net'),
(95,'Jason Davis','Marvin Baker','1977-06-19','laki-laki','086582286956','62450 Alyssa Fall Suite 848','West Casey','cindyrobinson@example.org'),
(96,'Susan Campbell','Veronica Glenn','2008-09-16','perempuan','084965220468','1909 Travis Circle Suite 797','Patrickberg','harpercolleen@example.org'),
(97,'Christopher Cole','Dennis Washington','1999-06-09','laki-laki','088833377265','49043 Lisa Knoll Apt. 632','Lake Eric','carol19@example.net'),
(98,'Roy Wilcox','Adrian Dougherty','1972-11-02','perempuan','088407872242','4933 Johnson Corner','Sherribury','brianabradley@example.org'),
(99,'John Hall','Tracey Griffin','2016-10-31','laki-laki','086884414191','0869 Michelle Ranch','East Jessicaside','bradshawkyle@example.net'),
(100,'Mr. James Phillips','Tyler Adams','2020-01-06','perempuan','087163766006','95132 Barbara Springs','Port Melissatown','mercerdaniel@example.net'),
(101,'Timothy Ramsey','Lindsey Shelton','2011-03-29','laki-laki','084915588376','34904 Mary Fields Apt. 233','Port Antoniofurt','campbelljeremy@example.com'),
(102,'William Lewis','Wendy Green','2004-06-23','perempuan','088927241969','952 Benjamin Gateway','North Lisashire','allisonolson@example.org'),
(103,'Edward Richmond','Samuel Walker','2009-10-18','perempuan','084619267729','2441 Wiley Flats Apt. 236','Port Melissatown','juanjacobs@example.net'),
(104,'Joann Price','Theresa Mullen','2013-01-29','laki-laki','082924775169','901 Hart Mission','North Carrieshire','chadali@example.net'),
(105,'Valerie Howell','Larry Williams','1982-01-29','laki-laki','084184775190','422 Walker Locks Apt. 518','Davisberg','evanspamela@example.com'),
(106,'Jennifer Decker','Thomas Simon','1972-10-10','perempuan','082650010605','55647 Jonathan Meadow Suite 746','Terryside','cunninghamshannon@example.org'),
(107,'Patrick Marsh','Lisa Valentine','2018-05-09','laki-laki','086252799938','56443 Diane Lock','Tiffanyside','jennifer59@example.com'),
(108,'William Rodriguez','Samantha Gillespie','1991-07-02','laki-laki','081890806391','27278 Wright Mission','Watkinsmouth','cheryl40@example.net'),
(109,'Amanda Smith','Jodi Clark','2005-10-16','laki-laki','080975987568','86852 Jones Cove','South Shannonport','wleon@example.net'),
(110,'Cynthia Clements','Ashley Guerrero','1977-01-13','laki-laki','081658233829','0915 Julie Light Suite 594','North Lisashire','jschmidt@example.net'),
(111,'Kevin Howard','Sheri Peters','2020-06-11','laki-laki','089135221719','7503 Smith Villages Suite 671','Wendychester','lgonzales@example.com'),
(112,'Robert Johnson','Thomas Rose','2017-11-08','perempuan','084009573212','390 Walters Mountain Apt. 937','Pamelaport','jeremydaniels@example.org'),
(113,'Kenneth Evans','Nathaniel Ellis','2015-09-07','perempuan','089364802311','589 Holt Row','Sherribury','cheryl47@example.net'),
(114,'Tracy Love','Laura Evans','2014-12-01','perempuan','088368381123','69566 Roy Turnpike','New Rita','wroberts@example.com'),
(115,'Joseph Chen','Tanya Barron','1973-05-31','laki-laki','085442279427','862 Lowery Manors Apt. 357','South Teresaborough','williamskelly@example.net'),
(116,'Vincent Quinn','Amber Garcia','2018-02-24','perempuan','087874633661','68237 Bryant Junctions','Port Carolyn','michaelbird@example.net'),
(117,'Elizabeth Long','Jamie Ward','1973-07-08','laki-laki','088667130282','02564 Danielle Islands Apt. 597','New Matthew','lucas26@example.org'),
(118,'William Grant','Michelle Howard','2004-07-07','perempuan','089663210873','051 David Viaduct Suite 285','Mariaville','acombs@example.org'),
(119,'Ryan Little','Jordan Rhodes','1974-02-17','perempuan','083283592707','089 Eric Ramp Suite 565','North Jamesview','qdavis@example.com'),
(120,'Edward Perez','Justin Hernandez','1970-12-20','perempuan','088249582846','63790 Reed Mount','East Timothy','stephanieunderwood@example.com'),
(121,'Laura Jacobson','Timothy Lopez MD','1993-05-04','perempuan','084516796056','498 Burch Well Apt. 012','South Shannonport','wattsjennifer@example.net'),
(122,'Lindsey Johnson','Melinda Weaver','2015-05-13','perempuan','084141181265','61717 Barber Lake','Vanessafurt','charlesturner@example.net'),
(123,'David Reed','Cameron Martinez','1978-12-08','perempuan','089611646529','29548 Garcia Pike','Tiffanyview','bcastro@example.org'),
(124,'Matthew Cisneros','Zachary Peck','1994-05-21','perempuan','081778767082','5495 Meyer Islands','East Timothy','tjohnson@example.com'),
(125,'Samantha Short','Joshua Mendoza','2006-01-08','laki-laki','081209263231','5098 Garner Vista','Guzmanberg','milleramy@example.com'),
(126,'Joe Cortez','Ashlee Morales','2018-07-06','perempuan','085533424264','7222 James Springs','Lloydmouth','laura77@example.net'),
(127,'Shaun Barnett','Kenneth Lucas','2021-10-18','laki-laki','087674465743','01952 Bentley Via','West Casey','zsherman@example.org'),
(128,'Ashley Jackson','Rachel Reese','1976-10-13','perempuan','081425378823','7354 Phillips Canyon Apt. 140','South Teresaborough','caseyhughes@example.com'),
(129,'Alicia Hall','Zachary Alvarado','2009-12-25','perempuan','080049382708','74547 Justin Lodge Suite 003','Oliviaberg','alexhernandez@example.org'),
(130,'Hannah Rocha','Candice Chung','2010-09-28','laki-laki','085307497014','007 Christopher Highway Suite 301','Schwartzport','martinezedward@example.org'),
(131,'Dylan Velez','Thomas Lee','2004-12-27','laki-laki','083334297387','437 Scott Lodge Suite 309','Leehaven','jamesalvarez@example.org'),
(132,'Daniel Miller','Christina Brown','2022-11-15','laki-laki','080020392495','7807 Andre Square','Sarahberg','robertmaldonado@example.com'),
(133,'Darryl Boyd','Christine Park','2013-03-28','perempuan','080411063613','107 Griffith Junctions Apt. 369','Cookview','jamesporter@example.net'),
(134,'Anthony Hale','Michael Allen','1999-05-12','laki-laki','084892286708','79752 Joseph Forge','East Jennifer','michaelbrown@example.net'),
(135,'Bonnie Ford','Kathryn Perez','2015-04-10','laki-laki','083969915502','35504 Jenna Cliffs Suite 034','East Cynthiachester','stephanie75@example.com'),
(136,'Carol Ramos','Shawn Greer','1982-07-14','laki-laki','089459110166','5948 Patricia Keys','East Jennifer','alexanderrichard@example.org'),
(137,'Melanie Stein','Lisa Luna','2017-10-13','perempuan','083152228040','58831 Williams Mews','North Rachaelland','myersbilly@example.net'),
(138,'Paul Shannon','Crystal Duncan','1976-03-12','laki-laki','085270550186','3265 Henderson Meadow Apt. 558','Chelseamouth','stoutmichelle@example.net'),
(139,'Victor Bryant','Heidi James','1993-07-04','laki-laki','084117287575','44121 Hernandez Station','Craigborough','emily97@example.net'),
(140,'Donald Adams','Dawn Kaufman','2020-09-16','perempuan','081053322806','7456 Amanda Underpass','Vasquezfurt','martinezbarbara@example.net'),
(141,'Richard Baker','Daniel Kirby','1995-12-27','perempuan','088628123934','61520 Martin Junctions','Port Joshua','ricardo63@example.com'),
(142,'William Flores MD','Victor Burns','1990-03-18','perempuan','084619526569','0431 Trevor Station Apt. 266','Port Sean','darin37@example.com'),
(143,'Sarah Phillips','Paul Meyer','2010-10-20','perempuan','081463390102','7664 Cooper Estate','North Joshualand','tknapp@example.net'),
(144,'Andrew Johnson','Kelly Branch','2018-12-14','perempuan','084145257547','242 Amber Gardens Apt. 006','New Rita','dennis96@example.org'),
(145,'William Gordon','Matthew Powers','1985-06-26','perempuan','088531958305','304 Smith Avenue Suite 573','Brandonburgh','kellerthomas@example.org'),
(146,'William Fletcher','Cole Wilson','1997-05-24','perempuan','082909997205','838 Schmidt Track Apt. 039','Hendersonview','cortezlatoya@example.com'),
(147,'Gregory Hughes','Claudia Gregory','2019-05-10','perempuan','089461000734','482 Damon Highway','Port Williamview','chernandez@example.net'),
(148,'Raymond Cobb','Jason Hanson','2001-03-07','laki-laki','088127681976','839 Mills Throughway Suite 715','Kleinland','derekcoleman@example.org'),
(149,'Nicholas Smith','Jennifer Bell','1998-05-14','perempuan','080142081592','06305 Miller Crest','Scottmouth','james61@example.com'),
(150,'Ronnie Nelson','Tanya Hawkins','2009-07-20','perempuan','086339945645','56198 Hughes Causeway','Lopezbury','robertmooney@example.org'),
(151,'Monica Gibson','Terry Garza','2004-11-01','laki-laki','081520838885','490 Ramirez Crest','Terryside','michael92@example.org'),
(152,'Alexandra Williams','Michael Colon','1972-02-13','laki-laki','084468374025','2005 Clay Greens Apt. 184','Lake Josemouth','keithchen@example.org'),
(153,'Terry Goodman','Jennifer Wilkins','1978-05-26','perempuan','082829757622','0835 Francis Island','North Kennethshire','rwhite@example.net'),
(154,'Jennifer Hodges','John Davis','2009-09-11','perempuan','088645803011','75665 Gilbert Green Suite 166','North Bradleyburgh','kathleen59@example.net'),
(155,'Virginia Garrison','Allen Cook','2018-02-25','laki-laki','089030044442','30341 Ashley Extension','Port Williamview','austin76@example.net'),
(156,'Cristian Harrison','Timothy Lewis','1970-03-13','perempuan','086869576532','718 Dean Manor Suite 366','New Rita','coleabigail@example.com'),
(157,'Elizabeth Stanley','James Sanchez','2012-02-25','perempuan','085797881330','358 Lawrence Canyon Suite 219','Lake Nicholasville','kevinmiller@example.net'),
(158,'Lindsey West','Shannon Fuller','2014-01-19','perempuan','087613672926','92657 Andre Causeway Apt. 869','Patrickberg','michael37@example.org'),
(159,'Alejandro Hughes','Virginia Robinson','2009-08-05','perempuan','082628373770','75912 Terrence Tunnel Apt. 727','West Sheenaside','paulrobert@example.net'),
(160,'Jennifer Mitchell','Ronald Singh','1984-08-08','laki-laki','083138205182','48259 Katherine Union Apt. 367','Tiffanyview','christopherrobinson@example.com'),
(161,'Ashley Parker','Jesus Bates','1975-09-30','perempuan','089942249674','27913 Li Gardens Apt. 931','New Joshuatown','lmiller@example.com'),
(162,'Diana Mcdonald','Matthew Powell','1972-11-03','laki-laki','085156148074','4704 Burch Plains','South Angela','uhernandez@example.org'),
(163,'Susan Stephens','Rachel Crawford','2005-07-27','laki-laki','080196508977','044 Stephen Branch Suite 949','Garrisonfort','randy95@example.org'),
(164,'Patrick Lane','Kristina Lozano','2018-12-09','laki-laki','086391298307','0953 Alexander Prairie','Scottmouth','felicia16@example.org'),
(165,'David Campbell','Joanne House','1970-05-30','laki-laki','084462840615','9787 Mullins Glens','South Kevinhaven','michelle67@example.com'),
(166,'Jessica Bond','Tammy Orozco','2018-05-24','laki-laki','082160405276','549 Rubio Park Apt. 145','Perezburgh','perezkenneth@example.net'),
(167,'Elizabeth Padilla','Joshua Hart','2006-04-06','laki-laki','083277063239','305 Kerr Dale Suite 550','Websterberg','ebishop@example.net'),
(168,'Stephanie Liu','Gabriella Anderson','2021-06-19','perempuan','083037319953','7714 Johnathan Vista','North Sherryland','joselindsey@example.org'),
(169,'Lindsey Ryan','Karen Johnson','2019-09-12','laki-laki','081193273892','34838 Alison Keys','New Kimberlyshire','yramsey@example.net'),
(170,'Mark Griffith','Joseph Ramirez','1998-01-21','laki-laki','085987231306','6773 Richardson Drive','Amyhaven','jjohnson@example.org'),
(171,'Anna Rowland','Samuel Harris','1978-10-18','laki-laki','087141141973','9885 Gonzales Cliff Suite 308','West Veronica','cgoodwin@example.com'),
(172,'John Lutz','Catherine Morrow','2021-05-30','laki-laki','083136435331','40182 Peck Cape','West Alexandratown','philip80@example.com'),
(173,'Gabrielle Mcmahon','Brooke Castillo','2001-03-01','laki-laki','087303310112','706 Keith Burgs','Sherribury','sreeves@example.net'),
(174,'Mary Sparks','Mr. Brandon Harrison','2020-07-05','perempuan','081951145274','69301 Hoffman Rest Suite 333','Gregorybury','qshort@example.org'),
(175,'Robert Jones','Christopher Sparks','1980-09-06','perempuan','083047854767','9334 Nathan Plaza','Jonathanmouth','hudsonjennifer@example.net'),
(176,'Douglas Harris','Christopher Ochoa','1980-10-12','laki-laki','082295598737','1264 William Hollow','Cookview','williamssteven@example.com'),
(177,'Richard Ramsey','Dawn Parsons','1975-11-05','laki-laki','084104031930','7335 Rhodes Oval','South Shannonport','byrdduane@example.org'),
(178,'Amy Lee','Ryan Ramirez','2003-05-08','laki-laki','086516141438','9355 Bush Loop','Lake Kathrynton','cherrygail@example.org'),
(179,'Jamie Wilkins','Kara Graham','1985-11-10','laki-laki','089787492491','6385 Mitchell Divide Suite 690','Aaronmouth','gwendolynmorales@example.org'),
(180,'William Nguyen','Mary Holt','2014-07-11','perempuan','085323042439','64302 Annette Loaf','East Jennifer','mccoyian@example.org'),
(181,'Thomas Gross','Diana Hardy','1999-07-08','perempuan','089166246132','0429 Johnston Lakes Apt. 436','Kathyville','monica76@example.org'),
(182,'Sarah Hubbard','Riley Green','2020-11-09','laki-laki','081898739155','1574 Laura Keys Suite 669','South Shannonport','hermantrevor@example.com'),
(183,'Beverly Simpson','Tina Aguilar','2012-05-10','perempuan','088499479747','941 Wolfe Well Apt. 138','West Michael','bmelton@example.com'),
(184,'Erin Richardson','Jodi Perez','1971-11-15','perempuan','081138340419','9836 Jonathan Valley Suite 608','East Williamside','ronald49@example.net'),
(185,'Courtney Stewart','Carlos Malone','2017-12-28','laki-laki','084033265863','31833 Berry Garden','Cookview','isaaccarter@example.com'),
(186,'Janet Brooks','Michael Warren','2010-10-06','laki-laki','086507631978','598 Wilson Row','Darrylfurt','wagnerdaniel@example.org'),
(187,'Ronald Koch','Shawn Holden','1991-04-05','perempuan','088170726893','37260 Romero Fall','South Teresaborough','clarkvictoria@example.org'),
(188,'Jeffery Johnson','Derek Arias','2013-08-31','laki-laki','089194518024','87577 Tamara Squares Suite 495','Cookview','fwilliams@example.com'),
(189,'Richard Smith','Kathryn Kim','1993-01-22','perempuan','080623910469','69972 Paula Court Apt. 111','Michaelhaven','zhatfield@example.org'),
(190,'Erin Summers','Kimberly Moss','1970-04-05','laki-laki','086573912951','8929 Joseph Row','Gravesport','uhenderson@example.net'),
(191,'Michael Mercer','Kayla Blair','2021-09-18','perempuan','081725481514','734 Johns Crest Suite 565','North Kennethshire','vasquezsamuel@example.org'),
(192,'Christina Evans','Brett Mcmahon','1983-11-27','laki-laki','080937093380','7544 David Crescent','Wendychester','watersbarry@example.org'),
(193,'Mary Thomas','Nancy Adams','2017-11-25','perempuan','082886950379','981 Aaron Highway','South Teresaborough','wwalker@example.net'),
(194,'Roy Garrett','Jerry Jimenez','1987-03-01','perempuan','087955208670','3549 Munoz Dale','West Alexandratown','ydrake@example.com'),
(195,'Emily Calhoun','April Schaefer','1993-04-13','laki-laki','088948823192','842 Cheryl Viaduct Suite 104','Gravesport','xdixon@example.org'),
(196,'Johnny Parker','John Moore','2015-06-20','laki-laki','084448172779','270 Barrera Glens Apt. 483','West Hannah','mitchellsmith@example.com'),
(197,'Zachary Johnson','Gavin Davenport','1988-03-07','laki-laki','087655928592','98483 Stafford Ridge','Michaelland','tmitchell@example.org'),
(198,'William Wilson','Brenda Friedman','2012-12-29','perempuan','084414987904','597 Davis Meadows Apt. 519','North Carrieshire','james63@example.com'),
(199,'Joshua Stone II','Mario Sullivan','2017-04-01','perempuan','081071160218','611 Wolf Haven','Terryside','mary62@example.net'),
(200,'Preston Martinez','Colin Moss','1981-03-02','laki-laki','082105887076','00208 Douglas Knolls','East Elizabeth','meyerschristine@example.com'),
(201,'Jessica Gutierrez','Joanne Owens','1990-11-01','perempuan','086683681881','0820 Sanchez Stream','Brownstad','sandrahudson@example.net'),
(202,'Haley Powell','Jordan Payne Jr.','2017-03-18','laki-laki','081658849804','0889 Brown Dam','Port Stephanie','juliemassey@example.org'),
(203,'Alicia Garcia','Candice Wilkerson','2009-10-06','perempuan','084167855053','17013 Steven Summit Apt. 779','Port Thomas','jonathan48@example.net'),
(204,'Cheryl Sanchez','Jeffrey Knight','1989-08-23','perempuan','081524775075','7258 Suzanne Walk Suite 630','Port Williamview','ashley33@example.com'),
(205,'Carlos Brooks','Patricia Hoffman','1999-02-14','laki-laki','081656803938','2213 Davis Harbors','Lake Josemouth','lwinters@example.com'),
(206,'Lisa Harris','Jeremy Gardner','2011-07-02','perempuan','083646416351','8493 Amber Pike','Davisberg','arthurperry@example.com'),
(207,'Brent Miller','Katelyn Ryan','1993-05-27','laki-laki','081116081797','384 Jason Garden Suite 889','West Sheenaside','qhall@example.net'),
(208,'Alexander Bolton','Michael Liu','2006-01-23','laki-laki','081771647672','30938 Jimmy Underpass Apt. 603','South Jessicafurt','jessica25@example.org'),
(209,'Micheal Bond','David James','1981-04-27','perempuan','088189303410','5298 Jones Trail','Colehaven','janthony@example.net'),
(210,'Matthew Watson','Alexis Romero','1972-07-04','laki-laki','081120012693','24174 Kim Cliff Suite 530','Port Thomas','jeremy04@example.org'),
(211,'Michael Erickson','David Williams','2022-04-17','perempuan','081475584458','4780 Valentine Unions Apt. 039','South Jessicafurt','craigguerrero@example.net'),
(212,'Daniel Smith','Derek Martin','2015-02-17','laki-laki','086393163041','45808 Maynard Shore Suite 978','Hendricksbury','joseph68@example.org'),
(213,'Jennifer Crane','Brett Owens','1979-10-28','laki-laki','083759288316','40188 Sheryl Lake','Sampsonchester','benjaminanderson@example.org'),
(214,'Melissa Dalton','Shawn Nguyen','1981-10-06','laki-laki','088636235030','331 Stephen Hill Suite 070','Housemouth','hintonrachel@example.net'),
(215,'Elizabeth Green','Amber Watts','1975-07-27','perempuan','086131954317','4320 Richard Passage Apt. 920','South Amanda','lrodgers@example.com'),
(216,'Rachael Ford','Chad Nelson','1999-03-13','laki-laki','085097209395','10618 Johnson Groves','Craigborough','patricia97@example.net'),
(217,'Robert Jones','Steven Mendoza','1993-04-30','laki-laki','088480139798','9013 Anderson Falls Suite 367','Sampsonchester','yvonnemorris@example.net'),
(218,'Gina Brown','Timothy Marsh','1991-01-12','laki-laki','085226822197','719 Rivas Fords Suite 309','Kathyville','gregoryjanice@example.org'),
(219,'Joe Perez','Christopher Owens','1993-03-20','laki-laki','085592271544','0595 Marvin Divide Apt. 909','Vanessafurt','trujilloann@example.net'),
(220,'Tara Bauer','Veronica Collins','1977-10-18','perempuan','084255201730','29149 Kaiser Prairie Apt. 278','Victoriaburgh','dillonjoseph@example.net'),
(221,'Daniel Gray','Mrs. Samantha Brooks DDS','1978-07-02','perempuan','089100417161','53609 Nathan Springs Suite 545','West Alexandratown','tyler41@example.com'),
(222,'Christopher Booth','Breanna Smith','2022-06-15','perempuan','080314699231','9041 Leblanc Garden Suite 919','North Lisashire','robertbrown@example.net'),
(223,'Kayla Sanchez','Duane Boyd','1970-08-21','laki-laki','084723742785','956 Sloan Ferry Suite 947','South Kevinhaven','jennifer41@example.org'),
(224,'Amber Johnson','Kimberly Martinez','2001-06-16','laki-laki','083402172529','460 Rhonda Forest Apt. 175','Chelseamouth','kelsey87@example.com'),
(225,'Terri Miller','James Lopez','1987-10-24','perempuan','089493353744','09895 Rhodes Forks Suite 288','Andrewburgh','herrerachristina@example.com'),
(226,'Nancy Flores','Cheryl Cox','1971-11-13','perempuan','085602874115','20614 Kimberly Spurs','West Jonathanchester','michellerobertson@example.com'),
(227,'Lindsey Jones','Ashley Barnes','2013-10-29','perempuan','086890166456','34107 Kathleen Motorway Apt. 306','Reyestown','jerrybrown@example.org'),
(228,'Diana Dixon','Dr. Jason Maldonado','2010-05-15','perempuan','082504069903','4241 Cynthia Meadow','Vanessafurt','cmeyer@example.org'),
(229,'Russell Clark','Elizabeth Francis','1976-05-12','perempuan','084751389096','60421 Charles Highway Apt. 484','West Hannah','mason37@example.net'),
(230,'Lauren Rhodes','Amy Gray','2019-12-23','laki-laki','083172256202','697 Jennifer Landing Apt. 214','South Tammy','melissa39@example.com'),
(231,'Danny Garrison','Tammy Brown','1995-02-17','perempuan','085180600166','80769 Johnson Crest','South Tammy','perkinscynthia@example.org'),
(232,'Amber Martin','Heidi Everett','2023-02-13','perempuan','080237621727','7157 Wise Club Apt. 724','Lake Maria','clarkkristen@example.org'),
(233,'Sally Joseph','Veronica Riley','1975-08-12','perempuan','089708961119','839 Margaret Drive','Chelseamouth','michelle90@example.org'),
(234,'Joseph Jones','Mariah Guerrero','1993-01-14','perempuan','086993830439','903 Maria Plains Apt. 315','Websterberg','timothy84@example.net'),
(235,'Brittany Black','Kevin Barker','1980-12-08','laki-laki','085406328386','6434 Flynn Plaza Suite 214','Michaelhaven','carlosyoung@example.org'),
(236,'Bradley Brooks','Megan Taylor','2006-08-26','laki-laki','080698510981','013 Friedman Passage Apt. 339','Victoriaburgh','jennifer56@example.net'),
(237,'Kenneth Hodge','Ian Johnson','2001-04-22','perempuan','083014748009','755 Julia Vista Suite 036','Mooreview','jhowell@example.com'),
(238,'Scott Daniel','Thomas Ellis','1987-06-13','perempuan','086218290003','3076 Charles Brook','Lake Josemouth','brianreeves@example.com'),
(239,'Hannah Coffey','Brian Gonzalez','2019-12-08','perempuan','081964971164','190 Kevin Port Suite 651','Port Stephanie','lawsondavid@example.net'),
(240,'Justin Castillo','Michelle Austin','1979-08-04','laki-laki','086391366097','821 Samantha Islands Suite 725','Darrylfurt','jessewagner@example.com'),
(241,'Kathleen Hays','Sabrina Reilly','1996-02-19','laki-laki','085695738188','8629 Ellis Ferry','Brandonburgh','anthonyramsey@example.org'),
(242,'Amy Villanueva','Samuel Wilson','1980-02-25','perempuan','086249192973','3721 David Groves Apt. 629','Port Antoniofurt','lbarker@example.com'),
(243,'Jared Smith','Randy Wise','1970-06-18','laki-laki','080588424563','238 Charles Square','Stacyshire','beckywilliams@example.com'),
(244,'Alan Adams','Dana Bradley','1983-08-13','laki-laki','087754583629','80163 Daniel Tunnel Suite 024','South Tammy','pgeorge@example.com'),
(245,'Thomas Ballard','Steven Sims MD','1991-11-06','laki-laki','087773601790','38563 Ryan Falls','Sampsonchester','ulee@example.net'),
(246,'Tonya Fry','Kim Johnson','2000-10-10','laki-laki','089019817235','280 Bridges Cape Suite 166','South Jessicafurt','mariegrant@example.org'),
(247,'Emma Boyd','Ashley Gonzalez','2022-07-07','perempuan','087715369448','9324 Nelson Cape Suite 606','Garrisonfort','michael94@example.com'),
(248,'John Jennings','Travis Sweeney','1998-12-25','perempuan','081843057081','54510 Anna Spring','Smithview','leematthew@example.com'),
(249,'Daniel Olson','Susan Taylor','1975-06-10','laki-laki','088305880624','3501 Matthew Wells','Michaelland','dmontgomery@example.net'),
(250,'Michael Diaz','Dr. Michelle Anderson MD','1993-01-30','laki-laki','083084272995','0707 Delgado Bridge Suite 100','Stacyshire','bakerapril@example.com'),
(251,'Brenda Marquez','Richard Lyons','2019-12-19','laki-laki','083187634043','00944 Powell Bridge','South Jessicafurt','dcollins@example.net'),
(252,'Jennifer Williams','Allison Wade','2022-04-03','laki-laki','082544905336','582 Stephanie Bridge Apt. 037','Watkinsmouth','baileygregory@example.org'),
(253,'Jennifer Foster','Charles Sloan','2021-09-08','perempuan','086309650073','4782 Pope Spurs Suite 774','Craigborough','justingonzalez@example.org'),
(254,'Julia Davis','Robert Green','1973-08-22','perempuan','082638033136','362 Warren Walks','Georgeport','april16@example.net'),
(255,'Cindy Santos','Stephanie Watts','2002-06-14','laki-laki','087314255547','18705 Everett Park Apt. 746','Craigborough','gpowell@example.com'),
(256,'Steven Price','Tony Lee','1971-05-23','laki-laki','088289683273','79222 Frank Drives Suite 194','East Timothy','johnsonrachel@example.org'),
(257,'Steven Brown','Jessica Yang','1973-03-24','perempuan','084061934775','482 George Trace','Reedberg','tina86@example.net'),
(258,'Paul Meyer','John Martinez','1978-02-04','perempuan','085052760495','5411 Vazquez Wells Apt. 660','Armstronghaven','sarahrivera@example.org'),
(259,'Erica Woods','Maria Lee','2009-01-22','perempuan','088820193849','779 Laura Viaduct','North Joshualand','amoses@example.net'),
(260,'Thomas Hoffman','David Rodriguez','2021-10-27','perempuan','080903727109','616 Black Hill','East Jennifer','treed@example.org'),
(261,'Stephanie Brewer','Jeffrey Harrington','1993-03-15','laki-laki','080452219178','21165 Derrick Villages Apt. 892','North Mitchell','ffisher@example.net'),
(262,'Jennifer Mora','Kimberly Davenport','1984-05-28','laki-laki','084114932530','390 Allison Square Suite 225','Reyestown','davidharris@example.net'),
(263,'William Armstrong','Don Parks','2008-03-05','perempuan','082333506765','047 Parker Roads','South Timothy','lindseymary@example.com'),
(264,'Brittney Davis','Andrew Lucas','2012-10-13','perempuan','087300467354','6815 Shane Turnpike','Craigborough','anthonynguyen@example.net'),
(265,'Steve Mcgee','Ruben Lewis','1994-04-01','laki-laki','083986305669','413 Jeffrey Square Apt. 166','East Timothy','anthonygomez@example.com'),
(266,'Sergio Sharp','Francisco Ortiz','1980-10-11','laki-laki','088341417747','29573 Bowen Estates Apt. 163','Port Antoniofurt','ericadams@example.net'),
(267,'Sarah Peters','Amber Sanders','2005-08-10','laki-laki','082185184776','84210 Robinson Estates','Tiffanyview','andrewholloway@example.com'),
(268,'Christopher Small','Erik Case','2007-07-14','perempuan','082707159838','782 Rodriguez Plains Apt. 448','North Lisashire','dherring@example.net'),
(269,'Juan Rich','Sheila Solomon','1994-06-05','perempuan','088331941418','7036 David Haven','Hendersonview','pauldavis@example.org'),
(270,'Brian Newman','Victoria Gonzalez','1972-05-13','laki-laki','086134220411','1172 Kayla Rapid','North Sherryland','roberthunt@example.org'),
(271,'Deborah Jones','Hannah Gay','2003-11-23','laki-laki','085519912711','723 Spencer Plains','North Rachaelland','kylefowler@example.com'),
(272,'Ronald Johnson','Kelly Mills','1979-09-18','perempuan','080524718125','16731 Cohen Harbor Suite 142','South Timothy','cgreen@example.net'),
(273,'Jennifer Boyd','Lucas Arias','1992-07-02','perempuan','084256772964','46233 Lopez Court Suite 868','Kathyville','mosstyler@example.net'),
(274,'Amy Knox','Steve Young','1982-09-29','perempuan','081738451480','68667 Jackson Mountain','Hendricksbury','wernerjoshua@example.com'),
(275,'Benjamin Greene','Erin Hale','2016-11-18','perempuan','084593818335','162 Jacob Mills','Port Thomas','lindsey49@example.net'),
(276,'Christopher Christensen','Kimberly Warner','2010-05-30','laki-laki','085894415416','724 Amy Points','Leehaven','jackie51@example.com'),
(277,'Kevin Grant','Andrea Thompson','1980-03-29','perempuan','089773839575','9208 Tapia Summit','Brandonburgh','maryjames@example.org'),
(278,'Rachel Barnes','Sarah Williams','1979-08-26','laki-laki','088686496458','2005 Walsh Mountains','West Johnville','goodmanrachel@example.org'),
(279,'Cynthia Mckee','Barbara Gordon','2006-06-07','laki-laki','082497464136','9073 Hudson Plaza','South Kevinhaven','nvalencia@example.org'),
(280,'Jenna Mendoza','Kevin Rivera','1982-01-10','perempuan','080253633924','5247 Holly Vista Suite 072','Pamelaport','jennifer85@example.net'),
(281,'Arthur Lawrence','Darrell Martin','1975-07-10','laki-laki','083323037379','923 Jeremy Drive Suite 576','North Mitchell','rhahn@example.net'),
(282,'Mr. Ralph Diaz','Holly Harrison','1997-07-30','laki-laki','080703172805','263 Torres Dam','South Angela','bakerjonathan@example.org'),
(283,'Gary Allen','Danielle Wood','1985-05-19','perempuan','086662442138','502 Anderson Causeway Suite 279','Owensburgh','stevenwatts@example.com'),
(284,'Jessica Watson','Jamie Potter','2009-09-16','perempuan','080310499413','2350 Darius Pines','Davisberg','kevinlucas@example.net'),
(285,'Rachel Chavez','Janet Hansen','1981-05-03','perempuan','088680867836','801 Anthony Shoal Apt. 344','East Jasonhaven','fmoore@example.com'),
(286,'Ashley Vargas','Sarah Zavala','2013-01-29','laki-laki','083250118945','9313 Wise Ville Suite 101','New Joshuatown','ebishop@example.org'),
(287,'Jose Powell','Angela Rogers','2003-09-26','laki-laki','080060542889','73083 Andrews Stravenue','Craigborough','james92@example.com'),
(288,'Crystal Stephens','David Flores','1998-05-08','laki-laki','080316174682','1165 Cheryl Trail Apt. 759','Tiffanyview','susanhutchinson@example.org'),
(289,'Timothy Gomez','Lori Mckenzie','1982-10-28','laki-laki','089797987502','451 Amy Prairie Apt. 475','Sampsonchester','michael51@example.org'),
(290,'Douglas Parsons','Walter Wright','1977-05-31','perempuan','085782686746','044 David Fort Apt. 867','Lake Kathrynton','michellekelley@example.net'),
(291,'Casey Small','Karen Jones','1983-06-17','perempuan','088042379104','8992 Myers Station','East Theresahaven','michael58@example.net'),
(292,'Elizabeth Peck','Linda Ramos','1973-01-05','laki-laki','087379916887','32623 Kevin Gardens Suite 754','Brandonburgh','tammyschmidt@example.com'),
(293,'Ryan Rosales','Arthur Thompson','1993-02-24','perempuan','087823815313','144 Joseph Turnpike Apt. 092','Brandonburgh','smithchristian@example.org'),
(294,'Dean Hill','Jean Potter','2014-05-09','laki-laki','089360185433','47382 Lisa Expressway','Mooreview','lbeck@example.org'),
(295,'Ashley Dean','Crystal Carpenter','2018-08-13','perempuan','083812085697','189 Melton Isle','Reedberg','andrewmoreno@example.com'),
(296,'Leslie Hall','Paul Barron','1979-03-24','perempuan','085705411722','34514 Tracy Run','Sarahberg','kwalker@example.org'),
(297,'Charles Matthews','Jimmy Martin','1971-10-09','laki-laki','082041547363','6498 Sarah Square','South Tiffanytown','mason74@example.com'),
(298,'Sophia Powell','Brian Cooley','2002-04-18','perempuan','083918361956','36757 Calhoun Mill','West Casey','benjamintiffany@example.org'),
(299,'Mr. Michael Farrell DVM','Tina Roberts','2004-01-01','laki-laki','082913999414','73414 Boyle Junction','North Carrieshire','destiny51@example.org'),
(300,'Timothy Arellano','Jordan Clark','2007-01-03','perempuan','088452446843','09170 Paul Neck Apt. 484','New Joshuatown','ukelly@example.com');
/*!40000 ALTER TABLE `orang` ENABLE KEYS */;
UNLOCK TABLES;

--
-- Table structure for table `pasien`
--

DROP TABLE IF EXISTS `pasien`;
/*!40101 SET @saved_cs_client     = @@character_set_client */;
/*!40101 SET character_set_client = utf8 */;
CREATE TABLE `pasien` (
  `id` int(11) NOT NULL,
  PRIMARY KEY (`id`),
  CONSTRAINT `pasien_ibfk_1` FOREIGN KEY (`id`) REFERENCES `orang` (`id`)
) ENGINE=InnoDB DEFAULT CHARSET=latin1 COLLATE=latin1_swedish_ci;
/*!40101 SET character_set_client = @saved_cs_client */;

--
-- Dumping data for table `pasien`
--

LOCK TABLES `pasien` WRITE;
/*!40000 ALTER TABLE `pasien` DISABLE KEYS */;
INSERT INTO `pasien` VALUES
(1),
(2),
(3),
(9),
(10),
(22),
(23),
(29),
(34),
(40),
(45),
(48),
(49),
(52),
(57),
(58),
(59),
(66),
(79),
(80),
(83),
(84),
(87),
(88),
(91),
(99),
(100),
(108),
(109),
(110),
(112),
(113),
(114),
(117),
(118),
(119),
(120),
(122),
(125),
(128),
(129),
(130),
(131),
(132),
(135),
(137),
(145),
(150),
(159),
(160),
(163),
(164),
(169),
(171),
(172),
(174),
(178),
(180),
(181),
(182),
(185),
(190),
(191),
(192),
(205),
(207),
(208),
(210),
(214),
(215),
(216),
(219),
(220),
(221),
(224),
(226),
(229),
(234),
(235),
(241),
(243),
(248),
(249),
(253),
(258),
(261),
(264),
(268),
(272),
(274),
(277),
(278),
(280),
(282),
(284),
(285),
(289),
(295),
(296),
(297);
/*!40000 ALTER TABLE `pasien` ENABLE KEYS */;
UNLOCK TABLES;

--
-- Table structure for table `penempatankamar`
--

DROP TABLE IF EXISTS `penempatankamar`;
/*!40101 SET @saved_cs_client     = @@character_set_client */;
/*!40101 SET character_set_client = utf8 */;
CREATE TABLE `penempatankamar` (
  `id` int(11) NOT NULL,
  `lantai` int(11) NOT NULL,
  `nomor` int(11) NOT NULL,
  PRIMARY KEY (`id`),
  KEY `nomor` (`nomor`,`lantai`),
  CONSTRAINT `penempatankamar_ibfk_1` FOREIGN KEY (`id`) REFERENCES `medicalrecord` (`id`),
  CONSTRAINT `penempatankamar_ibfk_2` FOREIGN KEY (`nomor`, `lantai`) REFERENCES `kelaskapasitaskamar` (`nomor`, `lantai`)
) ENGINE=InnoDB DEFAULT CHARSET=latin1 COLLATE=latin1_swedish_ci;
/*!40101 SET character_set_client = @saved_cs_client */;

--
-- Dumping data for table `penempatankamar`
--

LOCK TABLES `penempatankamar` WRITE;
/*!40000 ALTER TABLE `penempatankamar` DISABLE KEYS */;
INSERT INTO `penempatankamar` VALUES
(33,3,1),
(48,3,1),
(93,3,1),
(105,3,1),
(128,3,1),
(145,3,1),
(53,2,2),
(87,2,2),
(120,2,2),
(9,1,3),
(78,1,3),
(99,1,3),
(66,3,4),
(147,3,4),
(14,1,5),
(42,1,5),
(127,1,5),
(19,5,6),
(69,5,6),
(49,1,7),
(24,5,8),
(38,5,8),
(41,5,8),
(61,5,8),
(67,5,8),
(83,5,8),
(90,5,8),
(97,5,8),
(117,5,8),
(131,5,8),
(39,3,9),
(77,4,10),
(89,4,10),
(123,4,10),
(10,2,11),
(115,2,11),
(113,5,12),
(124,5,12),
(55,1,14),
(72,1,14),
(130,1,14),
(136,1,14),
(94,2,15),
(98,2,15),
(122,2,15),
(11,4,16),
(32,4,16),
(1,5,17),
(45,5,17),
(25,5,18),
(76,5,18),
(62,1,19),
(100,1,19),
(26,2,20),
(60,2,20),
(18,3,21),
(125,3,21),
(37,2,22),
(79,2,22),
(140,2,22),
(143,2,22),
(12,4,23),
(85,4,23),
(102,4,23),
(16,1,24),
(20,1,24),
(71,1,24),
(80,1,24),
(110,1,24),
(47,2,25),
(59,2,25),
(5,2,26),
(108,2,26),
(132,2,26),
(31,3,27),
(86,3,27),
(129,3,27),
(95,2,28),
(104,2,28),
(114,2,28),
(3,5,29),
(30,3,30),
(63,3,30),
(68,3,30),
(121,3,30),
(35,1,31),
(54,1,31),
(8,5,32),
(73,5,32),
(74,5,32),
(21,2,33),
(44,2,33),
(51,2,33),
(101,2,33),
(103,2,33),
(29,1,34),
(126,1,34),
(148,1,34),
(4,4,35),
(6,4,35),
(22,4,35),
(88,4,35),
(139,4,35),
(149,4,35),
(34,4,36),
(109,4,36),
(116,4,36),
(70,1,37),
(84,1,37),
(92,5,38),
(112,5,38),
(15,2,39),
(56,2,39),
(107,2,39),
(23,5,40),
(27,5,40),
(58,5,40),
(111,5,40),
(135,5,40),
(142,5,40),
(64,2,41),
(96,2,41),
(138,2,41),
(134,2,42),
(144,2,42),
(17,2,43),
(46,2,43),
(75,2,43),
(81,2,43),
(146,2,43),
(150,2,43),
(7,5,44),
(141,5,44),
(36,2,45),
(82,2,45),
(2,3,46),
(57,3,46),
(65,3,46),
(40,4,47),
(106,4,47),
(119,4,47),
(133,4,47),
(137,5,48),
(28,1,49),
(43,1,49),
(50,1,49),
(13,2,50),
(52,2,50),
(91,2,50),
(118,2,50);
/*!40000 ALTER TABLE `penempatankamar` ENABLE KEYS */;
UNLOCK TABLES;

--
-- Table structure for table `perawat`
--

DROP TABLE IF EXISTS `perawat`;
/*!40101 SET @saved_cs_client     = @@character_set_client */;
/*!40101 SET character_set_client = utf8 */;
CREATE TABLE `perawat` (
  `id` int(11) NOT NULL,
  PRIMARY KEY (`id`),
  CONSTRAINT `perawat_ibfk_1` FOREIGN KEY (`id`) REFERENCES `lisensitenagamedis` (`id`)
) ENGINE=InnoDB DEFAULT CHARSET=latin1 COLLATE=latin1_swedish_ci;
/*!40101 SET character_set_client = @saved_cs_client */;

--
-- Dumping data for table `perawat`
--

LOCK TABLES `perawat` WRITE;
/*!40000 ALTER TABLE `perawat` DISABLE KEYS */;
INSERT INTO `perawat` VALUES
(4),
(5),
(6),
(8),
(13),
(14),
(15),
(17),
(19),
(21),
(24),
(25),
(32),
(33),
(36),
(38),
(41),
(43),
(51),
(54),
(56),
(62),
(63),
(67),
(68),
(71),
(72),
(74),
(75),
(76),
(78),
(81),
(89),
(90),
(93),
(94),
(96),
(97),
(101),
(102),
(103),
(104),
(105),
(107),
(111),
(115),
(116),
(123),
(124),
(136),
(139),
(141),
(154),
(155),
(157),
(161),
(162),
(166),
(167),
(168),
(170),
(173),
(175),
(177),
(179),
(184),
(186),
(187),
(188),
(194),
(196),
(197),
(200),
(201),
(204),
(212),
(218),
(228),
(230),
(233),
(236),
(237),
(245),
(254),
(256),
(257),
(260),
(265),
(269),
(270),
(271),
(273),
(276),
(279),
(281),
(283),
(290),
(291),
(293),
(294);
/*!40000 ALTER TABLE `perawat` ENABLE KEYS */;
UNLOCK TABLES;

--
-- Table structure for table `perusahaanasuransi`
--

DROP TABLE IF EXISTS `perusahaanasuransi`;
/*!40101 SET @saved_cs_client     = @@character_set_client */;
/*!40101 SET character_set_client = utf8 */;
CREATE TABLE `perusahaanasuransi` (
  `id` int(11) NOT NULL AUTO_INCREMENT,
  `nama_perusahaan` varchar(255) NOT NULL,
  `nama_kontak` varchar(255) DEFAULT NULL,
  `nomor_telepon` varchar(100) NOT NULL,
  PRIMARY KEY (`id`)
) ENGINE=InnoDB AUTO_INCREMENT=11 DEFAULT CHARSET=latin1 COLLATE=latin1_swedish_ci;
/*!40101 SET character_set_client = @saved_cs_client */;

--
-- Dumping data for table `perusahaanasuransi`
--

LOCK TABLES `perusahaanasuransi` WRITE;
/*!40000 ALTER TABLE `perusahaanasuransi` DISABLE KEYS */;
INSERT INTO `perusahaanasuransi` VALUES
(1,'Roth and Sons','Rhonda Green','080299614545'),
(2,'Owens and Sons','Karen Nielsen','083489612828'),
(3,'Gamble, Matthews and Howell','Lauren Mann','086814584786'),
(4,'Smith, Collins and Vargas','Amber Warner','086875149208'),
(5,'Lozano, Sanders and Sanchez','Connie Hull','089893982182'),
(6,'Thompson Inc','Sue Davis','087804468524'),
(7,'Jacobson, Morrison and Bell','Michelle Gomez DDS','083118603277'),
(8,'Estrada Ltd','Timothy Wilson','087837240406'),
(9,'Huang, Robertson and Blanchard','Wendy Clark','089977715910'),
(10,'Miller, Walker and Sullivan','Maria Rodriguez','082121680335');
/*!40000 ALTER TABLE `perusahaanasuransi` ENABLE KEYS */;
UNLOCK TABLES;

--
-- Table structure for table `prosedur`
--

DROP TABLE IF EXISTS `prosedur`;
/*!40101 SET @saved_cs_client     = @@character_set_client */;
/*!40101 SET character_set_client = utf8 */;
CREATE TABLE `prosedur` (
  `id` int(11) NOT NULL AUTO_INCREMENT,
  `id_medical_records` int(11) NOT NULL,
  `nama_pengobatan` varchar(255) NOT NULL,
  `dosis` varchar(255) NOT NULL,
  `tanggal_mulai` date NOT NULL,
  `tanggal_selesai` date NOT NULL,
  `biaya` int(11) NOT NULL,
  PRIMARY KEY (`id`),
  KEY `id_medical_records` (`id_medical_records`),
  CONSTRAINT `prosedur_ibfk_1` FOREIGN KEY (`id_medical_records`) REFERENCES `medicalrecord` (`id`)
) ENGINE=InnoDB AUTO_INCREMENT=101 DEFAULT CHARSET=latin1 COLLATE=latin1_swedish_ci;
/*!40101 SET character_set_client = @saved_cs_client */;

--
-- Dumping data for table `prosedur`
--

LOCK TABLES `prosedur` WRITE;
/*!40000 ALTER TABLE `prosedur` DISABLE KEYS */;
INSERT INTO `prosedur` VALUES
(1,116,'research','prevent','2004-07-02','2001-03-13',695),
(2,118,'all','without','1973-10-10','2017-07-08',51),
(3,33,'century','claim','1973-12-07','2008-07-26',763),
(4,26,'decide','learn','2017-09-16','2022-02-11',861),
(5,58,'former','and','1999-07-16','1994-11-03',361),
(6,130,'alone','during','2001-11-03','1976-02-06',950),
(7,81,'specific','break','1998-12-21','2012-11-28',491),
(8,62,'eye','difficult','1980-01-23','1986-02-28',899),
(9,71,'address','late','1977-01-13','2018-12-02',264),
(10,131,'center','necessary','1993-04-22','1986-11-13',836),
(11,148,'Mrs','join','1979-12-18','1994-10-20',723),
(12,35,'well','carry','2010-11-23','1983-05-04',472),
(13,77,'low','open','2014-07-11','2006-11-07',719),
(14,107,'eight','pattern','2000-05-26','1991-05-22',757),
(15,42,'involve','follow','2001-04-15','1982-04-25',593),
(16,139,'argue','home','1970-07-11','2012-02-16',779),
(17,131,'effect','vote','1992-07-01','1993-06-22',785),
(18,14,'go','discover','1973-11-10','2010-10-06',881),
(19,30,'per','others','1997-06-21','1996-05-20',569),
(20,145,'somebody','production','1996-10-26','2016-05-29',688),
(21,114,'per','heart','2020-04-13','1991-10-14',267),
(22,3,'of','dinner','1979-10-11','1989-04-13',161),
(23,26,'source','service','2007-12-15','1991-06-26',55),
(24,35,'face','involve','2006-05-05','1987-01-24',362),
(25,34,'assume','stop','1977-06-17','1996-11-25',635),
(26,149,'with','Democrat','1975-12-26','1970-03-26',449),
(27,147,'voice','if','1996-01-10','2015-08-11',35),
(28,9,'those','chair','1977-09-12','2000-09-24',535),
(29,46,'glass','two','1989-10-05','1994-12-31',302),
(30,53,'summer','sound','1973-03-10','2003-01-16',538),
(31,85,'administration','avoid','1988-03-20','2000-03-27',632),
(32,87,'imagine','condition','1975-03-15','2001-06-07',2),
(33,66,'attorney','room','2005-08-19','2018-04-25',640),
(34,11,'image','meeting','2011-03-19','1983-03-02',49),
(35,137,'everyone','get','2006-11-24','2003-10-03',272),
(36,130,'economic','accept','2009-05-07','1990-04-29',58),
(37,39,'manager','arrive','1980-06-16','1986-12-08',425),
(38,65,'unit','dream','1981-04-20','2023-03-27',22),
(39,42,'but','wrong','2014-10-14','1974-11-23',967),
(40,103,'budget','establish','2000-12-18','1973-08-21',416),
(41,65,'control','easy','2017-05-04','1970-10-03',682),
(42,127,'central','against','2018-01-08','1995-11-13',437),
(43,9,'main','five','2012-10-11','1993-09-15',388),
(44,3,'fill','whose','1980-11-23','2016-11-12',871),
(45,31,'order','religious','2005-11-06','2012-07-06',358),
(46,137,'smile','teach','2021-09-25','1975-03-18',961),
(47,28,'performance','strategy','1981-06-28','2011-01-28',341),
(48,8,'leader','soldier','1981-11-26','2003-06-06',842),
(49,62,'military','thank','1989-12-01','2015-05-02',975),
(50,44,'base','bill','1977-10-27','1974-10-17',485),
(51,52,'can','to','1978-07-08','2020-02-05',602),
(52,53,'seem','major','1982-12-04','1992-01-26',685),
(53,76,'identify','expect','1975-12-27','2013-07-22',378),
(54,64,'describe','base','2008-03-17','1995-03-03',497),
(55,44,'side','threat','1977-08-22','1983-10-24',994),
(56,148,'speech','big','2004-10-24','1979-05-24',504),
(57,63,'else','task','2010-01-19','1982-08-07',465),
(58,99,'American','herself','2002-11-27','1976-03-24',543),
(59,46,'no','have','2009-03-24','2010-12-24',802),
(60,15,'look','none','2008-07-28','1977-05-21',23),
(61,44,'site','measure','2003-10-23','1981-04-13',20),
(62,55,'large','reach','1993-01-06','2015-05-21',836),
(63,122,'air','newspaper','1984-06-12','2010-04-05',886),
(64,114,'hit','more','2015-04-02','2022-08-20',286),
(65,23,'station','officer','2010-06-02','2004-12-15',42),
(66,39,'gun','police','1989-03-28','2000-02-06',780),
(67,100,'star','theory','2003-11-09','2008-07-07',707),
(68,109,'participant','will','1989-10-18','2003-04-03',573),
(69,137,'yard','reason','1974-04-19','1990-09-04',1000),
(70,14,'during','above','1980-08-08','1999-06-05',585),
(71,52,'shake','over','1979-03-15','2000-05-08',932),
(72,112,'represent','push','1980-06-02','2010-12-09',891),
(73,117,'only','center','2013-06-12','2021-08-17',366),
(74,1,'measure','difficult','1979-09-29','2006-11-18',899),
(75,42,'set','huge','1980-06-13','1987-11-29',698),
(76,16,'agree','of','2021-07-26','1986-03-24',501),
(77,63,'choice','give','2008-08-10','2008-06-11',284),
(78,143,'song','market','2013-09-13','1989-12-15',400),
(79,81,'cup','nature','1981-12-28','1975-05-28',234),
(80,31,'strong','understand','1997-02-05','1984-03-14',774),
(81,35,'ball','interesting','2011-02-19','1982-05-01',8),
(82,110,'number','avoid','1973-07-23','2021-09-28',411),
(83,125,'skin','house','1986-07-14','1983-09-20',588),
(84,88,'final','a','2018-07-13','1977-04-14',24),
(85,18,'new','happy','1976-06-28','1997-10-27',5),
(86,5,'however','eat','2022-07-03','1988-09-27',352),
(87,141,'expect','matter','2011-11-02','1984-11-29',456),
(88,127,'majority','side','2021-03-26','1985-10-31',452),
(89,114,'great','consider','1996-07-07','2007-04-01',65),
(90,133,'hard','hot','1976-08-04','1989-08-29',359),
(91,99,'treatment','cold','1977-07-12','2017-01-21',292),
(92,33,'affect','support','1980-04-09','2000-02-24',178),
(93,38,'agree','authority','2009-03-17','2016-12-02',919),
(94,13,'indicate','image','1974-05-31','2004-03-16',431),
(95,134,'nature','consumer','2021-07-26','1974-02-22',26),
(96,33,'read','red','1978-05-06','2019-05-02',807),
(97,40,'ground','often','1971-01-09','1978-02-05',767),
(98,90,'painting','very','1987-09-21','2001-04-10',401),
(99,74,'artist','explain','1991-04-29','1990-03-15',902),
(100,34,'send','also','1976-10-27','2020-04-30',385);
/*!40000 ALTER TABLE `prosedur` ENABLE KEYS */;
UNLOCK TABLES;

--
-- Table structure for table `resep`
--

DROP TABLE IF EXISTS `resep`;
/*!40101 SET @saved_cs_client     = @@character_set_client */;
/*!40101 SET character_set_client = utf8 */;
CREATE TABLE `resep` (
  `id` int(11) NOT NULL AUTO_INCREMENT,
  `id_medical_records` int(11) NOT NULL,
  `nama_pengobatan` varchar(255) NOT NULL,
  `dosis` varchar(255) NOT NULL,
  `tanggal_mulai` date NOT NULL,
  `tanggal_selesai` date NOT NULL,
  `biaya` int(11) NOT NULL,
  PRIMARY KEY (`id`),
  KEY `id_medical_records` (`id_medical_records`),
  CONSTRAINT `resep_ibfk_1` FOREIGN KEY (`id_medical_records`) REFERENCES `medicalrecord` (`id`)
) ENGINE=InnoDB AUTO_INCREMENT=101 DEFAULT CHARSET=latin1 COLLATE=latin1_swedish_ci;
/*!40101 SET character_set_client = @saved_cs_client */;

--
-- Dumping data for table `resep`
--

LOCK TABLES `resep` WRITE;
/*!40000 ALTER TABLE `resep` DISABLE KEYS */;
INSERT INTO `resep` VALUES
(1,149,'majority','him','1997-11-28','2002-04-13',688),
(2,66,'mind','live','1986-02-16','1983-12-07',725),
(3,96,'speech','book','1986-08-25','2013-12-31',900),
(4,105,'huge','opportunity','1989-09-16','1979-03-20',139),
(5,31,'share','responsibility','2018-11-19','1988-11-21',925),
(6,72,'sit','religious','2011-05-04','2018-06-07',973),
(7,150,'machine','pull','1973-11-25','2023-01-12',528),
(8,138,'check','word','2005-07-18','2002-08-19',298),
(9,70,'reason','out','1977-12-31','2017-03-15',22),
(10,34,'fund','shake','1999-02-25','1993-05-01',625),
(11,121,'father','size','1985-02-03','2017-06-10',207),
(12,137,'leave','occur','1988-04-11','2013-08-19',983),
(13,112,'own','leg','1975-11-19','1988-07-05',24),
(14,80,'low','stop','1986-07-09','2013-09-10',622),
(15,65,'enough','around','1991-07-19','2011-08-02',59),
(16,130,'him','man','1980-07-06','2020-10-20',585),
(17,60,'human','interview','1987-08-05','2014-10-15',351),
(18,82,'recently','no','1998-03-22','2020-02-17',955),
(19,67,'base','task','2005-06-13','2020-05-12',292),
(20,107,'ago','child','1990-10-07','1990-01-15',21),
(21,88,'speech','rise','2018-10-09','1976-11-13',430),
(22,146,'American','book','2022-10-17','1976-02-11',471),
(23,98,'by','car','1993-09-15','1992-02-21',18),
(24,64,'property','conference','2001-07-17','1971-08-25',635),
(25,37,'within','nothing','1982-10-28','1976-03-19',430),
(26,96,'level','cultural','1980-09-11','1977-06-05',136),
(27,137,'visit','include','2022-06-26','2011-06-27',618),
(28,109,'not','official','1976-10-05','2009-03-07',859),
(29,6,'me','community','1975-10-11','1982-01-05',95),
(30,149,'sell','soldier','1993-06-08','1972-08-19',795),
(31,133,'or','very','1977-02-01','1995-02-19',606),
(32,19,'cause','cost','1978-04-21','1991-07-15',967),
(33,144,'spend','region','1978-11-19','1981-02-06',519),
(34,51,'miss','determine','1984-11-02','1988-02-08',879),
(35,89,'pretty','assume','1984-02-26','2011-04-27',963),
(36,85,'pull','each','1972-03-14','1997-11-01',470),
(37,36,'executive','remember','2013-07-18','1999-11-15',851),
(38,104,'myself','staff','1986-06-07','1986-01-06',910),
(39,64,'morning','amount','2006-11-21','2016-10-31',864),
(40,42,'experience','color','1979-09-21','1983-12-20',980),
(41,55,'able','husband','2000-10-05','2003-03-21',249),
(42,86,'threat','professional','2011-05-10','1995-09-14',151),
(43,134,'free','factor','2004-01-23','2009-05-06',990),
(44,80,'open','strong','2002-12-10','1972-05-17',52),
(45,38,'grow','structure','2011-10-08','1984-10-20',391),
(46,143,'social','economic','2009-12-13','1983-07-16',645),
(47,17,'go','local','1993-06-01','1980-02-01',880),
(48,2,'its','quite','1987-05-01','2000-03-04',810),
(49,96,'effect','forget','1999-12-20','2022-01-02',428),
(50,15,'drug','experience','2011-05-05','2022-06-27',455),
(51,53,'college','letter','1973-11-24','2003-09-01',154),
(52,117,'evidence','green','2002-04-03','2001-05-14',739),
(53,50,'account','no','1971-09-02','1996-07-20',739),
(54,145,'trip','responsibility','1989-02-26','1984-04-12',611),
(55,20,'politics','view','1975-03-04','2010-09-28',438),
(56,15,'letter','summer','2017-08-25','1978-09-24',418),
(57,134,'admit','southern','2015-10-04','1984-03-02',38),
(58,114,'certainly','choice','2006-01-07','2008-02-15',964),
(59,23,'couple','according','2020-07-31','1977-12-02',109),
(60,68,'without','including','2013-08-03','1978-08-01',704),
(61,90,'brother','senior','2010-06-22','2014-05-12',971),
(62,133,'nation','cause','1990-10-03','2006-04-12',454),
(63,100,'either','even','1994-01-07','1989-03-26',576),
(64,56,'yourself','line','2008-07-23','2000-12-08',900),
(65,101,'item','thought','2002-05-08','2010-10-18',84),
(66,102,'visit','not','1979-10-02','2002-06-16',219),
(67,119,'reflect','south','2018-08-24','1986-10-27',147),
(68,12,'at','rock','2010-09-27','1992-01-25',976),
(69,118,'own','rate','1983-12-02','2015-05-22',952),
(70,138,'cold','approach','1975-01-10','2005-06-12',933),
(71,135,'believe','always','2004-07-19','2015-07-15',735),
(72,102,'collection','real','2023-05-02','2012-12-27',271),
(73,5,'policy','opportunity','2021-11-22','1977-01-07',909),
(74,59,'line','seek','1980-03-12','2004-08-26',264),
(75,55,'ten','suffer','1980-07-30','1993-09-10',784),
(76,83,'evidence','specific','1987-11-02','1972-01-21',55),
(77,124,'easy','question','1983-04-25','2003-12-09',639),
(78,79,'goal','yeah','1984-07-28','1984-02-13',626),
(79,132,'action','list','2019-10-16','2007-08-12',546),
(80,13,'contain','get','2004-07-08','1989-10-06',844),
(81,97,'modern','turn','2000-03-03','2004-09-19',675),
(82,6,'education','money','1999-10-23','1985-11-29',520),
(83,78,'suffer','together','1995-08-04','1996-11-07',115),
(84,109,'mean','discussion','2019-09-11','1972-07-05',771),
(85,147,'size','explain','1985-03-11','1983-12-21',975),
(86,128,'explain','affect','1996-12-01','2015-09-28',691),
(87,106,'key','blood','1984-02-10','1998-03-01',197),
(88,85,'nature','receive','2004-11-27','1978-05-25',266),
(89,3,'enjoy','close','2019-08-14','1981-11-11',967),
(90,51,'throughout','stop','1983-04-21','2003-10-13',378),
(91,22,'rule','local','2007-07-13','2002-12-28',315),
(92,82,'most','defense','1978-10-13','1999-02-18',915),
(93,74,'these','such','1972-03-31','2012-12-01',626),
(94,143,'computer','her','2010-11-14','2017-10-21',543),
(95,52,'idea','subject','1996-05-19','1978-05-11',98),
(96,66,'reality','audience','1999-10-09','1985-07-28',363),
(97,12,'necessary','position','2018-01-31','2017-02-06',638),
(98,81,'meet','tend','1986-06-13','1978-04-23',488),
(99,134,'young','PM','1998-09-09','2014-10-10',762),
(100,51,'strategy','mention','2002-01-11','1989-01-22',910);
/*!40000 ALTER TABLE `resep` ENABLE KEYS */;
UNLOCK TABLES;

--
-- Table structure for table `satuantugas`
--

DROP TABLE IF EXISTS `satuantugas`;
/*!40101 SET @saved_cs_client     = @@character_set_client */;
/*!40101 SET character_set_client = utf8 */;
CREATE TABLE `satuantugas` (
  `id_kerja_sama` int(11) NOT NULL,
  `id` int(11) NOT NULL,
  PRIMARY KEY (`id_kerja_sama`,`id`),
  KEY `id` (`id`),
  CONSTRAINT `satuantugas_ibfk_1` FOREIGN KEY (`id`) REFERENCES `lisensitenagamedis` (`id`)
) ENGINE=InnoDB DEFAULT CHARSET=latin1 COLLATE=latin1_swedish_ci;
/*!40101 SET character_set_client = @saved_cs_client */;

--
-- Dumping data for table `satuantugas`
--

LOCK TABLES `satuantugas` WRITE;
/*!40000 ALTER TABLE `satuantugas` DISABLE KEYS */;
INSERT INTO `satuantugas` VALUES
(0,12),
(0,24),
(0,148),
(0,247),
(1,31),
(1,56),
(1,168),
(1,256),
(1,267),
(2,20),
(2,89),
(2,232),
(2,252),
(3,55),
(3,64),
(3,188),
(3,225),
(3,290),
(4,63),
(4,82),
(4,86),
(4,170),
(4,183),
(4,257),
(5,64),
(5,115),
(5,196),
(5,237),
(6,20),
(6,146),
(6,187),
(6,238),
(7,32),
(7,223),
(7,291),
(8,102),
(8,140),
(8,237),
(8,267),
(9,24),
(9,53),
(9,82),
(9,196),
(9,265),
(10,36),
(10,37),
(10,140),
(10,155),
(10,250),
(10,293),
(11,13),
(11,18),
(11,64),
(11,267),
(11,279),
(12,140),
(12,189),
(12,211),
(12,237),
(13,75),
(13,138),
(13,266),
(14,19),
(14,179),
(14,199),
(14,267),
(14,279),
(15,15),
(15,27),
(15,33),
(15,75),
(16,93),
(16,143),
(16,175),
(16,232),
(16,236),
(17,61),
(17,98),
(17,151),
(17,186),
(17,256),
(17,269),
(18,86),
(18,139),
(19,46),
(19,68),
(19,152),
(19,257),
(20,82),
(20,121),
(20,194),
(20,290),
(20,292),
(21,46),
(21,123),
(21,126),
(21,193),
(22,89),
(22,123),
(22,189),
(22,225),
(23,30),
(23,46),
(23,61),
(23,97),
(23,157),
(24,16),
(24,19),
(24,42),
(24,81),
(24,265),
(25,50),
(25,62),
(25,189),
(25,259),
(26,16),
(26,51),
(26,299),
(27,4),
(27,61),
(27,104),
(27,141),
(27,153),
(28,187),
(28,199),
(28,246),
(29,105),
(29,106),
(29,240),
(29,246),
(30,63),
(30,103),
(30,134),
(30,252),
(31,7),
(31,33),
(31,38),
(31,43),
(31,98),
(31,247),
(32,156),
(32,260),
(32,273),
(33,194),
(33,236),
(33,260),
(33,263),
(34,43),
(34,104),
(34,203),
(34,266),
(35,197),
(35,244),
(35,279),
(36,106),
(36,198),
(36,246),
(36,260),
(36,283),
(37,140),
(37,257),
(37,287),
(37,294),
(38,4),
(38,71),
(38,127),
(39,20),
(39,54),
(39,55),
(39,103),
(39,179),
(39,199),
(40,81),
(40,86),
(40,116),
(40,127),
(40,252),
(40,291),
(41,56),
(41,166),
(41,183),
(41,286),
(42,44),
(42,72),
(42,134),
(42,267),
(43,95),
(43,154),
(44,43),
(44,82),
(44,173),
(44,189),
(44,266),
(45,54),
(45,90),
(45,299),
(46,4),
(46,26),
(46,139),
(46,213),
(46,288),
(46,290),
(47,14),
(47,28),
(47,245),
(47,291),
(48,245),
(48,300),
(49,27),
(49,116),
(50,186),
(50,231),
(50,266),
(50,298),
(51,28),
(51,102),
(51,105),
(52,41),
(52,136),
(52,151),
(53,228),
(53,286),
(54,25),
(54,35),
(54,257),
(54,281),
(55,44),
(55,75),
(55,211),
(55,262),
(56,67),
(56,189),
(56,206),
(56,290),
(56,300),
(57,167),
(57,183),
(58,20),
(58,42),
(58,78),
(58,103),
(58,204),
(59,72),
(59,78),
(59,140),
(59,183),
(59,262),
(60,7),
(60,204),
(60,286),
(61,35),
(61,78),
(61,111),
(61,204),
(61,292),
(62,4),
(62,142),
(62,231),
(62,286),
(63,162),
(63,168),
(63,183),
(63,197),
(63,251),
(63,298),
(64,53),
(64,170),
(64,222),
(64,279),
(65,139),
(65,206),
(65,275),
(66,12),
(66,76),
(66,107),
(67,65),
(67,75),
(67,90),
(67,269),
(68,19),
(68,32),
(68,70),
(68,94),
(69,51),
(69,123),
(69,161),
(69,231);
/*!40000 ALTER TABLE `satuantugas` ENABLE KEYS */;
UNLOCK TABLES;

--
-- Table structure for table `teslab`
--

DROP TABLE IF EXISTS `teslab`;
/*!40101 SET @saved_cs_client     = @@character_set_client */;
/*!40101 SET character_set_client = utf8 */;
CREATE TABLE `teslab` (
  `id` int(11) NOT NULL AUTO_INCREMENT,
  `id_medical_records` int(11) NOT NULL,
  `tanggal_tes` date NOT NULL,
  `hasil` varchar(255) NOT NULL,
  `tempat` varchar(100) NOT NULL,
  `biaya` int(11) NOT NULL,
  PRIMARY KEY (`id`),
  KEY `id_medical_records` (`id_medical_records`),
  CONSTRAINT `teslab_ibfk_1` FOREIGN KEY (`id_medical_records`) REFERENCES `medicalrecord` (`id`)
) ENGINE=InnoDB AUTO_INCREMENT=101 DEFAULT CHARSET=latin1 COLLATE=latin1_swedish_ci;
/*!40101 SET character_set_client = @saved_cs_client */;

--
-- Dumping data for table `teslab`
--

LOCK TABLES `teslab` WRITE;
/*!40000 ALTER TABLE `teslab` DISABLE KEYS */;
INSERT INTO `teslab` VALUES
(1,1,'2005-05-15','Political open mind.','Lab Hematologi',337),
(2,111,'2016-09-11','Father debate consider interview.','Lab Parasitologi',785),
(3,145,'2007-05-27','Respond weight want particular case.','Lab Mikrobiologi',71),
(4,2,'2002-03-15','Watch yet score determine American.','Lab Mikrobiologi',278),
(5,119,'2013-03-15','Determine seem usually chance talk.','Lab Kimia Klinik',253),
(6,3,'2001-09-25','Short offer cut offer.','Lab Patologi Klinik',299),
(7,4,'2020-10-21','Accept message able official hit.','Lab Patologi Klinik',515),
(8,5,'2021-10-14','Today analysis leader around later follow.','Lab Imunologi',99),
(9,6,'2012-11-24','Computer after concern thus agent experience.','Lab Parasitologi',689),
(10,113,'2021-06-11','In major soon with will.','Lab Mikrobiologi',215),
(11,138,'2008-04-27','Listen ten room past leader.','Lab Parasitologi',245),
(12,7,'2020-11-25','Product plant coach least.','Lab Hematologi',287),
(13,8,'2022-03-19','Board for arm structure.','Lab Patologi Klinik',76),
(14,9,'2023-02-28','Shoulder she treat go respond city.','Lab Biokimia',1000),
(15,10,'2004-02-03','Between give recognize adult.','Lab Hematologi',333),
(16,103,'2019-11-02','Compare win minute wall.','Lab Urinalisis',42),
(17,11,'2010-03-02','Fish address control ago name particularly rich.','Lab Serologi',79),
(18,142,'2015-05-10','Strategy push party his.','Lab Klinik',763),
(19,12,'2019-09-01','Modern beyond on alone yard treatment involve.','Lab Klinik',1000),
(20,13,'2015-02-05','Audience picture now.','Lab Patologi Klinik',4),
(21,14,'2014-07-20','Kind lay receive during follow.','Lab Mikrobiologi',214),
(22,15,'2013-11-03','Third manager reach two service.','Lab Kimia Klinik',415),
(23,16,'2017-10-29','Energy would society green.','Lab Imunologi',484),
(24,17,'2004-04-08','Program pick here which personal think.','Lab Radiologi',705),
(25,18,'2007-04-24','Probably act instead long.','Lab Urinalisis',109),
(26,19,'2022-08-04','Threat a wall official.','Lab Klinik',52),
(27,20,'2007-12-03','Deal myself thing treat industry reduce.','Lab Urinalisis',3),
(28,21,'2015-02-10','Explain itself price than here.','Lab Imunologi',385),
(29,121,'2022-10-12','Learn house thing expert simply cover.','Lab Hematologi',148),
(30,22,'2006-05-13','Physical available time seem stage group national.','Lab Imunologi',413),
(31,109,'2020-11-08','Thank leader line because board black himself.','Lab Mikrobiologi',159),
(32,23,'2016-07-01','Religious foreign senior meeting.','Lab Kimia Klinik',610),
(33,125,'2018-10-01','Open they activity election address.','Lab Hematologi',305),
(34,146,'2018-08-09','Personal also white phone.','Lab Biokimia',914),
(35,24,'2022-01-02','Listen true machine yes save of country.','Lab Imunologi',356),
(36,116,'2020-07-07','As wish whose time.','Lab Urinalisis',136),
(37,25,'2021-06-04','End nothing develop since state interesting require.','Lab Genetik',771),
(38,26,'2011-10-31','Go manager start place.','Lab Klinik',67),
(39,27,'2022-08-02','White management leg moment article compare without.','Lab Imunologi',963),
(40,28,'2018-01-02','Require herself care suggest.','Lab Serologi',9),
(41,29,'2013-09-05','Wind speech ok mention.','Lab Parasitologi',656),
(42,150,'2016-05-15','Population knowledge figure east.','Lab Klinik',833),
(43,30,'2021-11-24','Difference yeah allow able fear appear response trade.','Lab Biokimia',170),
(44,126,'2007-09-16','Help also within local gas building himself late.','Lab Klinik',97),
(45,141,'2004-08-23','Little behind although move maintain top.','Lab Serologi',342),
(46,31,'2007-03-10','Instead require cold add over bit card.','Lab Biokimia',921),
(47,32,'2015-05-10','Born reduce ball enter man remember.','Lab Kimia Klinik',844),
(48,33,'2001-11-10','Response make I than.','Lab Biokimia',23),
(49,137,'2015-03-30','Evidence new pretty performance.','Lab Kimia Klinik',651),
(50,34,'2015-06-30','World property south drug tell.','Lab Mikrobiologi',726),
(51,35,'2001-08-05','Individual newspaper miss right dog finish.','Lab Serologi',513),
(52,105,'2022-10-16','Movement away size we food ahead.','Lab Genetik',811),
(53,36,'2004-06-08','Base every size attack often word.','Lab Hematologi',427),
(54,37,'2001-09-26','Rock establish someone indicate no job.','Lab Urinalisis',502),
(55,108,'2006-10-09','Sure arm relationship worry Mrs sense interesting.','Lab Urinalisis',681),
(56,38,'2004-07-05','Present race finish fight.','Lab Radiologi',806),
(57,135,'2012-08-30','Woman out career bring condition green identify.','Lab Kimia Klinik',164),
(58,39,'2008-01-29','Bit support tonight large section matter save.','Lab Radiologi',370),
(59,40,'2001-08-22','Two sure after among support would.','Lab Radiologi',565),
(60,41,'2012-01-14','Often be not campaign.','Lab Radiologi',87),
(61,42,'2021-08-03','Sing building myself each trial.','Lab Imunologi',54),
(62,43,'2010-10-22','Million camera month treatment peace time you.','Lab Mikrobiologi',461),
(63,44,'2002-02-10','Peace what firm apply operation prepare.','Lab Imunologi',248),
(64,45,'2007-10-05','Agreement back hit foreign.','Lab Serologi',958),
(65,101,'2016-03-16','Own process staff successful truth.','Lab Klinik',904),
(66,46,'2002-01-13','Miss general security decision agency top simple cover.','Lab Patologi Klinik',21),
(67,107,'2018-12-23','Top should serious discussion skin big.','Lab Radiologi',919),
(68,47,'2002-05-09','Great hair bring member young check.','Lab Serologi',926),
(69,117,'2014-02-27','Measure meeting it term set building place cultural.','Lab Klinik',117),
(70,128,'2016-11-27','Career these class.','Lab Imunologi',57),
(71,48,'2017-05-01','Pressure majority herself relate source determine.','Lab Imunologi',294),
(72,127,'2009-01-18','Series information word difficult radio.','Lab Hematologi',106),
(73,49,'2010-03-23','Let fall perhaps relationship book.','Lab Klinik',175),
(74,50,'2021-09-30','Age admit new across end.','Lab Urinalisis',962),
(75,131,'2007-11-22','Performance part drug.','Lab Biokimia',865),
(76,51,'2011-02-12','Agreement job relate minute himself no role.','Lab Kimia Klinik',64),
(77,115,'2010-12-29','Property finally see behind.','Lab Imunologi',643),
(78,52,'2009-08-08','How cut understand.','Lab Klinik',222),
(79,123,'2010-05-13','Face move alone if reach around hair accept.','Lab Serologi',202),
(80,136,'2019-04-08','Shake first film.','Lab Imunologi',786),
(81,53,'2007-10-22','Sell ground event interview.','Lab Patologi Klinik',970),
(82,54,'2003-06-23','Beautiful employee than under.','Lab Imunologi',522),
(83,129,'2007-07-26','Happen Mr summer Democrat notice sister institution right.','Lab Genetik',582),
(84,55,'2006-08-06','Impact from throughout help.','Lab Radiologi',211),
(85,56,'2015-03-05','Same but threat join center create.','Lab Imunologi',924),
(86,57,'2022-11-15','Another trade check other describe probably to.','Lab Radiologi',917),
(87,58,'2007-10-07','Record not way time strong nature.','Lab Radiologi',295),
(88,59,'2009-09-28','Quite reach picture investment quality.','Lab Imunologi',231),
(89,60,'2012-12-16','Up discover cause.','Lab Serologi',259),
(90,61,'2002-04-26','Cold against would attorney enough above.','Lab Biokimia',808),
(91,62,'2020-06-01','Word knowledge bed how check field hundred.','Lab Mikrobiologi',863),
(92,63,'2010-10-26','Form lay serious difference.','Lab Imunologi',104),
(93,114,'2014-08-09','Suffer modern unit fast bad.','Lab Patologi Klinik',175),
(94,148,'2018-02-21','Where bad something education few.','Lab Patologi Klinik',576),
(95,64,'2021-02-13','Popular government help machine national.','Lab Radiologi',235),
(96,110,'2001-12-15','Senior man past.','Lab Genetik',359),
(97,65,'2003-05-20','Message hair student if.','Lab Imunologi',59),
(98,66,'2021-09-19','American after head fact success appear.','Lab Mikrobiologi',498),
(99,106,'2007-04-11','Loss along eight machine large.','Lab Kimia Klinik',920),
(100,67,'2010-10-03','Like huge quickly wife available.','Lab Klinik',577);
/*!40000 ALTER TABLE `teslab` ENABLE KEYS */;
UNLOCK TABLES;
/*!40103 SET TIME_ZONE=@OLD_TIME_ZONE */;

/*!40101 SET SQL_MODE=@OLD_SQL_MODE */;
/*!40014 SET FOREIGN_KEY_CHECKS=@OLD_FOREIGN_KEY_CHECKS */;
/*!40014 SET UNIQUE_CHECKS=@OLD_UNIQUE_CHECKS */;
/*!40101 SET CHARACTER_SET_CLIENT=@OLD_CHARACTER_SET_CLIENT */;
/*!40101 SET CHARACTER_SET_RESULTS=@OLD_CHARACTER_SET_RESULTS */;
/*!40101 SET COLLATION_CONNECTION=@OLD_COLLATION_CONNECTION */;
/*!40111 SET SQL_NOTES=@OLD_SQL_NOTES */;

-- Dump completed on 2023-05-03  2:28:28
