-- MariaDB dump 10.19  Distrib 10.11.1-MariaDB, for Win64 (AMD64)
--
-- Host: localhost    Database: rumahsakit4
-- ------------------------------------------------------
-- Server version	10.11.1-MariaDB

/*!40101 SET @OLD_CHARACTER_SET_CLIENT=@@CHARACTER_SET_CLIENT */;
/*!40101 SET @OLD_CHARACTER_SET_RESULTS=@@CHARACTER_SET_RESULTS */;
/*!40101 SET @OLD_COLLATION_CONNECTION=@@COLLATION_CONNECTION */;
/*!40101 SET NAMES utf8mb4 */;
/*!40103 SET @OLD_TIME_ZONE=@@TIME_ZONE */;
/*!40103 SET TIME_ZONE='+00:00' */;
/*!40014 SET @OLD_UNIQUE_CHECKS=@@UNIQUE_CHECKS, UNIQUE_CHECKS=0 */;
/*!40014 SET @OLD_FOREIGN_KEY_CHECKS=@@FOREIGN_KEY_CHECKS, FOREIGN_KEY_CHECKS=0 */;
/*!40101 SET @OLD_SQL_MODE=@@SQL_MODE, SQL_MODE='NO_AUTO_VALUE_ON_ZERO' */;
/*!40111 SET @OLD_SQL_NOTES=@@SQL_NOTES, SQL_NOTES=0 */;

--
-- Table structure for table `departemen`
--

DROP TABLE IF EXISTS `departemen`;
/*!40101 SET @saved_cs_client     = @@character_set_client */;
/*!40101 SET character_set_client = utf8 */;
CREATE TABLE `departemen` (
  `id` int(11) NOT NULL AUTO_INCREMENT,
  `nama_departemen` varchar(255) NOT NULL,
  `kepala_departemen` varchar(255) NOT NULL,
  PRIMARY KEY (`id`)
) ENGINE=InnoDB AUTO_INCREMENT=19 DEFAULT CHARSET=utf8mb4 COLLATE=utf8mb4_general_ci;
/*!40101 SET character_set_client = @saved_cs_client */;

--
-- Dumping data for table `departemen`
--

LOCK TABLES `departemen` WRITE;
/*!40000 ALTER TABLE `departemen` DISABLE KEYS */;
INSERT INTO `departemen` VALUES
(1,'Kebidanan dan Kandungan','Ryan Davis'),
(2,'Dermatologi','Susan Thomas'),
(3,'Dermatologi','Christian Sampson'),
(4,'Ilmu Gizi Klinik','Eric Andrews'),
(5,'Forensik dan Medikolegal','Charles Fleming'),
(6,'Anestesiologi','Angela Myers'),
(7,'Medik Gigi dan Mulut','Joseph Burnett'),
(8,'Penyakit Saraf','Matthew Johnson'),
(9,'Orthopedi dan Traumatologi','Tracy Obrien'),
(10,'Forensik dan Medikolegal','Kimberly Huerta'),
(11,'Kesehatan Jiwa','David Moore'),
(12,'Mikrobiologi Klinik','Andrew Schroeder'),
(13,'Ilmu Gizi Klinik','Aaron Gomez'),
(14,'Farmakologi Klinik','Eric Ward'),
(15,'Urologi','Dustin Peterson'),
(16,'Farmakologi Klinik','Jessica Patterson'),
(17,'Farmakologi Klinik','Matthew Tran'),
(18,'Farmakologi Klinik','Michelle Smith');
/*!40000 ALTER TABLE `departemen` ENABLE KEYS */;
UNLOCK TABLES;

--
-- Table structure for table `dokter`
--

DROP TABLE IF EXISTS `dokter`;
/*!40101 SET @saved_cs_client     = @@character_set_client */;
/*!40101 SET character_set_client = utf8 */;
CREATE TABLE `dokter` (
  `id` int(11) NOT NULL,
  `spesialisasi` varchar(255) NOT NULL,
  PRIMARY KEY (`id`),
  CONSTRAINT `dokter_ibfk_1` FOREIGN KEY (`id`) REFERENCES `tenagamedis` (`id`)
) ENGINE=InnoDB DEFAULT CHARSET=utf8mb4 COLLATE=utf8mb4_general_ci;
/*!40101 SET character_set_client = @saved_cs_client */;

--
-- Dumping data for table `dokter`
--

LOCK TABLES `dokter` WRITE;
/*!40000 ALTER TABLE `dokter` DISABLE KEYS */;
INSERT INTO `dokter` VALUES
(7,'Oncology'),
(13,'Endocrinology'),
(22,' Hematology'),
(23,'Neurology'),
(26,'Orthopedics'),
(29,'Oncology'),
(36,'Ophthalmology'),
(47,'Nephrology'),
(49,'Nephrology'),
(50,'Ophthalmology'),
(51,'Endocrinology'),
(57,' Hematology'),
(58,'Orthopedics'),
(61,'Nephrology'),
(64,'Rheumatology'),
(65,'Nephrology'),
(67,'Cardiology'),
(71,'Gastroenterology'),
(75,'Nephrology'),
(76,'Neurology'),
(78,'Pulmonology'),
(79,'Orthopedics'),
(86,'Infectious Disease'),
(88,' Hematology'),
(90,'Nephrology'),
(91,'Ophthalmology'),
(94,'Endocrinology'),
(95,'Urology'),
(96,'Gastroenterology'),
(98,' Hematology'),
(103,'Oncology'),
(105,'Orthopedics'),
(107,'Oncology'),
(113,'Ophthalmology'),
(118,'Orthopedics'),
(122,' Hematology'),
(126,' Hematology'),
(127,'Pulmonology'),
(133,'Oncology'),
(136,'Endocrinology'),
(139,'Nephrology'),
(141,'Neurology'),
(143,'Urology'),
(144,'Ophthalmology'),
(145,'Endocrinology'),
(149,'Ophthalmology'),
(150,'Pulmonology'),
(151,'Pulmonology'),
(160,'Nephrology'),
(162,'Rheumatology'),
(164,'Pulmonology'),
(166,'Endocrinology'),
(172,'Infectious Disease'),
(173,'Oncology'),
(175,' Hematology'),
(177,'Nephrology'),
(180,'Urology'),
(183,'Dermatology'),
(185,'Gastroenterology'),
(190,'Orthopedics'),
(196,'Dermatology'),
(197,'Infectious Disease'),
(198,'Oncology'),
(200,'Oncology'),
(202,'Endocrinology'),
(210,'Cardiology'),
(213,'Rheumatology'),
(215,'Urology'),
(218,'Infectious Disease'),
(219,'Endocrinology'),
(222,' Hematology'),
(224,'Pulmonology'),
(226,'Gastroenterology'),
(227,'Gastroenterology'),
(228,'Infectious Disease'),
(229,'Neurology'),
(230,'Oncology'),
(231,'Endocrinology'),
(232,'Dermatology'),
(234,'Oncology'),
(237,'Oncology'),
(238,'Neurology'),
(239,'Neurology'),
(242,'Oncology'),
(245,'Orthopedics'),
(247,'Cardiology'),
(248,' Hematology'),
(252,'Neurology'),
(269,'Orthopedics'),
(271,'Cardiology'),
(275,'Cardiology'),
(276,'Rheumatology'),
(277,'Dermatology'),
(279,'Gastroenterology'),
(280,'Dermatology'),
(281,'Urology'),
(286,'Orthopedics'),
(287,'Nephrology'),
(294,'Infectious Disease'),
(300,'Neurology');
/*!40000 ALTER TABLE `dokter` ENABLE KEYS */;
UNLOCK TABLES;

--
-- Table structure for table `kamarpasien`
--

DROP TABLE IF EXISTS `kamarpasien`;
/*!40101 SET @saved_cs_client     = @@character_set_client */;
/*!40101 SET character_set_client = utf8 */;
CREATE TABLE `kamarpasien` (
  `id` int(11) NOT NULL,
  `lantai` int(11) NOT NULL,
  `nomor` int(11) NOT NULL,
  `kelas` varchar(10) NOT NULL,
  `kapasitas` int(11) NOT NULL,
  PRIMARY KEY (`id`,`lantai`,`nomor`),
  CONSTRAINT `kamarpasien_ibfk_1` FOREIGN KEY (`id`) REFERENCES `medicalrecord` (`id`)
) ENGINE=InnoDB DEFAULT CHARSET=utf8mb4 COLLATE=utf8mb4_general_ci;
/*!40101 SET character_set_client = @saved_cs_client */;

--
-- Dumping data for table `kamarpasien`
--

LOCK TABLES `kamarpasien` WRITE;
/*!40000 ALTER TABLE `kamarpasien` DISABLE KEYS */;
INSERT INTO `kamarpasien` VALUES
(1,11,1102,'B',3),
(2,17,1702,'B',4),
(3,19,1902,'C',2),
(4,15,1501,'A',3),
(5,1,102,'B',4),
(6,14,1403,'C',4),
(7,10,1001,'B',3),
(8,16,1603,'A',3),
(9,8,801,'C',3),
(10,14,1402,'A',2),
(11,7,702,'C',3),
(12,4,401,'C',2),
(13,6,603,'C',2),
(14,7,703,'B',3),
(15,7,701,'C',4),
(16,4,401,'A',3),
(17,17,1703,'B',4),
(18,17,1703,'B',3),
(19,9,903,'A',3),
(20,16,1603,'B',4),
(21,9,903,'C',3),
(22,20,2002,'C',3),
(23,11,1102,'B',3),
(24,7,701,'A',3),
(25,18,1803,'B',3),
(26,19,1902,'C',4),
(27,1,101,'A',3),
(28,3,301,'B',3),
(29,6,603,'B',4),
(30,6,602,'B',2),
(31,15,1501,'A',4),
(32,10,1001,'A',2),
(33,1,102,'B',4),
(34,10,1003,'C',4),
(35,8,803,'C',4),
(36,18,1803,'A',2),
(37,18,1802,'B',3),
(38,20,2002,'B',3),
(39,3,301,'A',3),
(40,8,802,'C',4),
(41,6,603,'C',2),
(42,11,1103,'C',4),
(43,7,703,'A',4),
(44,9,903,'A',2),
(45,13,1303,'A',3),
(46,5,502,'C',3),
(47,18,1803,'B',2),
(48,15,1503,'C',3),
(49,2,203,'A',3),
(50,4,401,'C',4),
(51,8,801,'A',4),
(52,15,1501,'C',4),
(53,17,1702,'B',2),
(54,13,1301,'A',4),
(55,19,1901,'A',3),
(56,7,702,'C',3),
(57,15,1502,'A',2),
(58,6,601,'A',2),
(59,7,702,'A',2),
(60,4,402,'A',4),
(61,12,1201,'C',3),
(62,1,102,'C',3),
(63,20,2003,'C',2),
(64,5,502,'C',4),
(65,15,1502,'B',2),
(66,3,303,'B',3),
(67,12,1201,'C',2),
(68,16,1603,'B',4),
(69,9,902,'C',2),
(70,8,801,'B',3),
(71,3,303,'A',4),
(72,12,1202,'C',3),
(73,7,701,'A',4),
(74,12,1201,'A',2),
(75,3,303,'B',4),
(76,20,2003,'B',4),
(77,18,1803,'A',3),
(78,14,1402,'B',2),
(79,20,2002,'A',2),
(80,10,1003,'A',2),
(81,9,901,'A',2),
(82,12,1202,'B',4),
(83,6,602,'B',2),
(84,1,101,'B',4),
(85,3,303,'A',3),
(86,5,502,'B',3),
(87,17,1703,'B',3),
(88,13,1301,'B',4),
(89,2,201,'A',4),
(90,8,803,'A',2),
(91,8,801,'C',4),
(92,3,303,'C',2),
(93,8,801,'A',2),
(94,4,401,'C',4),
(95,20,2002,'B',2),
(96,15,1501,'A',4),
(97,6,602,'B',2),
(98,9,901,'B',2),
(99,7,702,'A',2),
(100,2,202,'A',4),
(101,10,1003,'B',2),
(102,5,503,'C',4),
(103,4,401,'A',2),
(104,9,901,'B',4),
(105,6,601,'B',2),
(106,4,403,'A',4),
(107,15,1503,'C',4),
(108,14,1403,'A',3),
(109,15,1502,'B',2),
(110,11,1102,'A',4),
(111,4,402,'A',2),
(112,9,901,'B',4),
(113,16,1602,'B',4),
(114,8,801,'C',3),
(115,10,1001,'A',2),
(116,5,502,'B',4),
(117,17,1702,'B',3),
(118,6,603,'C',3),
(119,9,903,'A',2),
(120,1,103,'A',3),
(121,13,1302,'A',3),
(122,1,103,'B',2),
(123,18,1801,'A',3),
(124,18,1802,'C',4),
(125,7,703,'C',4),
(126,13,1301,'A',4),
(127,3,303,'B',3),
(128,16,1602,'C',2),
(129,13,1301,'A',2),
(130,7,703,'C',2),
(131,6,602,'B',2),
(132,3,301,'C',3),
(133,18,1802,'B',4),
(134,10,1001,'C',2),
(135,16,1601,'C',2),
(136,15,1502,'A',3),
(137,11,1101,'A',4),
(138,9,902,'B',2),
(139,7,703,'A',3),
(140,1,101,'A',2),
(141,3,302,'C',2),
(142,8,803,'B',4),
(143,15,1502,'B',4),
(144,17,1701,'B',3),
(145,16,1603,'C',4),
(146,16,1601,'C',3),
(147,18,1803,'B',4),
(148,16,1601,'A',4),
(149,6,601,'C',4),
(150,15,1501,'B',3);
/*!40000 ALTER TABLE `kamarpasien` ENABLE KEYS */;
UNLOCK TABLES;

--
-- Table structure for table `klaimasuransi`
--

DROP TABLE IF EXISTS `klaimasuransi`;
/*!40101 SET @saved_cs_client     = @@character_set_client */;
/*!40101 SET character_set_client = utf8 */;
CREATE TABLE `klaimasuransi` (
  `id` int(11) NOT NULL AUTO_INCREMENT,
  `tanggalKlaim` date NOT NULL,
  `status` varchar(255) NOT NULL,
  `id_perusahaan` int(11) NOT NULL,
  `id_medical_records` int(11) NOT NULL,
  PRIMARY KEY (`id`),
  KEY `id_perusahaan` (`id_perusahaan`),
  KEY `id_medical_records` (`id_medical_records`),
  CONSTRAINT `klaimasuransi_ibfk_1` FOREIGN KEY (`id_perusahaan`) REFERENCES `perusahaanasuransi` (`id`),
  CONSTRAINT `klaimasuransi_ibfk_2` FOREIGN KEY (`id_medical_records`) REFERENCES `medicalrecord` (`id`)
) ENGINE=InnoDB AUTO_INCREMENT=101 DEFAULT CHARSET=utf8mb4 COLLATE=utf8mb4_general_ci;
/*!40101 SET character_set_client = @saved_cs_client */;

--
-- Dumping data for table `klaimasuransi`
--

LOCK TABLES `klaimasuransi` WRITE;
/*!40000 ALTER TABLE `klaimasuransi` DISABLE KEYS */;
INSERT INTO `klaimasuransi` VALUES
(1,'2022-06-08','Ditolak',1,69),
(2,'2022-06-23','Ditolak',10,87),
(3,'2022-07-09','Diterima',3,124),
(4,'2023-02-27','Ditolak',2,46),
(5,'2022-06-14','Diterima',4,72),
(6,'2022-11-19','Ditolak',10,53),
(7,'2023-02-23','Diterima',3,135),
(8,'2023-03-02','Ditolak',6,149),
(9,'2022-10-14','Diterima',1,23),
(10,'2023-03-30','Diterima',10,91),
(11,'2023-03-25','Ditolak',10,61),
(12,'2022-07-05','Ditolak',4,39),
(13,'2023-02-04','Diterima',6,4),
(14,'2022-08-10','Ditolak',8,76),
(15,'2022-08-04','Ditolak',5,129),
(16,'2023-03-31','Diterima',7,22),
(17,'2022-12-02','Diterima',9,67),
(18,'2023-02-12','Diterima',6,25),
(19,'2022-09-01','Ditolak',1,131),
(20,'2022-11-18','Ditolak',1,82),
(21,'2023-01-25','Ditolak',6,28),
(22,'2022-11-11','Diterima',2,65),
(23,'2022-07-14','Diterima',3,142),
(24,'2022-09-30','Ditolak',9,11),
(25,'2023-03-18','Diterima',2,79),
(26,'2022-11-17','Ditolak',5,103),
(27,'2022-09-25','Ditolak',7,90),
(28,'2023-03-04','Diterima',6,116),
(29,'2022-09-19','Ditolak',9,92),
(30,'2022-10-05','Ditolak',7,115),
(31,'2022-08-14','Diterima',10,86),
(32,'2022-11-05','Diterima',9,93),
(33,'2022-05-23','Diterima',10,123),
(34,'2022-09-10','Ditolak',3,110),
(35,'2022-04-16','Ditolak',6,12),
(36,'2022-05-10','Diterima',2,54),
(37,'2022-10-12','Diterima',4,58),
(38,'2022-09-04','Ditolak',1,112),
(39,'2022-07-28','Ditolak',3,64),
(40,'2022-05-17','Ditolak',2,44),
(41,'2023-01-07','Ditolak',5,146),
(42,'2023-01-08','Diterima',8,41),
(43,'2022-04-09','Diterima',7,8),
(44,'2023-02-28','Ditolak',9,105),
(45,'2022-11-09','Ditolak',9,63),
(46,'2022-11-14','Diterima',1,96),
(47,'2022-11-21','Diterima',9,137),
(48,'2023-01-04','Ditolak',2,52),
(49,'2022-12-06','Diterima',4,66),
(50,'2022-09-06','Ditolak',5,34),
(51,'2023-01-17','Diterima',7,17),
(52,'2022-04-10','Diterima',2,59),
(53,'2022-10-10','Ditolak',1,101),
(54,'2022-11-03','Diterima',2,13),
(55,'2022-10-17','Diterima',1,83),
(56,'2022-05-31','Ditolak',8,94),
(57,'2022-09-07','Diterima',3,36),
(58,'2022-06-09','Diterima',5,16),
(59,'2022-11-19','Diterima',6,126),
(60,'2022-08-18','Diterima',4,68),
(61,'2022-11-23','Ditolak',10,128),
(62,'2022-07-25','Diterima',2,78),
(63,'2022-11-16','Diterima',9,89),
(64,'2022-09-03','Diterima',1,136),
(65,'2022-04-08','Ditolak',6,21),
(66,'2022-11-20','Ditolak',10,26),
(67,'2022-11-05','Diterima',8,147),
(68,'2023-01-06','Ditolak',4,50),
(69,'2022-12-23','Ditolak',4,15),
(70,'2022-12-23','Diterima',10,118),
(71,'2022-07-31','Ditolak',4,148),
(72,'2022-07-20','Diterima',4,31),
(73,'2022-04-11','Diterima',2,40),
(74,'2022-05-14','Ditolak',10,45),
(75,'2022-10-01','Diterima',2,97),
(76,'2022-11-28','Diterima',3,122),
(77,'2022-04-28','Ditolak',6,150),
(78,'2022-10-17','Diterima',2,9),
(79,'2022-10-24','Diterima',4,6),
(80,'2022-11-06','Ditolak',6,7),
(81,'2022-10-23','Diterima',3,14),
(82,'2022-08-03','Diterima',6,32),
(83,'2022-05-03','Diterima',1,33),
(84,'2023-02-13','Diterima',7,141),
(85,'2022-06-29','Ditolak',10,73),
(86,'2022-08-06','Ditolak',3,98),
(87,'2022-09-04','Ditolak',6,80),
(88,'2023-02-28','Diterima',5,51),
(89,'2022-12-10','Diterima',1,111),
(90,'2023-02-21','Ditolak',1,109),
(91,'2022-08-10','Diterima',1,107),
(92,'2022-10-29','Diterima',6,75),
(93,'2022-06-20','Ditolak',6,20),
(94,'2022-11-28','Diterima',2,85),
(95,'2023-01-24','Ditolak',1,29),
(96,'2022-06-28','Diterima',1,145),
(97,'2022-07-02','Ditolak',2,2),
(98,'2023-04-03','Diterima',3,108),
(99,'2022-10-19','Ditolak',9,38),
(100,'2022-11-26','Ditolak',10,70);
/*!40000 ALTER TABLE `klaimasuransi` ENABLE KEYS */;
UNLOCK TABLES;

--
-- Table structure for table `kontakdarurat`
--

DROP TABLE IF EXISTS `kontakdarurat`;
/*!40101 SET @saved_cs_client     = @@character_set_client */;
/*!40101 SET character_set_client = utf8 */;
CREATE TABLE `kontakdarurat` (
  `id` int(11) NOT NULL AUTO_INCREMENT,
  `nomor` varchar(100) NOT NULL,
  `nama` varchar(255) NOT NULL,
  PRIMARY KEY (`id`,`nomor`,`nama`),
  CONSTRAINT `kontakdarurat_ibfk_1` FOREIGN KEY (`id`) REFERENCES `pasien` (`id`)
) ENGINE=InnoDB AUTO_INCREMENT=299 DEFAULT CHARSET=utf8mb4 COLLATE=utf8mb4_general_ci;
/*!40101 SET character_set_client = @saved_cs_client */;

--
-- Dumping data for table `kontakdarurat`
--

LOCK TABLES `kontakdarurat` WRITE;
/*!40000 ALTER TABLE `kontakdarurat` DISABLE KEYS */;
INSERT INTO `kontakdarurat` VALUES
(1,'173-768-3748x7223','Daniel Leach'),
(4,'0240435744','Melissa Lopez'),
(5,'7304001517','Christina Jackson'),
(6,'076.405.3595x51532','Stephanie Casey'),
(9,'+1-800-405-6173x542','Melissa Robertson'),
(12,'988-109-8954','Bethany Olson'),
(17,'(915)673-7222','William Brooks'),
(18,'511.899.9149','Henry Spears'),
(19,'001-838-340-4320x20247','Brandon Gordon'),
(20,'001-760-810-7667x602','Sarah Webb'),
(21,'+1-043-001-0852x686','Courtney Gonzales'),
(24,'+1-799-612-2600x130','Samuel Carter MD'),
(28,'001-905-840-3693x181','Shelby Blair'),
(31,'136-939-7735','Alexander Watts'),
(32,'794.592.0595x118','John Brown'),
(35,'+1-321-582-4582x93859','Anthony Wagner'),
(37,'0376132207','Mr. Stephen Smith'),
(39,'(553)319-7716x836','Colleen Thornton'),
(43,'(478)962-7917x154','Chad Thomas'),
(44,'001-023-398-1934x42349','Michele Williams'),
(45,'598-357-3810','Shane Santos'),
(46,'055-531-2983x2770','Mark Gonzalez'),
(53,'594.353.6011','Jennifer Edwards'),
(55,'891-402-5880','Linda Franklin'),
(70,'001-602-982-6756','Timothy Townsend'),
(72,'362-225-2855x982','Jonathan Cole'),
(77,'(575)234-8905','Deanna Klein'),
(80,'001-945-537-1124x2285','Mark Ryan'),
(82,'+1-865-663-3374x34639','Miranda Anderson'),
(83,'(832)122-9917x256','Karen Gray'),
(84,'007.849.9508x7197','Russell Wilson'),
(85,'7941985651','Emily Brown'),
(92,'+1-970-052-5681x4789','Steven Mack'),
(93,'001-302-080-8305x505','Rhonda Vincent'),
(108,'+1-956-619-6523','Jamie Costa'),
(110,'131.531.4715x7872','Sean Garcia'),
(111,'(959)632-4878','Mason Fleming'),
(115,'(272)961-6239x74803','Matthew Vaughn'),
(120,'643.994.9535','Edward Stewart'),
(121,'477.540.7094x99131','Mr. Jack Hopkins IV'),
(123,'(662)642-4000x305','Diana Mcneil'),
(125,'+1-799-597-4627x00098','Jessica Stout'),
(130,'001-469-532-4244','Tiffany Cook'),
(134,'+1-399-534-9832x20109','Michelle Roberts'),
(138,'(398)306-9067','Mathew Case'),
(142,'044-100-1665','John Henry'),
(146,'001-859-520-9658x56106','William Preston'),
(147,'163.308.7649','Christopher Mack'),
(152,'298.089.6568x213','Arthur Johnson'),
(154,'(790)496-3033x70771','Richard Duffy'),
(156,'610-322-3078','Melissa Perez'),
(157,'987.886.3794x300','Anthony Woods'),
(159,'877.060.6379','Caroline Smith DVM'),
(161,'001-209-193-3021','Cody White'),
(163,'(723)231-9430','Jeremy Chavez'),
(168,'961-854-3876x56954','Corey Walter'),
(169,'9599904689','Jacob Martin'),
(170,'(884)041-8210','Carrie Johnson'),
(171,'167.379.1062','Hector Gonzalez'),
(176,'356-329-2013','Laura Goodman'),
(179,'(783)263-1523x58501','Lori Freeman'),
(181,'687-604-2856x3803','Jessica Hinton'),
(184,'(552)123-8301','Amanda Henderson'),
(186,'349.071.8872x628','Colin Nelson'),
(188,'(102)776-6997x121','Madison Spencer DDS'),
(189,'739.936.7447','Alison Leonard'),
(193,'(374)843-4699','Cameron Reynolds'),
(194,'(447)688-7808x53403','Caroline Vazquez'),
(195,'7695379850','Bryan Hampton'),
(201,'449-430-6501','Amber Ramirez'),
(204,'+1-811-597-9030x890','Meghan Brooks'),
(205,'001-849-094-8402x8375','Joshua Wilson'),
(207,'001-359-240-7257x5641','Tami Garza'),
(209,'(407)036-7422x3512','Donna Wilson'),
(214,'898-002-7757x88001','Dennis Cox'),
(216,'(312)193-8863','Joel Shepard'),
(217,'(453)269-5432x30522','Heather Schmitt'),
(220,'+1-832-595-4293','Tiffany Brady'),
(221,'001-021-484-3079','Carrie Johnson'),
(223,'(888)111-7689x523','Dr. Dawn Miranda'),
(225,'(957)349-3863x7034','Amy Hensley'),
(233,'873-799-6595x71641','Eric Sandoval'),
(243,'(112)942-2268x80340','David French'),
(246,'410-190-4761','Kathleen Ross'),
(250,'001-954-111-0869x34960','Raymond Harrington'),
(253,'001-718-403-8325x3127','Cassandra Bautista'),
(264,'(628)567-4799x462','Scott Davis'),
(273,'+1-939-273-8768','Mr. James Munoz MD'),
(274,'001-103-764-8322x172','Rose Pham'),
(278,'001-802-337-6359','Edward Evans'),
(283,'+1-472-280-2093x296','Jennifer Forbes'),
(284,'(664)357-0670x732','Harold Mora'),
(288,'923.855.5470','Susan Miller'),
(289,'518-453-3460x55554','Angela Townsend'),
(290,'037-247-1475x5830','Danielle Richards'),
(292,'412.705.4360','Sandra Reyes'),
(293,'(976)197-5112x4220','Justin Myers'),
(295,'9869533466','Justin Hansen'),
(296,'990-265-9900x870','Steven Henderson'),
(298,'(415)181-9054x07222','Michelle Butler');
/*!40000 ALTER TABLE `kontakdarurat` ENABLE KEYS */;
UNLOCK TABLES;

--
-- Table structure for table `medicalrecord`
--

DROP TABLE IF EXISTS `medicalrecord`;
/*!40101 SET @saved_cs_client     = @@character_set_client */;
/*!40101 SET character_set_client = utf8 */;
CREATE TABLE `medicalrecord` (
  `id` int(11) NOT NULL AUTO_INCREMENT,
  `id_pasien` int(11) NOT NULL,
  `id_kerja_sama` int(11) NOT NULL,
  `tanggal_masuk` date NOT NULL,
  `tanggal_keluar` date NOT NULL,
  `diagnosis` varchar(255) NOT NULL,
  `biaya` int(11) NOT NULL,
  PRIMARY KEY (`id`),
  KEY `id_pasien` (`id_pasien`),
  CONSTRAINT `medicalrecord_ibfk_1` FOREIGN KEY (`id_pasien`) REFERENCES `orang` (`id`)
) ENGINE=InnoDB AUTO_INCREMENT=151 DEFAULT CHARSET=utf8mb4 COLLATE=utf8mb4_general_ci;
/*!40101 SET character_set_client = @saved_cs_client */;

--
-- Dumping data for table `medicalrecord`
--

LOCK TABLES `medicalrecord` WRITE;
/*!40000 ALTER TABLE `medicalrecord` DISABLE KEYS */;
INSERT INTO `medicalrecord` VALUES
(1,1,1,'2023-10-27','2023-10-29','Many big up ten develop.',560),
(2,4,2,'2023-12-05','2023-12-16','Behavior street arrive major mouth.',132),
(3,5,3,'2023-05-03','2023-05-17','Class recently agency enjoy.',43),
(4,6,4,'2023-10-24','2023-11-02','Oil beautiful cultural hundred page him.',767),
(5,9,5,'2023-07-03','2023-07-06','Ago office poor smile including.',151),
(6,12,6,'2023-05-26','2023-06-05','Ever play indicate home change.',784),
(7,17,7,'2023-11-11','2023-11-25','Benefit here while cultural even.',554),
(8,18,8,'2023-06-16','2023-06-25','Career drug general west conference one fact.',765),
(9,19,9,'2023-11-07','2023-11-14','Commercial serious television force.',657),
(10,20,10,'2023-07-28','2023-08-09','Million business become statement alone.',455),
(11,21,11,'2023-08-24','2023-09-03','Throw movement become adult own citizen.',65),
(12,24,12,'2023-10-09','2023-10-13','Theory fly now everything create feel they.',301),
(13,28,13,'2023-11-01','2023-11-02','Their four he act decade environment white.',207),
(14,31,14,'2023-05-05','2023-05-14','Society dark treatment exist visit political.',508),
(15,32,15,'2023-08-17','2023-08-28','Husband seek action purpose next many he.',861),
(16,35,16,'2023-07-15','2023-07-22','Option charge increase.',19),
(17,37,17,'2023-10-06','2023-10-14','Around win one experience two approach option group.',606),
(18,39,18,'2023-12-14','2023-12-15','Loss class available lay.',169),
(19,43,19,'2023-08-07','2023-08-19','Watch question thing.',246),
(20,44,20,'2023-11-07','2023-11-09','Box conference debate room now.',846),
(21,45,21,'2023-12-06','2023-12-18','Identify attention ground bed these.',666),
(22,46,22,'2023-05-06','2023-05-17','Growth care instead program.',272),
(23,53,23,'2023-12-04','2023-12-10','Shake property happen wrong machine single education summer.',808),
(24,55,24,'2023-06-08','2023-06-18','Center company hot rock.',159),
(25,70,25,'2023-12-03','2023-12-14','Special kind inside send either people.',842),
(26,72,26,'2023-05-31','2023-06-08','Maybe agree not serious commercial PM area couple.',11),
(27,77,27,'2023-10-02','2023-10-04','Company agreement form list.',246),
(28,80,28,'2023-07-28','2023-08-05','Someone argue performance million together.',669),
(29,82,29,'2023-08-06','2023-08-10','Course for maintain always customer yourself.',399),
(30,83,30,'2023-07-24','2023-08-04','With simple government try card business reduce.',587),
(31,84,31,'2023-10-14','2023-10-25','Else game rule foot song home TV.',503),
(32,85,32,'2023-08-30','2023-09-01','Scene follow fight during.',630),
(33,92,33,'2023-08-10','2023-08-15','Bring able part most hotel would.',190),
(34,93,34,'2023-08-20','2023-09-02','Room baby me management dinner six.',45),
(35,108,35,'2023-05-23','2023-06-02','Month throw trade official try especially success.',837),
(36,110,36,'2023-11-27','2023-12-10','They color practice recently build positive yet.',170),
(37,111,37,'2023-11-04','2023-11-12','Go record bill debate trade like.',746),
(38,115,38,'2023-09-11','2023-09-13','Meeting have life meeting federal.',946),
(39,120,39,'2023-10-05','2023-10-10','Save opportunity fly administration bank student ask.',320),
(40,121,40,'2023-08-20','2023-08-31','Protect low authority our body process.',47),
(41,123,41,'2023-09-15','2023-09-19','Government bit treatment article thus art term result.',205),
(42,125,42,'2023-11-15','2023-11-17','High mouth there evidence individual.',143),
(43,130,43,'2023-05-15','2023-05-20','Congress including player structure box street.',659),
(44,134,44,'2023-05-15','2023-05-27','Cause cover late stay end.',680),
(45,138,45,'2023-06-12','2023-06-14','Course reach process north over without week.',471),
(46,142,46,'2023-08-26','2023-08-29','But baby year particular discover.',599),
(47,146,47,'2023-06-21','2023-06-30','Skin purpose up hand radio later yes.',775),
(48,147,48,'2023-05-25','2023-06-05','Party cost effort notice.',666),
(49,152,49,'2023-12-16','2023-12-21','Matter old hear poor necessary tell.',261),
(50,154,50,'2023-09-20','2023-09-26','Follow gas mind hand seven family.',502),
(51,156,51,'2023-09-06','2023-09-16','By receive too soldier value money us.',589),
(52,157,52,'2023-08-16','2023-08-25','Include ever Congress television.',376),
(53,159,53,'2023-11-16','2023-11-24','Really nature this black word floor section as.',874),
(54,161,54,'2023-05-04','2023-05-17','It agree you security heart country worker.',94),
(55,163,55,'2023-12-03','2023-12-07','Police these line.',352),
(56,168,56,'2023-11-08','2023-11-16','Move security small word.',474),
(57,169,57,'2023-08-08','2023-08-09','Return risk standard religious network him wind.',155),
(58,170,58,'2023-10-01','2023-10-13','Cost voice instead son where.',435),
(59,171,59,'2023-09-19','2023-09-26','Current perform land small.',676),
(60,176,60,'2023-08-23','2023-09-04','Dinner dinner property music present general discover.',729),
(61,179,61,'2023-06-19','2023-06-20','Instead threat economic age decide.',135),
(62,181,62,'2023-09-13','2023-09-25','This training cold training a series right result.',713),
(63,184,63,'2023-08-06','2023-08-16','Play person raise news thought.',686),
(64,186,64,'2023-10-19','2023-10-22','Computer quality machine safe big scientist western.',50),
(65,188,65,'2023-08-28','2023-08-30','Size defense position draw.',636),
(66,189,66,'2023-07-07','2023-07-10','Arm oil agency century cold.',947),
(67,193,67,'2023-07-22','2023-07-23','Address figure my way especially.',595),
(68,194,68,'2023-09-06','2023-09-13','Than play behind thank ten police.',851),
(69,195,69,'2023-08-09','2023-08-21','Especially require sister notice right news more hand.',566),
(70,201,70,'2023-06-12','2023-06-18','Southern trade consider read them first enough pressure.',974),
(71,204,71,'2023-12-13','2023-12-19','Phone party investment know.',597),
(72,205,72,'2023-08-10','2023-08-15','Early then hour.',178),
(73,207,73,'2023-12-26','2023-12-28','Name should also color show owner.',343),
(74,209,74,'2023-12-30','2024-01-01','Scientist stand how against travel scene budget.',45),
(75,214,75,'2023-11-05','2023-11-11','Threat clear stock well long.',828),
(76,216,76,'2023-06-29','2023-07-04','Save least writer whatever style yourself.',13),
(77,217,77,'2023-12-19','2023-12-28','Director point range cup great future.',968),
(78,220,78,'2023-12-13','2023-12-25','Far scene send my.',224),
(79,221,79,'2023-06-12','2023-06-18','Style first star discussion.',567),
(80,223,80,'2023-09-14','2023-09-23','Protect fight very management evidence.',834),
(81,225,81,'2023-10-11','2023-10-23','Response night available miss although discussion claim.',583),
(82,233,82,'2023-08-01','2023-08-11','Everything prove president just.',959),
(83,243,83,'2023-12-17','2023-12-24','Sometimes well line star accept.',57),
(84,246,84,'2023-12-24','2024-01-02','Low remember artist notice something campaign knowledge.',474),
(85,250,85,'2023-11-18','2023-11-27','Health market read everything attack difficult.',727),
(86,253,86,'2023-12-22','2023-12-23','Subject great central decide.',139),
(87,264,87,'2023-12-10','2023-12-13','Possible big computer indicate.',198),
(88,273,88,'2023-05-21','2023-05-28','Picture decision part nearly go.',522),
(89,274,89,'2023-10-14','2023-10-16','Now standard budget mouth.',592),
(90,278,90,'2023-05-12','2023-05-25','Produce drop by may never whom low sing.',938),
(91,283,91,'2023-12-27','2024-01-04','Single play sister sit.',38),
(92,284,92,'2023-12-03','2023-12-05','Marriage subject little set account office support.',468),
(93,288,93,'2023-06-19','2023-06-27','Cup such pull resource discover.',757),
(94,289,94,'2023-06-16','2023-06-20','Pm more protect lose.',10),
(95,290,95,'2023-09-01','2023-09-15','Agreement audience PM full eat.',562),
(96,292,96,'2023-11-28','2023-12-07','Data clear entire nothing walk employee.',487),
(97,293,97,'2023-05-14','2023-05-28','Major expert including head model in too.',975),
(98,295,98,'2023-05-21','2023-05-27','Truth old bar teacher.',724),
(99,296,99,'2023-08-27','2023-08-31','Else wrong executive style.',73),
(100,298,100,'2023-06-12','2023-06-16','Address structure describe there operation.',721),
(101,111,101,'2023-08-25','2023-09-01','This easy true black make chair.',947),
(102,170,102,'2023-06-10','2023-06-12','Same continue cold standard run together.',10),
(103,93,103,'2023-06-13','2023-06-20','Growth home least action might.',894),
(104,84,104,'2023-08-04','2023-08-11','Effect want indicate.',938),
(105,70,105,'2023-11-12','2023-11-15','Enjoy through chance.',270),
(106,146,106,'2023-11-01','2023-11-02','World although food all two.',675),
(107,17,107,'2023-05-14','2023-05-24','Point plan arrive to.',394),
(108,159,108,'2023-08-29','2023-08-30','Collection value show purpose network address process.',250),
(109,80,109,'2023-07-27','2023-08-10','Exactly check fund forget.',606),
(110,12,110,'2023-07-11','2023-07-20','Step skill field expert suggest election.',968),
(111,82,111,'2023-08-01','2023-08-10','Buy individual music sense model close role.',701),
(112,147,112,'2023-10-21','2023-10-28','Anything really gun key.',60),
(113,77,113,'2023-06-05','2023-06-12','Morning follow which head usually per citizen practice.',703),
(114,130,114,'2023-10-21','2023-11-01','Course save simply six.',554),
(115,243,115,'2023-08-14','2023-08-16','Win pull hard fact option.',561),
(116,82,116,'2023-10-30','2023-11-01','Wear then easy out relationship yes doctor.',927),
(117,146,117,'2023-12-21','2023-12-27','Against computer popular response continue star turn.',319),
(118,55,118,'2023-10-29','2023-11-02','How low begin rather letter finish begin.',856),
(119,1,119,'2023-05-03','2023-05-08','Two some employee successful.',576),
(120,243,120,'2023-06-05','2023-06-15','Heart between painting ground past.',753),
(121,253,121,'2023-07-28','2023-08-07','Feel deep serious.',698),
(122,93,122,'2023-05-14','2023-05-17','True scientist we.',571),
(123,110,123,'2023-05-13','2023-05-17','Democratic main red agency.',943),
(124,1,124,'2023-08-25','2023-09-04','Capital case other call expect.',366),
(125,159,125,'2023-11-09','2023-11-15','Pass crime learn through remember full pattern.',478),
(126,110,126,'2023-06-07','2023-06-15','Debate behind explain current.',519),
(127,194,127,'2023-12-20','2023-12-30','Involve like catch several question should add.',950),
(128,44,128,'2023-09-21','2023-10-05','Blue call product air list program suffer.',900),
(129,72,129,'2023-08-16','2023-08-21','Option attack compare page.',288),
(130,43,130,'2023-09-10','2023-09-21','I Democrat reality.',846),
(131,298,131,'2023-10-20','2023-10-27','Skin sister thank receive suggest.',579),
(132,45,132,'2023-11-06','2023-11-12','Will pattern food evening wall center around whatever.',711),
(133,115,133,'2023-07-21','2023-08-01','Home at without charge child.',757),
(134,5,134,'2023-08-24','2023-08-30','Music sort particularly commercial.',221),
(135,1,135,'2023-08-06','2023-08-11','Pressure doctor close my.',112),
(136,6,136,'2023-07-22','2023-07-27','Do detail sense world live break property whole.',283),
(137,93,137,'2023-11-13','2023-11-25','Bad smile sport thought assume strong think trip.',828),
(138,84,138,'2023-09-06','2023-09-10','Thus degree federal early drive American expect.',948),
(139,110,139,'2023-07-24','2023-08-04','Newspaper source rest central his brother.',35),
(140,43,140,'2023-09-21','2023-09-27','Threat husband position big chair information hope.',696),
(141,193,141,'2023-05-13','2023-05-15','Above discuss likely increase suggest.',927),
(142,77,142,'2023-05-17','2023-05-26','You hour man southern you.',428),
(143,159,143,'2023-11-16','2023-11-25','Image authority radio middle.',762),
(144,93,144,'2023-11-18','2023-11-24','Rich professor than deal.',55),
(145,12,145,'2023-07-11','2023-07-20','Check nation throw foot this window former.',147),
(146,195,146,'2023-05-13','2023-05-24','Measure soldier seem seek usually.',467),
(147,28,147,'2023-08-12','2023-08-20','Meeting ability market.',438),
(148,46,148,'2023-05-01','2023-05-13','Study include generation career.',731),
(149,168,149,'2023-11-09','2023-11-17','Whatever full respond property either.',836),
(150,176,150,'2023-12-29','2024-01-06','Charge accept media remain modern assume.',358);
/*!40000 ALTER TABLE `medicalrecord` ENABLE KEYS */;
UNLOCK TABLES;

--
-- Table structure for table `orang`
--

DROP TABLE IF EXISTS `orang`;
/*!40101 SET @saved_cs_client     = @@character_set_client */;
/*!40101 SET character_set_client = utf8 */;
CREATE TABLE `orang` (
  `id` int(11) NOT NULL AUTO_INCREMENT,
  `nama_depan` varchar(255) NOT NULL,
  `nama_belakang` varchar(255) NOT NULL,
  `tanggal_lahir` date NOT NULL,
  `jenis_kelamin` varchar(255) NOT NULL,
  `nomor_telepon` varchar(100) NOT NULL,
  `jalan` varchar(255) NOT NULL,
  `desa_kelurahan` varchar(255) NOT NULL,
  `kecamatan` varchar(255) NOT NULL,
  `kabupaten_kota` varchar(255) NOT NULL,
  `provinsi` varchar(255) NOT NULL,
  `email` varchar(255) NOT NULL,
  PRIMARY KEY (`id`)
) ENGINE=InnoDB AUTO_INCREMENT=301 DEFAULT CHARSET=utf8mb4 COLLATE=utf8mb4_general_ci;
/*!40101 SET character_set_client = @saved_cs_client */;

--
-- Dumping data for table `orang`
--

LOCK TABLES `orang` WRITE;
/*!40000 ALTER TABLE `orang` DISABLE KEYS */;
INSERT INTO `orang` VALUES
(1,'Jocelyn Davila','Jordan Palmer','2017-11-24','perempuan','084495369490','0020 Walsh Prairie Suite 565','North Donaldhaven','Baileyhaven','New Baileyside','Tennessee','hthomas@example.net'),
(2,'Jason Norris','Kevin Lee','1989-06-09','laki-laki','080651768541','434 Gates Spurs','Sarahville','North Jessica','New David','Minnesota','erobertson@example.org'),
(3,'Thomas Gould','Kimberly Carlson','2017-03-25','perempuan','081066154882','7550 James Parkways','Port Carlberg','North Christopherbury','West Markborough','Arizona','ghutchinson@example.com'),
(4,'Mark Lawson','Mrs. Jillian Huber','2020-02-13','perempuan','086541142139','732 Stone Run Apt. 792','Lake Laura','Loganville','East Jaclynburgh','Kansas','hoodjeremy@example.com'),
(5,'Mariah Calderon','Melody Clark','2009-01-27','laki-laki','083704289672','44123 Kathryn Lock','East Isabella','Spencerborough','Randychester','New York','angela47@example.net'),
(6,'Patricia Brown','Jacob Melendez','1976-02-08','laki-laki','089454502409','341 Laurie Inlet Suite 376','Port Tina','Rittermouth','Lake Kevin','Missouri','heidicollins@example.org'),
(7,'Ann Estes','David Hendricks','1993-11-01','laki-laki','082107140659','26306 Dylan Turnpike Suite 095','West Colleenland','South Jennifer','Paynechester','New Mexico','proth@example.net'),
(8,'Gregory Stone','Jeffrey Ortiz','2001-11-23','laki-laki','084528317303','719 Mcguire Lake','Port Sarahville','West Joshua','Martinbury','Alabama','andrew56@example.com'),
(9,'Lisa Kim','Amy Moran','1994-09-08','laki-laki','087061291822','01306 King Run Apt. 040','Hancockburgh','Lake Julian','Port Jacqueline','New Hampshire','cynthiasmith@example.net'),
(10,'Ashley Duncan','Dr. Scott Nelson','1986-09-20','perempuan','085509307993','28258 Peggy Street','Adamsmouth','South Ryan','South Ronald','Illinois','austin73@example.org'),
(11,'Daniel Richardson','Todd Berger','1989-03-16','laki-laki','084759518225','2246 Jones Fields Suite 869','Whitneytown','New Seanland','Brooksside','Kentucky','katie14@example.net'),
(12,'Ashley Larsen','Shane Stephens','2005-04-11','laki-laki','089813557451','266 Williams Inlet Apt. 202','Ryanton','Port Brittanyhaven','South Shannonhaven','Washington','rogersmatthew@example.net'),
(13,'Keith Johnson','Julie Vasquez','2020-05-02','perempuan','081441965542','423 Watkins Fork Apt. 355','Michaelview','South Emilyburgh','North Jennifer','Rhode Island','greerchad@example.net'),
(14,'Elizabeth Cain','Pamela Brown','2011-12-14','perempuan','080180369684','847 Janet Islands','Davidchester','East Thomastown','Port Moniquemouth','Texas','tracy34@example.com'),
(15,'Christopher Gordon','Kimberly Zavala','1979-07-10','perempuan','080134411570','31628 Barbara Route Suite 665','Coleport','South Barbaraside','Joshuaview','Maine','john13@example.net'),
(16,'Jesse Hendrix','Jeffrey Mayo','2000-02-23','laki-laki','084725868120','88229 Darren Point','North Kevinfort','New Melanie','Zacharybury','California','johnsontiffany@example.com'),
(17,'Nicole Lewis','Cynthia Mathis','2000-05-22','laki-laki','085603368147','1239 Vang Pike Apt. 024','Williamsview','Rosemouth','Carrollberg','South Carolina','hhorn@example.org'),
(18,'Erik Garcia','Jordan Cox','1999-09-29','laki-laki','088685381694','5853 Lisa Divide Apt. 808','Port Michael','Herrerashire','North Christian','New Jersey','rebeccadunn@example.org'),
(19,'Eric Phillips','Jocelyn Hart','1976-03-28','perempuan','086145363423','382 William Coves','Sextonmouth','Kellyfurt','Mccarthyland','New Mexico','kelly54@example.com'),
(20,'Dakota Tucker','David Evans','2013-04-17','laki-laki','088083411527','159 Romero Parks Apt. 228','South Marc','Kaylafurt','North Ronald','Colorado','ttucker@example.com'),
(21,'Linda Harvey','William Edwards','1986-11-27','laki-laki','080615972988','699 Barnes Plains Apt. 021','South Jennifer','South Rachel','East Samantha','Texas','stefanie96@example.org'),
(22,'Brianna Carter','Bradley Lynch','2003-10-15','perempuan','081882542657','735 Walker Burg','Port Roberttown','New Danielstad','New Mariostad','New York','christian80@example.org'),
(23,'Katie James','Mary Wolf','2002-06-24','perempuan','083129390863','555 Wilkinson Greens Apt. 419','North Lisaland','Nathanielborough','Lake Jessica','Michigan','traceyphillips@example.com'),
(24,'Megan Mckay','Kevin Mccann','2003-07-14','laki-laki','087918852074','463 Connie Dale Apt. 060','Woodardfort','Whiteton','Lake Joshuabury','Nevada','zacharymurray@example.org'),
(25,'Tina Johnson','Marissa Jenkins','1996-12-24','laki-laki','084791136160','574 Kimberly Manors','North Petertown','Rodriguezville','Jonesburgh','Arizona','alexandercalderon@example.org'),
(26,'Kristy May','Karen Cooper','1984-12-20','perempuan','081827258143','413 Valentine Lake Suite 167','Savagebury','North Wendymouth','South Vanessafort','Utah','nicole48@example.net'),
(27,'Teresa Dudley','Katie Johnson','1995-07-14','laki-laki','086831433369','307 Daniel Ville','Port Emmamouth','Brandifurt','South Kathleen','Mississippi','jeffreygarcia@example.org'),
(28,'Jennifer Howell','Austin Wilson','2001-06-24','laki-laki','084634105872','188 Patrick Circles','West Victorhaven','Tricialand','West Brianside','Pennsylvania','bradfordkayla@example.org'),
(29,'Lauren Rodriguez','Jessica Gonzales','1989-06-13','perempuan','089625846367','130 Tammy Pine Suite 240','South Jeromeborough','West Kevinbury','Lake Ronald','West Virginia','nichole55@example.org'),
(30,'Renee Alvarado','Alexandra Molina','2018-11-20','perempuan','081441401847','71513 Mason Walk Suite 647','Willismouth','East Alan','South Michelleburgh','Indiana','ann24@example.com'),
(31,'Brandon Hawkins','David Meyers','1996-04-17','perempuan','087513768901','293 Christine Drive Suite 529','New Jeffery','Jasonview','Stephaniechester','Illinois','rpaul@example.net'),
(32,'Anna Hickman','Christine Campbell','2013-12-17','perempuan','088612409759','3975 Cook Brook','Saraberg','Santostown','West Alicia','Minnesota','hernandezalyssa@example.net'),
(33,'Jennifer Montes','Jessica Brown','2006-11-03','laki-laki','082925165740','908 Anderson Ferry','Russellfort','South Helenton','South Anthonyland','New Jersey','leealexander@example.org'),
(34,'Justin Sanders','Rachel Gray','2007-07-22','perempuan','089333148234','8269 Thompson Oval Suite 382','Davistown','Mooreberg','Danielsside','Washington','fowlersusan@example.org'),
(35,'Michael Flores','Thomas Martinez','1992-01-27','laki-laki','084743462781','746 Matthews Keys','Lake Kara','Zunigaborough','New Adamport','Pennsylvania','cory90@example.org'),
(36,'Kathleen Donovan','Ashley Flores','2009-02-23','laki-laki','087586015048','46272 Hernandez Creek Apt. 360','Lake James','Higginsberg','Hulltown','Oklahoma','delacruzstephanie@example.net'),
(37,'Joseph Sanchez','Donna Thompson','1998-08-16','perempuan','085997651035','3239 Jones Way','Port Melissaland','Lake Sheilaville','Port Michael','Texas','shawdonald@example.com'),
(38,'Frank Joseph','Leah Gordon','1973-10-07','perempuan','084586635205','568 Conrad Glen Apt. 881','Jessefort','South Tina','New Danielle','Idaho','anthonybrown@example.com'),
(39,'Erica Griffin','Andrea Webster','2011-03-02','laki-laki','081298840745','83297 Kimberly Motorway Suite 101','East Tiffanyburgh','West Catherineton','North Sandra','Utah','cruzkaren@example.net'),
(40,'Robert Clark','Michael Cochran','1981-12-15','perempuan','084344161382','4484 Mark Spring','Stevenchester','New Jessica','Hunterfurt','Idaho','mgarcia@example.net'),
(41,'Bonnie Malone','Scott Collins','1971-05-09','perempuan','082215891974','9135 Horn Harbor','Andreashire','Landrymouth','East Christopher','Alaska','walshjacqueline@example.org'),
(42,'Kathleen Davis','Sabrina Rodriguez','2017-04-07','perempuan','089393115182','1387 Christensen Isle Suite 574','Lake Carlos','Priscillaville','Mcbridehaven','California','mathisnicole@example.org'),
(43,'Christopher Johnson','James Martinez','2012-12-22','perempuan','083642203936','48337 Darius Circle','Brentville','South Margaret','South Stephanie','Kansas','jennifer00@example.org'),
(44,'Jonathan Wilkins','Emily Johnson','1992-11-04','laki-laki','084030426016','49363 Douglas Trafficway Suite 668','South Kaitlyn','New Patrickfurt','Joneschester','New York','petersengina@example.net'),
(45,'Jennifer Morgan','Cindy Christian','1999-05-16','perempuan','083839367270','14255 Kenneth Rest','South Heather','Angelaberg','Jeffreyton','South Carolina','kjohnson@example.org'),
(46,'Jill Williams','Lauren Miller','1999-12-11','laki-laki','089927233191','94295 Barbara Mountain','Erinville','Smithburgh','Dominiqueberg','Hawaii','christopher86@example.org'),
(47,'Tammy Ortiz','Debra Cohen','1985-10-31','perempuan','089642577118','4822 Rodriguez Unions Suite 736','Brucefort','Port Matthew','New Jeremy','Indiana','jeffrey57@example.net'),
(48,'Tina Shaffer','Anna Mccarty','1991-08-04','laki-laki','082794498103','87411 Connor Park','Jessicabury','South Laurie','Port Angela','Nebraska','vaughntina@example.com'),
(49,'Timothy Briggs','Robert Galloway','1992-12-23','laki-laki','089364229391','89939 Vega Brook','South Nicoleshire','Ingramview','Wardberg','Ohio','jodi12@example.org'),
(50,'David Duran','Melinda Warner','2011-01-12','laki-laki','089500968952','31995 Mendez Views Apt. 160','East Joshua','Longfurt','Walkerfort','Louisiana','heather48@example.net'),
(51,'Belinda Henderson','Mary Weiss','2014-06-23','perempuan','080101759644','81910 Morgan Flat Suite 649','Lake Jonathanborough','New Joseph','West Stephenshire','West Virginia','mitchell64@example.com'),
(52,'Amanda Smith','Holly Avery','2016-04-24','perempuan','083720030778','5297 Butler Pine Suite 158','Taylorshire','Kellybury','Lake Stevenchester','New Jersey','jonesshawn@example.org'),
(53,'Jonathan Zamora','Amanda Berry','2022-02-03','perempuan','083589449337','5417 Kerr Orchard Apt. 081','Wallaceside','Markmouth','Gregorytown','Minnesota','kristingarcia@example.com'),
(54,'Michael Barnett','Christina Taylor','2004-07-21','laki-laki','088310009853','92951 Lisa Plains Apt. 960','Irwinside','Lake Dakota','North Hollyberg','New Hampshire','vgraham@example.net'),
(55,'Debra Chen','Tamara Wilson','2015-03-18','laki-laki','085782091051','9951 Olson Mountain','Jonathanmouth','Thomasside','Lake Amyborough','Connecticut','kelly33@example.org'),
(56,'David Brown','Virginia Benson','1982-03-16','perempuan','087560250053','40163 Gregory Stream','North Dennis','Port Robertburgh','Jasonchester','New York','jennifermiller@example.net'),
(57,'Kayla Stewart','Dr. Erika Lyons DDS','1971-09-21','perempuan','085695691619','4452 John Freeway Suite 493','Port Ruben','Port Brandon','Murrayside','Illinois','kelly92@example.org'),
(58,'Anne Jackson','James Morris','2008-01-29','laki-laki','082970511071','699 Michael Shoals','North Johnton','North Julie','South Kristenland','Maryland','bautistapeter@example.org'),
(59,'Elizabeth Wu','Charles Lam','1982-07-23','laki-laki','088030589452','0126 Simmons Ports','Smithside','Cabrerafurt','Valerieview','Missouri','wdiaz@example.net'),
(60,'Rebecca Diaz','John Mcfarland','2019-03-20','perempuan','081251397493','2855 Long Union','Cherylberg','Chandlerview','Lake Stephen','Georgia','hernandezthomas@example.com'),
(61,'Warren Moore','Elizabeth Anderson','1974-04-20','perempuan','086548502669','03720 Barnes Locks','East Wendyberg','Aguirremouth','Ramirezfort','Alabama','katelynmullins@example.org'),
(62,'Anna Snyder','Rachael Schroeder','1977-06-10','perempuan','083679775730','174 Rivera Inlet','East Danachester','Lake Petershire','West Andreaborough','Alaska','catherine90@example.net'),
(63,'Andrew Miller','Sandra Jordan','2004-06-26','perempuan','084012689255','7172 West Ville','Monicaview','South Stephanieview','Chaseview','Mississippi','pbrown@example.com'),
(64,'James Weber','Robin Thompson','1994-04-01','laki-laki','082074429534','7830 Matthew Points','Kempport','Zamorabury','Haasstad','Indiana','fgraham@example.org'),
(65,'Scott Richardson','Kenneth Rojas','2002-05-08','perempuan','088796338383','66699 Montgomery Path','East Matthew','Lake Chadton','Berrybury','Maryland','hdaniel@example.org'),
(66,'Monica Lewis','Madeline Gonzalez','2011-07-03','perempuan','088771345650','098 May Inlet','Rosebury','North Candice','Kimberg','Indiana','estradawilliam@example.com'),
(67,'Allison English','Adrian Wheeler','2016-05-09','laki-laki','085365308496','96339 Tapia Place Apt. 306','Brittneymouth','Davidtown','East Randall','Alabama','jessica47@example.org'),
(68,'Angel Richards','Sheila Cooper','2020-04-30','perempuan','081343509963','51008 Perez Stravenue','Williamsmouth','East Robertmouth','North Lauren','New Mexico','jennifer76@example.org'),
(69,'Michael Krueger','Lisa Banks','1989-04-28','perempuan','087855003854','3075 Michelle Crossing','West Zacharyview','South Julieberg','Sandraport','New Jersey','cory48@example.net'),
(70,'Teresa Johnston','Megan Castaneda','1975-04-23','laki-laki','089978232924','5491 Morris Stream','Lake Wendy','Christinefort','South Sallyview','California','uanderson@example.net'),
(71,'Richard Cole','Patricia Ross','2002-01-19','laki-laki','081515849929','566 Park Overpass Suite 520','East Kyle','New Sarah','Lake Regina','Kansas','nathanthompson@example.com'),
(72,'Tanya Casey','Gary Hall','2010-08-26','laki-laki','084322752873','6159 Carter Pine Apt. 141','Mariatown','Deborahfort','Lake Theresaside','Utah','fthomas@example.org'),
(73,'Madeline Wheeler','Dale Harrington','1988-11-08','laki-laki','082414361379','3427 Michele Plaza Apt. 598','East Karenville','East Jessicaville','Parkerside','Texas','jennifer08@example.org'),
(74,'Michael Golden','Wesley Jenkins','2014-02-09','laki-laki','083535111494','272 Mclean Plaza','North Justinborough','North Kiara','Helenhaven','Pennsylvania','zacharyfoster@example.org'),
(75,'Jennifer Trujillo','Wendy Smith','2009-05-24','perempuan','081528156065','994 Daniel Trail Apt. 599','East Scottland','Pattersonmouth','Kimtown','Maine','baileymichelle@example.org'),
(76,'Joel Conrad','Michael Colon','1980-11-02','laki-laki','081682136647','2302 Johnson Manors','Thomaschester','Robertmouth','Thomasfort','Ohio','sparker@example.org'),
(77,'Valerie Thomas','Dylan Cunningham','1987-01-14','laki-laki','087628828524','08541 Cynthia Cape Apt. 048','West Frank','West Megantown','Lake Pamelaton','Nebraska','brittanydavid@example.net'),
(78,'Christopher Little','Ricky Gibbs','2005-11-13','perempuan','080083518874','96424 Hall Motorway Suite 924','Jeffland','South Jesus','Jacobsontown','Texas','lyonsjennifer@example.com'),
(79,'Sheri Williams','Andrew Alexander','2018-03-04','laki-laki','080992037471','8946 Dawn Corners','South Stephenfort','Port Jayburgh','New Sarahfort','Mississippi','wattsangela@example.com'),
(80,'Courtney Curtis','Cody Andrews','1988-10-29','laki-laki','085578247338','9969 Matthew Lakes Suite 306','New Elizabethmouth','East Michelleview','Port Frankhaven','Alaska','joseph22@example.net'),
(81,'Jaime Blackwell','Mary Hopkins','2009-04-06','laki-laki','085535141183','51145 Olivia Parks','Deckerberg','Luisstad','Lake Ronaldstad','Kansas','markwhite@example.org'),
(82,'James Christensen','Janet Washington','1994-09-26','laki-laki','089108090329','2099 Ronald Circle','Bowersfort','Matthewmouth','Amyfurt','Nebraska','destinyparsons@example.net'),
(83,'Erik Flores','Anthony Reed','2006-07-22','laki-laki','084224192149','41583 Gonzalez River Suite 294','East Andrea','North Michele','Millsberg','Florida','gutierrezpatricia@example.net'),
(84,'Michael Chang','Renee Fernandez','1974-01-09','perempuan','085296861627','887 David Landing','Lake Ericaside','Andrewborough','Gregoryhaven','Florida','harrisjason@example.com'),
(85,'Eric Thompson','Nicholas Houston','2020-03-16','perempuan','087072331964','05930 Timothy Road','Allenstad','Philipshire','Kelleyton','South Dakota','vmartinez@example.net'),
(86,'Daniel Petersen','Angela Ward','1978-01-16','perempuan','089987361272','182 Sheppard Mews','Hernandeztown','Lisaland','Douglasville','Kansas','gmoreno@example.net'),
(87,'Nicholas Mayo','Nicole Foster','2010-02-24','laki-laki','087318012565','5472 Laura Stravenue','Wilkinsville','Johnsonside','Port Lisa','West Virginia','staffordmatthew@example.com'),
(88,'Jessica Clark','John Gardner','2009-10-17','perempuan','081342239195','86619 Kane Burgs Suite 691','Haleychester','North Josestad','Mariaview','Georgia','gwilliams@example.com'),
(89,'Tiffany Anderson','Terri Waters','2021-04-13','laki-laki','088070912693','5313 Steve Wall','New Jeffery','Wendyview','East Chadton','New York','mercadocharles@example.com'),
(90,'Joseph Robinson','Kristen Aguilar','2016-02-03','perempuan','084824219634','46761 Huffman Turnpike','South Dominiquebury','East William','Port Julie','Ohio','hernandezamanda@example.net'),
(91,'Jason Powell','Laurie Rodriguez','1970-09-20','perempuan','083084372084','6059 Gates Pine Apt. 249','Taylorstad','Juliaborough','Derekland','Colorado','ocameron@example.net'),
(92,'Christopher Hawkins','Samuel Murphy','1998-09-23','laki-laki','082764807661','8156 Wayne Motorway Apt. 165','Jamietown','Davismouth','Markmouth','Michigan','shelly89@example.com'),
(93,'Allison Smith','Darren Nguyen','1993-06-13','perempuan','082022091988','040 Hill Locks','Nancyshire','West Danielberg','Riggsland','California','nicolastorres@example.org'),
(94,'Andrew Howell','Rachel Smith','1999-12-24','laki-laki','080082226968','4572 Tamara Ferry Apt. 343','Jamesshire','Thomasview','East Robert','South Carolina','charles14@example.net'),
(95,'Mikayla Lee MD','Sierra Bond','1999-05-08','perempuan','088051228941','3108 Grant Estate','Lake Kimberly','Tristanland','Lake Susanshire','West Virginia','ufox@example.org'),
(96,'Daniel Serrano','Kari Calhoun','2015-04-03','laki-laki','081478055638','583 Nicole Underpass','West Brandi','Braymouth','Stricklandshire','Mississippi','paul03@example.net'),
(97,'Laura Perez','Bianca Spears','1982-01-14','laki-laki','081892713002','48448 Clark Center','Port Seanland','Simpsonbury','South Noahfurt','Maryland','grant43@example.com'),
(98,'Becky Ross','Dylan Ellis','1995-10-05','laki-laki','080340671588','931 Lee Trafficway Suite 038','Lake Michael','West Angela','Lake Sethborough','Oregon','bellelizabeth@example.com'),
(99,'Karen Medina','Aaron Peters','1989-10-07','laki-laki','084253813040','010 Nichols Mountains','Rogersfurt','Austinbury','Brownfurt','Wyoming','vincent13@example.org'),
(100,'Thomas Harris','Patty Kent','2022-06-07','perempuan','087450385071','657 Joshua Light Suite 844','New Karenside','West Marie','West Claudia','Florida','cathycalhoun@example.org'),
(101,'Miguel Harper','Justin Lawrence','1986-06-26','perempuan','082250048273','427 Anderson Lakes','North Johnton','Lake Barbaraton','East Justin','Nevada','samuel29@example.net'),
(102,'Jesse Moore','Mark Hawkins','1985-03-19','laki-laki','088339703354','5878 Reyes Greens','Sarahmouth','East Christian','New Rebeccamouth','Oregon','pford@example.net'),
(103,'Ronald Weaver','Elizabeth Farrell','2022-03-30','perempuan','083615725702','852 Julia Roads','East Joshuamouth','New Scotthaven','Katherinechester','Kansas','donnaelliott@example.com'),
(104,'Ricardo Coleman','Elizabeth Mckinney','2002-12-24','laki-laki','083937252455','7849 Vicki Gardens Apt. 903','Port Danielle','West Sally','North Joe','Colorado','mbarber@example.net'),
(105,'Adam Phelps','Morgan Mitchell','2017-09-29','perempuan','082329457542','07400 Christopher Estate Apt. 878','East Pamela','Lake Patrickside','Johnport','Wyoming','tbaker@example.net'),
(106,'Derrick Wagner','Allison Edwards','1996-07-16','perempuan','083260669090','92122 Chris Branch','Herreraland','Lake Scottmouth','Debraland','Wyoming','alexanderdeanna@example.org'),
(107,'William Foster','Sean Harrison','1991-10-02','laki-laki','089260011003','350 Kelly Parkways','Jasonville','Lake Shanetown','South Jessicaville','Florida','laurie30@example.net'),
(108,'Kathleen Wright','Caitlin Allen','1994-07-04','perempuan','088122387310','1116 Walker Divide','Port Robert','Peckville','Lisabury','Hawaii','julian09@example.com'),
(109,'Stephanie Davis','Stacy Ferguson','1998-10-13','laki-laki','084521602436','9677 Peters Motorway Apt. 860','Michaelberg','Ellisborough','Shepherdport','Delaware','kimberly08@example.com'),
(110,'Kathleen Wolf','Stephen Reyes','2019-02-03','perempuan','089203839255','3651 Chase Village Suite 225','Kelleyburgh','Turnerstad','West Jackson','Oklahoma','johnsonwanda@example.net'),
(111,'David Sutton','Richard Jones','2021-04-23','perempuan','086504609916','684 Natasha Lane Apt. 506','Garychester','Hughesville','South Matthewville','New York','wwarner@example.com'),
(112,'Douglas Velazquez','Benjamin Nichols','1971-10-05','perempuan','088240799766','33077 Krueger Summit','Susanberg','New Michaelhaven','North Richard','Ohio','emilythomas@example.net'),
(113,'Regina Gray','Christopher Herrera IV','2009-02-11','laki-laki','082397266202','4177 Goodwin Cliffs Apt. 617','Lake Joshuastad','North Thomas','Brownton','Colorado','bwarren@example.org'),
(114,'Justin Alexander','Brian Martin','1998-06-19','perempuan','086667006307','5723 Torres Spurs','Harrisstad','West Stephanie','Lovechester','Minnesota','natashagalvan@example.net'),
(115,'Jeffery Ochoa','Lisa Powers','1977-10-16','perempuan','082836225498','962 Garner Hollow','Lake Evelynburgh','Lake Anthonychester','Meganbury','South Carolina','csullivan@example.net'),
(116,'Joshua Ross','Marissa Carrillo','2003-11-03','laki-laki','082022915162','56568 Johnson Plains','Craigberg','Dustinview','South Margaretstad','Vermont','ikrause@example.com'),
(117,'Lori Stanley','Gregory Espinoza','2018-08-24','perempuan','088119018178','3204 Nicholas Tunnel','Christinashire','Kyleport','Elizabethville','Mississippi','fthompson@example.net'),
(118,'Lisa Mcknight','Timothy Williams','2016-08-20','perempuan','080461356704','18483 Shawn Cape','Theodoreton','East Charlesmouth','Mirandahaven','Delaware','smithsummer@example.com'),
(119,'Julie Watson','Megan Parrish','1984-08-24','perempuan','081661430145','19923 Poole Bridge Suite 364','South Jaredhaven','North Jennifermouth','North Richardshire','Pennsylvania','letroy@example.com'),
(120,'Ana Rodriguez','Kenneth Anderson','2013-08-11','laki-laki','085063774485','448 William Flat Suite 257','Carlosville','Lake Michaelport','New Thomasside','West Virginia','barnesethan@example.org'),
(121,'Nathaniel Thompson','Kathryn Cannon','2003-04-05','perempuan','083796014470','78094 Boyd Junction Suite 604','West Janice','West Samuel','East Amanda','South Dakota','marysherman@example.net'),
(122,'Mr. Charles Johnson','Donald Barron','1993-04-06','laki-laki','089845777071','84630 Joshua Trail Apt. 669','Brooketon','Cameronburgh','East Johnchester','Colorado','nealallison@example.net'),
(123,'Leslie Murphy','Nancy Mills','2017-11-29','perempuan','087467038993','041 Sims Forge Apt. 130','North Brendaland','Jonesfurt','East Michealbury','North Dakota','joseph81@example.com'),
(124,'Christopher Phillips','Thomas Galloway','2016-08-04','laki-laki','082334070117','9850 Williams Manor','New Lori','Wilsonside','South Jeffton','Vermont','emassey@example.net'),
(125,'Micheal Williams','Erin Davis','2016-08-19','laki-laki','088076427845','9429 Bennett Court Apt. 902','Alexanderfort','East Mitchelltown','South Jacobfort','New York','ltorres@example.com'),
(126,'Lisa Compton','Edgar Buck','2007-07-09','laki-laki','082661952297','822 Sandra Spring','Marymouth','Michelleburgh','Barbermouth','Rhode Island','daltonewing@example.net'),
(127,'Ashley Schroeder','Sarah Gray','2017-03-12','perempuan','089968021350','58737 Harmon Hills','Hernandezton','New Anthony','Dianeberg','Alabama','cynthiamoore@example.com'),
(128,'Kelly Adams','Maria Harris','1980-11-20','perempuan','086996264313','7566 Mccormick View','Stevenside','Lake Kevinmouth','East Robertville','Hawaii','abrooks@example.com'),
(129,'Nicholas King','Richard Melendez','1986-07-15','perempuan','082957228188','043 Ford Estate','Lake Lindafurt','Whiteton','North Marcus','Maine','orichard@example.com'),
(130,'Andrew Williams','Jennifer Escobar','2016-01-23','perempuan','083956402326','221 Samuel Station','Chelseabury','East Robertville','Ponceton','Maine','rgreen@example.net'),
(131,'Elizabeth Roy','Stephen Neal DDS','2020-07-02','perempuan','080278627849','19512 Wells Highway Apt. 172','East Ashley','Woodshaven','Bensonchester','Connecticut','andrea18@example.net'),
(132,'Scott Mcdowell','Tracy Jones','2020-02-08','perempuan','082536159079','5870 Nathan Village','Dominguezborough','Sherryside','Timothychester','Wyoming','bartonjames@example.net'),
(133,'Amanda Jackson','Laurie Navarro','2017-03-31','laki-laki','087875464997','851 Ramirez Locks','Lake Mitchell','Whitneyborough','Kelliland','New Hampshire','turnerroy@example.net'),
(134,'Jonathan Sanchez','Michelle Hunt','1988-02-15','perempuan','087293248775','1042 Stephanie Way','Nancymouth','North Jasonbury','Andradechester','New York','dana29@example.net'),
(135,'Lisa Luna','Paige Castillo','1999-10-25','laki-laki','088382958546','0550 Nguyen Gardens','Marquezchester','Cassiemouth','Weaverbury','Maryland','jasonjones@example.com'),
(136,'Veronica Mendoza','Daniel Hale','1982-03-27','laki-laki','084393876731','41429 Mark Road Apt. 187','Raymondmouth','Davidchester','Seanstad','Arkansas','ramosjohn@example.com'),
(137,'Angela Cook','Elizabeth Solis','1996-01-02','laki-laki','085705721066','391 Proctor Village','New Toddfurt','West Tinabury','West Ronaldberg','Alaska','theresa53@example.com'),
(138,'Cindy Johnson','Mark Mercado','2012-06-06','perempuan','086987959507','0640 Hendricks Court','Travisfort','Tinamouth','Adamborough','Oregon','tlong@example.com'),
(139,'Denise Moon','Samantha Smith','2011-03-10','perempuan','084273799417','10767 Beck Square Apt. 544','Lake Ashleyhaven','Jessicamouth','Gracestad','Indiana','hamptoncynthia@example.org'),
(140,'Taylor Berry','Abigail Brown','1997-10-14','perempuan','081743628232','954 Gomez Camp','South Michael','Port Kelly','Smithmouth','Indiana','nicholas27@example.net'),
(141,'Kimberly Powell','Shawn Smith','1994-11-08','laki-laki','086678446772','404 Glenn Roads','Amandaland','New Ryanstad','East Justin','Alabama','geraldschwartz@example.com'),
(142,'Travis Fowler','Rachel Roberson','1976-10-03','perempuan','083820240195','124 Ricardo Camp','Taramouth','South Matthewside','Andreahaven','Tennessee','qtownsend@example.net'),
(143,'Jackson Williams','Kathryn Ramos','1999-04-10','perempuan','086307138381','446 Brown Canyon Apt. 678','East Ivanhaven','Elliston','North Emily','Idaho','valdezjohn@example.com'),
(144,'Shelby Perez','Bobby Cruz','1978-11-18','laki-laki','080722784608','652 Middleton Parkways','Christinahaven','South Kimberlymouth','Riveraborough','South Carolina','mboyle@example.com'),
(145,'Tiffany Page','Megan Lewis','1998-01-12','perempuan','082557442124','49686 Mccarthy Station Apt. 673','Carlburgh','Michaelshire','South Aaron','Georgia','yramirez@example.org'),
(146,'David Brooks','Joshua Jefferson','2008-04-04','laki-laki','082243720520','799 Shaw Stream Suite 359','Port Debbie','East Richardburgh','North Kristina','North Dakota','amyrobinson@example.net'),
(147,'Debra Campos','Tommy Morgan','2008-04-10','perempuan','080942180665','0179 Dillon Brooks Suite 488','Ashleyshire','Lake Ernestmouth','Christopherburgh','Maine','larryochoa@example.net'),
(148,'Elizabeth Garcia','Barbara Wilkins','2011-01-22','laki-laki','080622504231','01842 Lynch Village','Meganton','Campbellchester','New David','Oklahoma','brittany05@example.net'),
(149,'John Hammond','Ashley Liu','1986-08-08','laki-laki','085487540625','3754 Barnett Street','East Amandaside','Ryanbury','Carolinemouth','New Mexico','vjacobs@example.com'),
(150,'Jessica Hall','Ronald Roy','1999-04-15','perempuan','087640553498','3354 Alvarez Burg','Juarezview','Lake Julie','New Kellytown','Florida','kellythomas@example.net'),
(151,'Vincent Jackson','Mrs. Sierra Bradley','2015-05-02','perempuan','083265196406','5569 Diaz Fort','Hansenshire','Hardymouth','New Justin','Idaho','ronaldhull@example.net'),
(152,'Harold Gamble','Sharon Mccoy','1999-04-04','perempuan','081768554525','693 Samuel Fall Apt. 592','South Elizabeth','Brandonton','East Natasha','Iowa','nathaniellambert@example.com'),
(153,'Daniel Perez','John Abbott','1978-03-07','perempuan','085785037721','145 Lauren Plaza','West Dana','Tylerland','East Wayneport','Wisconsin','tanyagarcia@example.com'),
(154,'Michelle Thomas','Victor Woodward','2015-01-18','laki-laki','084429974304','6519 Dustin Summit','Rochashire','West Leonard','Port Reginaldfurt','Wyoming','fjones@example.com'),
(155,'Kenneth Hall','Leslie Steele','2015-02-04','perempuan','085362498506','5090 Oliver Dale Apt. 637','South Kyle','Torresbury','Port Anthonystad','North Dakota','williamsdavid@example.org'),
(156,'Jill Solis','Cynthia Richards','1996-06-01','laki-laki','083855112735','157 Morgan Cove Suite 692','Lake Robinside','Cardenasbury','Frankmouth','California','richard73@example.com'),
(157,'Alvin Smith','Shelly Yang','1996-06-07','laki-laki','088804281928','72763 Corey Causeway','New Bethany','North Marvinport','Peterfort','Vermont','satkins@example.org'),
(158,'Denise Silva','Dustin Davis','2003-04-03','perempuan','086562558166','420 Avila Bridge','Dillonshire','Barrerashire','Williamtown','Georgia','margaret89@example.org'),
(159,'Joshua Anthony','Christina Johnson','2023-04-06','laki-laki','083225552698','211 Duncan Dale Suite 740','South Travisville','East Kelly','North Mary','South Carolina','carolrivera@example.org'),
(160,'Kimberly Mcgee','Kathy Haynes','1975-07-24','perempuan','089405732453','98962 Gray Port','Lake Jamesburgh','Adamsburgh','Port Katherineshire','Ohio','samanthajones@example.net'),
(161,'Shawn Gaines','Justin Abbott','2023-02-23','laki-laki','086102488417','319 Stevens Row','East Alice','East Henry','West Suzanne','Pennsylvania','bennettjerry@example.com'),
(162,'Kelsey Robles','Jessica Fisher','1994-07-01','perempuan','088312522436','73406 Kelly Islands','Millsview','Simmonsborough','Lake Pennyberg','Vermont','seanjohnson@example.org'),
(163,'Julia Wright','Kristin Davis','2002-03-18','perempuan','080746232630','22348 Jeffery Gardens Suite 701','Lake Casey','Davischester','West Marcia','Kentucky','clarence27@example.net'),
(164,'Colton Schultz','Zachary Anderson','2022-01-26','perempuan','080190232879','6699 Oneill Rest Apt. 969','Rodriguezshire','Nicolehaven','South Shelbyton','Texas','wvega@example.com'),
(165,'Jennifer Woods','Larry Baker','1979-05-15','perempuan','088191253757','66068 Kelly Overpass Suite 177','New Ruben','East Justin','East Erin','Wyoming','qdavis@example.net'),
(166,'Mark Schmidt','Andrea Lane','2015-07-22','laki-laki','080402240278','2026 John Unions Apt. 449','Ronaldburgh','West Joy','West Charles','Florida','qcampbell@example.net'),
(167,'Crystal Burns','Paul Richards','1991-08-19','perempuan','081953196722','79503 Richard Landing Suite 902','Tammyfurt','Autumnport','Xavierport','Indiana','ianwilliams@example.net'),
(168,'Candace Hurley','Jennifer Williams','1999-03-31','perempuan','082554638262','444 Vincent Extensions','South Elizabethview','North Katie','East Sarahhaven','Florida','davisbilly@example.org'),
(169,'Chelsea Chavez','Heather Singleton','2018-04-29','laki-laki','089862079049','181 Fleming Extension','West Jamietown','West Randall','Elaineville','Ohio','davidshepherd@example.com'),
(170,'Allison Perez','Joseph Smith','1994-10-09','laki-laki','080155945126','35869 Cynthia Dale','Waltonville','Michaelview','North Brittanyside','Delaware','umelton@example.org'),
(171,'Tonya Sanchez','William Bond','1976-01-16','laki-laki','081043402089','167 Mcclure Place Apt. 438','North Richardbury','West Shane','Port Stephanie','Vermont','pchoi@example.net'),
(172,'Jose Ramirez','William Sanders','2017-02-09','laki-laki','086779440894','1732 Jennifer Trafficway','Snydermouth','North Andrew','Brianland','Utah','saunderscody@example.org'),
(173,'Jordan Vaughn','David Jones','1979-07-22','laki-laki','082821553862','0252 Jonathan Wall Suite 141','Bruceside','Teresaborough','New Nicholasstad','New Hampshire','lori74@example.com'),
(174,'Jason Livingston','Gloria Smith','2012-06-18','perempuan','083222160667','862 Nicole Isle','Smithport','New Brian','North Julieport','North Dakota','cfloyd@example.com'),
(175,'Amy Ewing','Randy Cross','2012-03-21','perempuan','085511834738','756 Stephen Landing','Port John','Reneeshire','South Dean','Pennsylvania','hadams@example.net'),
(176,'Austin Harper','Samantha Miller','2007-07-07','perempuan','086894467066','683 Bailey Parks','North Robin','East Johnside','North Blake','South Dakota','sharonbailey@example.com'),
(177,'Amy Henson','John Mays','1978-09-26','perempuan','083644237316','37224 Farley Springs Suite 684','Carolynview','South Stephanieburgh','Austinview','Maryland','chelsea44@example.com'),
(178,'Michael Gilbert','Robert Reed','2015-09-16','laki-laki','082855867804','996 Christopher Wells','Suarezport','Russellmouth','Gambleport','Arizona','keith46@example.com'),
(179,'Madison Moody','Marie Petersen','2021-07-20','perempuan','083690613858','218 Andrews Park','Nicholasmouth','West Jennifer','Murphymouth','Minnesota','ualvarez@example.com'),
(180,'Tyler Vega','Toni Stevens','2017-05-16','perempuan','084984943401','6008 Robert Lights','Anthonyland','Guerraside','West Marcusmouth','Michigan','zanderson@example.org'),
(181,'Christina Hardy','Justin Smith','2011-01-04','perempuan','086097628557','4469 Colton Mountains','Nelsonton','East Toddburgh','Lake Marybury','Hawaii','rlee@example.net'),
(182,'William Mcdonald','Tony Kennedy','1992-07-25','perempuan','083652961593','17638 Guerrero Plains','Sarahbury','Thomashaven','Port Amber','Alaska','kodonnell@example.org'),
(183,'Jonathan Carter','Richard Elliott','2005-02-25','laki-laki','080074045465','64728 Kelli Court Suite 463','Mooremouth','Jamieland','Tranville','Pennsylvania','alexdunn@example.net'),
(184,'Michael Matthews','Cynthia Robinson','1994-12-02','perempuan','083449812640','9678 Humphrey Camp Apt. 581','Loriborough','North Ronaldborough','East Edward','Tennessee','ocurry@example.org'),
(185,'Alyssa Stewart','Richard Williams','2001-05-15','perempuan','083129728850','91117 Le Mountains','North John','South Cynthia','Samanthastad','Idaho','palmerkenneth@example.org'),
(186,'Ashley Walker','Patricia Conner MD','1998-03-19','laki-laki','083337580848','72083 Shawn Walks Apt. 398','New Sandramouth','West Johnnyview','Jeffersonshire','Georgia','brittanyfernandez@example.net'),
(187,'Shannon Young','Joseph Brown','2018-07-27','laki-laki','082059806388','4971 Faulkner Corners','Morganbury','Brianhaven','New Carmenview','North Carolina','adam53@example.com'),
(188,'Stephen Compton','Samantha Fields','1972-11-18','perempuan','082857028210','3947 Lauren Radial','Leahhaven','North Nathanielhaven','Lake Dennis','California','harrisgregory@example.org'),
(189,'Anthony Gonzalez','Patrick Green','1989-09-08','laki-laki','081902873541','2779 Jared Skyway Apt. 264','Port Ashley','East Vickibury','Williamburgh','Iowa','robertsonjennifer@example.org'),
(190,'Cynthia Banks','Ronald Brown','2019-12-10','perempuan','084959920342','89101 Smith Shore Apt. 990','Lake Ashleychester','Andrewton','Lake James','Washington','nobledylan@example.org'),
(191,'Matthew Young','Willie Hobbs','2020-03-16','perempuan','083273126095','8972 David Glen Apt. 475','Juliebury','Lake Joshualand','Autumnland','Alaska','harrisbryan@example.org'),
(192,'John Obrien','Wayne Robles','1986-09-15','laki-laki','082375849438','49106 Williams Crossing','Keithborough','Lake Laurafort','New Tracyburgh','South Dakota','harriskevin@example.com'),
(193,'James Cox','John Campbell','2001-10-23','perempuan','086987611058','519 Patterson Trail Apt. 095','New Timothybury','Karihaven','New Christopherland','Minnesota','diane53@example.org'),
(194,'Sara Williams','Rachel Mcdonald','2013-08-17','perempuan','086627318382','98661 Caldwell Land','New Sandy','Taylorland','Boyerhaven','New Hampshire','ariasamber@example.org'),
(195,'Brian Johnson','Derek Johnson','2020-11-25','laki-laki','082900408130','32836 Joshua Field','West Jeffrey','Watsonville','Myersview','Colorado','gsmith@example.net'),
(196,'Karen Taylor','Krista Howard','2015-12-17','laki-laki','089032007973','42971 Stephanie Causeway','Morrisfort','Williamberg','Stevenfort','Kansas','valerie36@example.net'),
(197,'Robert Mullen','Edward Cross','1977-12-05','laki-laki','083028578346','8410 Justin Mills Suite 907','South Jamesside','West Ariel','Allenfort','Kentucky','lle@example.org'),
(198,'Christopher Savage','Amanda Richardson','2021-01-14','perempuan','083292632152','469 Christopher Place','Port Elizabeth','Lake Corey','Sanchezhaven','Utah','kelly75@example.com'),
(199,'Regina Deleon','Charles Mcdaniel','1984-03-24','laki-laki','089578645992','550 Thomas Forges Suite 463','Deannastad','Brittanyview','North Heatherchester','Montana','vasquezhunter@example.org'),
(200,'Cynthia Reed','Katelyn Moore','1995-11-02','perempuan','082284968747','3377 Gomez Port','Port Danielhaven','South Misty','Joneshaven','Arkansas','mary67@example.com'),
(201,'Tiffany Keith','Justin Collins','1979-09-13','perempuan','084088979160','06804 Wilson Ford Suite 436','South Kimberly','East Danielle','East Ralphstad','Rhode Island','hallhannah@example.com'),
(202,'Jonathan Stephens','Brian Nelson','1994-08-23','perempuan','086057169390','85220 Ross Streets Suite 843','Ruizmouth','Daleville','East Sarah','Wyoming','vshields@example.org'),
(203,'James Martinez','Phillip Lewis','1985-12-28','laki-laki','086338893126','384 Michael Streets Suite 552','Port Peter','East Victoria','Sloanfort','Connecticut','donovanmark@example.com'),
(204,'Karen Andrews','Jeremiah Greene','1982-05-23','perempuan','087722630090','665 Melanie Locks Apt. 931','New Mckenziehaven','New Ambermouth','Wolfeberg','Connecticut','raymond95@example.org'),
(205,'Jordan Knight','Patrick Lewis','1983-01-10','perempuan','087144923092','2308 Edwards Mall','Martinchester','Coreyburgh','Port Waynefort','Oregon','david40@example.net'),
(206,'Crystal Wright','Garrett Bell','1982-02-13','perempuan','084506443499','85485 Joseph Pike','Bishopstad','West Robertstad','South Elainefort','South Carolina','jennifer53@example.net'),
(207,'Alan Evans','Jessica Smith','2001-06-01','perempuan','086837062694','28071 Moody Square Suite 133','New Nicole','East Renee','Williamsville','Tennessee','hartamy@example.net'),
(208,'James Spence','Lauren Carter','1981-10-15','laki-laki','084855788650','23376 Robin Squares Apt. 448','North Michael','Kaylahaven','West Johnnyborough','Idaho','joseph79@example.org'),
(209,'Michael Davis','Sarah Thornton','1971-04-12','perempuan','082001449786','2839 Richmond Track','Jonview','North Thomas','Dixonside','Texas','lydia20@example.com'),
(210,'Mackenzie Parks','Anthony Coleman','2001-12-01','laki-laki','084905264328','8095 Maria Lock','Mcclainton','Klinehaven','Anthonychester','Texas','harrisfrank@example.com'),
(211,'Ralph Bradley','Patrick King','1984-05-23','laki-laki','084000558246','89932 Warner Station Suite 242','Madisonmouth','New Nancy','Amandashire','Rhode Island','douglaswendy@example.org'),
(212,'William Russell DDS','Virginia Blevins','2009-10-18','perempuan','085926008631','88661 Lawrence Pike','Amybury','South Danielstad','South Aprilview','South Carolina','velasquezjamie@example.com'),
(213,'Joseph Coleman','Michael Thompson','2012-07-01','perempuan','089047821195','216 Jones Summit','Juarezborough','Audreymouth','Port Cherylborough','North Carolina','nicholassmith@example.org'),
(214,'John Morton','Krystal Bass','2017-06-11','laki-laki','082766001732','5640 Alexis Burgs Apt. 891','Elizabethview','Mikeshire','New Jennifer','Arkansas','vnewman@example.net'),
(215,'Phillip Sparks','Lauren Oliver','2001-08-26','perempuan','081426054216','94235 Robertson Extension Suite 065','West Michael','Chrisport','New Sarahland','Oregon','jenniferturner@example.net'),
(216,'Brian Page','Robin Snyder','1987-11-12','perempuan','089560133149','739 Marcus Trace Apt. 054','North Anthonychester','West Brandonchester','Jamesshire','Delaware','garciamichael@example.org'),
(217,'Debbie Smith','Megan Solomon','1998-10-18','laki-laki','088634560082','717 April Run','Sandersport','Hensonstad','Johnshire','Missouri','martinezmichael@example.net'),
(218,'Mathew Miller II','Lynn Stevens','2017-05-17','laki-laki','088189202470','3279 Beverly Hills Apt. 368','Rebeccaville','East Kaitlyn','East Nicholasmouth','Oregon','gerald68@example.org'),
(219,'Daniel Moore','Alan Campbell','1972-09-16','perempuan','085831355214','24843 Maddox Rue','Conwayton','Edgarfurt','Port Timothy','Michigan','lewismelissa@example.net'),
(220,'Douglas Griffith','Tiffany Reyes','2011-04-02','perempuan','089154587187','24327 Banks Alley','Wagnerbury','Duncanton','Danielhaven','Idaho','ojohnson@example.com'),
(221,'Tanya Kaiser','Vickie Gutierrez DDS','1991-01-16','perempuan','082052270341','8750 Craig Burg Suite 960','North Lindsey','Davidfort','Port John','California','bdavis@example.com'),
(222,'Jasmine Edwards','James Cameron','2011-07-14','laki-laki','080795413323','62008 Nicole Mountain','New Jenniferville','Isaiahmouth','East Jonathan','Texas','lori72@example.org'),
(223,'Abigail Lewis','Dr. Sandra Marshall DVM','1998-05-29','perempuan','086788536036','0875 James Lock','Hunterland','Robertport','New Stephanie','South Carolina','guzmanalex@example.com'),
(224,'Hannah Anderson','Sharon Ramirez','2008-03-08','perempuan','082836777396','2036 Edward Landing','Melissaport','Karlfurt','West Robert','Iowa','tiffany86@example.net'),
(225,'Keith Moore','Kimberly Kramer','1999-09-10','perempuan','080303304593','1322 Johnson Pine','Lake Dennisberg','North Heathertown','Ellenmouth','Nevada','oconnormelanie@example.com'),
(226,'Brandi Meyer','Nicole Oconnor','1999-01-02','laki-laki','081141572390','4552 Samuel Causeway','Tonyaburgh','Henryburgh','North Joshua','Delaware','frank76@example.net'),
(227,'Mary Andrews','Michelle Jackson','1999-04-28','perempuan','083945946154','315 Ronald Field Apt. 276','Cameronland','Martinezville','North Dale','New Mexico','jenniferlucas@example.com'),
(228,'Sarah Duran','Lorraine Nguyen','1983-01-22','perempuan','087247004598','7965 Aaron Islands Apt. 323','South Taylorport','Perezmouth','West Jenna','Michigan','amber90@example.com'),
(229,'Cynthia Ewing','Peter Maldonado','1986-11-16','laki-laki','089750217198','854 Robert Ford','Novakborough','West Michealville','Mackhaven','Pennsylvania','debbie90@example.com'),
(230,'Travis Stephenson','Jennifer Stephens','2004-04-28','perempuan','084351853103','9114 Gregory Gardens Apt. 768','East Victoriachester','Lake Stephanie','Port Brooke','Idaho','ryansmith@example.net'),
(231,'Caleb Rose','Philip Phillips','2015-07-03','laki-laki','081874934663','554 Moore Knolls','South Brianshire','Kevinville','New Theresaland','Idaho','johnstonjose@example.com'),
(232,'Michael Stevens','Jennifer Vasquez','2003-06-04','perempuan','082371422085','2048 Francis Mall Apt. 163','Haydenbury','West Carmen','Gilbertberg','Vermont','stevenskeith@example.org'),
(233,'David Jensen','Charles Andrews DVM','2023-03-31','laki-laki','082727907535','953 Megan Squares Suite 315','Bobbychester','West Stephentown','South Danview','Nebraska','sarah15@example.com'),
(234,'Jaime Ramirez','Monique Cabrera','2008-04-05','perempuan','083630683647','313 Mark Pike Apt. 780','Lake Sarashire','Rhodesmouth','Lake Catherineland','Texas','nicoleadams@example.net'),
(235,'Robyn Ramirez','Diana Osborne','2004-12-05','laki-laki','088650601776','704 Chan Lake','Lake Lindseyborough','Wendyberg','West Juan','Kansas','lauratran@example.org'),
(236,'Courtney Hawkins','Donald Norris','2002-04-03','perempuan','089535216043','108 Miller Groves','Williammouth','Jessicaview','South Tina','California','deancolleen@example.org'),
(237,'John Hartman','Kristy Page','1992-06-10','perempuan','081823680575','936 Cheryl Grove','New Brianna','Lake Patriciafurt','Kirkland','West Virginia','ftaylor@example.net'),
(238,'Kathleen English','Janice Harding','2005-07-01','laki-laki','085555014907','872 White Club Apt. 986','Daniellefurt','Lake Jessicachester','Seanmouth','Missouri','nweber@example.net'),
(239,'Brenda Douglas','Lisa Phillips','2007-06-29','perempuan','086863711070','22564 Jimenez Circles','Heidiville','Changchester','Millershire','Oregon','duncanjohnny@example.org'),
(240,'Hector Williams','Jacqueline Thomas','1985-06-18','perempuan','082239591297','2527 Brandon Springs','South Laurachester','Port Johnland','Apriltown','Massachusetts','raymichael@example.org'),
(241,'Melissa Bryan','Tracy Bell','2004-01-28','laki-laki','082826462065','40099 William Pine','Williamsonburgh','Nielsenborough','Westhaven','Nevada','tryan@example.org'),
(242,'Cody Schwartz','Nicholas Roy','2020-08-25','perempuan','080001134923','153 Jessica Fork Suite 470','Susanmouth','West Barbarabury','South Catherineshire','Maryland','sthompson@example.com'),
(243,'Mark Olsen','Paul Martinez','1971-09-04','perempuan','083284879599','956 Roberson Center','Fergusonstad','Curtismouth','West Stephanieborough','Maryland','sdavis@example.com'),
(244,'Michael Wilson','Pamela Pearson','1972-07-08','perempuan','082266187776','637 Jones Well Apt. 095','New David','North Josephberg','Kristinahaven','Maine','dixongregory@example.net'),
(245,'Wayne Williams','Timothy Cole','2011-09-20','perempuan','083525356599','5852 Andrew Circle Suite 631','Jennyport','Travisburgh','Phillipsburgh','Arizona','brittney69@example.org'),
(246,'Christopher Hoover','Rebecca Sharp','1994-10-06','perempuan','088875099693','116 Guerrero Camp','South Michael','Barnesberg','Coryport','Ohio','kennethlane@example.com'),
(247,'Autumn Oliver','Melissa Palmer','1986-11-12','perempuan','089704139704','879 Kristin Greens Suite 509','Moranside','Jonesfurt','South Kimberlystad','Arkansas','erica35@example.net'),
(248,'Kristopher Smith','Shelby Cowan','1986-05-07','laki-laki','085445536436','575 Jeremy Park','New Stephenton','West Aaron','New Stephanie','North Carolina','yduarte@example.net'),
(249,'Katherine Hudson','Carly Rice','2020-02-21','perempuan','080379207584','90270 Jonathan Drive','Navarroborough','Donaldsonborough','South Kevin','South Dakota','john17@example.net'),
(250,'David Rodriguez','Jack Reed','1984-12-06','laki-laki','080223635318','69975 Jeffery Vista','New Sarahshire','Barbermouth','West Theresa','Mississippi','joshuabarnes@example.org'),
(251,'Dennis Barnett','Darius Lee','1990-04-09','perempuan','081807628101','6246 Lee Crest Suite 601','North Donnafurt','East Ericview','West Elizabeth','Nebraska','jensencurtis@example.org'),
(252,'Amy French','Michael Jennings','1985-12-26','laki-laki','083537669789','27555 Cox Forks Apt. 966','Port Rebeccaville','Stephaniebury','South Lauren','Hawaii','brightmatthew@example.net'),
(253,'Patricia Munoz','Donald Hines','2010-05-21','laki-laki','087096365416','060 Williams Wells Apt. 360','East Marissaburgh','Kimberlymouth','Lake Lori','Montana','jkim@example.net'),
(254,'Tony Terry','Stacy Daniels','1998-04-04','perempuan','082333411786','17552 King Station Apt. 015','New Michaelport','Robertshire','West Tinaview','Florida','lisasanchez@example.net'),
(255,'Jonathan Garcia','Alexandra Owen','1983-01-28','perempuan','081940557161','85788 Lisa Villages','Port Alexfurt','Caseyshire','East Catherinefort','New York','gregorygray@example.com'),
(256,'Dr. Richard Alexander III','Jon Frost','1974-12-28','perempuan','085648865780','31791 Julie Dam','Brendaside','Pruittfort','Jacobbury','New Mexico','dwaynejones@example.org'),
(257,'Lisa Castillo','Tyler Rodriguez','2011-08-30','perempuan','084075987005','2611 Mason Keys Apt. 701','Thompsonstad','Huffmanland','West Jeffery','Louisiana','mperry@example.net'),
(258,'Michael Williams','Lynn Jones','1976-07-19','perempuan','089540952202','0379 Eugene Loaf Apt. 885','Robertbury','Lake Jennifer','Lake Shannon','Michigan','awagner@example.com'),
(259,'Glenn Santana','Christine Gilbert','1975-07-25','laki-laki','081535054047','957 Roy Ways Apt. 290','Aliciamouth','Jonesshire','Oneillshire','Tennessee','millerpeter@example.net'),
(260,'Taylor Jones','Regina Schaefer','1979-12-02','laki-laki','086984766796','23948 Jodi Mill Apt. 893','West Joel','New Amyport','West Georgebury','Alabama','lisaallen@example.com'),
(261,'Kyle Stevens','Timothy Payne','1996-09-10','perempuan','081928048797','76635 Nicole Garden Suite 570','Martinborough','South Paigetown','Oliverview','Texas','scott02@example.org'),
(262,'Dr. Justin Reed PhD','Stephen Ford','2006-08-10','laki-laki','084398929374','3633 Torres Place','East Rhondaburgh','South Davidview','North Stevenbury','Kansas','uthompson@example.org'),
(263,'Barbara Patterson','Lori Mcdonald','1973-08-05','perempuan','088960103272','27881 Bethany Oval','West Casey','South Jacobville','Janeberg','North Dakota','vegadawn@example.net'),
(264,'Amanda Jacobs','Lori Richardson','1982-09-15','laki-laki','089353333227','371 Craig Cliff','Phillipsberg','Christianchester','South Amandachester','Florida','richard95@example.net'),
(265,'Alan Stanton','Tonya Phillips','1975-07-11','perempuan','087069144319','74848 Adams Spurs Suite 943','Anthonyberg','Timberg','Jeffreyhaven','Louisiana','ramosashley@example.com'),
(266,'Brenda Ortiz','Joseph Shepard','2015-08-12','perempuan','089480657835','7115 Wanda Forges Apt. 909','New Elizabeth','Jeffreymouth','Richardsonville','Delaware','hannahsmith@example.net'),
(267,'Erin Page','Scott Williams','1998-12-18','perempuan','080348652238','7246 Contreras Ford Suite 685','Juliatown','Brianburgh','Silvaberg','Utah','donald56@example.com'),
(268,'Cameron Holloway','Russell Murphy','1993-05-22','laki-laki','084949070744','5411 Lisa Fields Suite 118','Port Williamton','New Daniel','Woodtown','Utah','dpayne@example.com'),
(269,'Paul Carpenter','Michael Williams','2019-02-21','perempuan','085057167854','1851 Matthew Shoals','North Benjamin','New Stephen','Benjaminstad','Colorado','amandarobinson@example.org'),
(270,'Martin Hall','Sharon Goodman','1988-09-25','perempuan','087181477908','08096 Krista Union Suite 659','West Amy','Sethmouth','North Robert','Utah','sarah31@example.com'),
(271,'Jaclyn Jenkins','Andrew Clark','1991-07-16','laki-laki','084025691167','8574 William Wall','Wrightshire','Lake John','Charlesfort','Nevada','daniellebond@example.com'),
(272,'Lisa Tucker','Robert Hayden','2000-11-22','laki-laki','084156245450','38195 Brown Island','Nicolemouth','Ramirezchester','South Deannaside','Wisconsin','brandylove@example.org'),
(273,'Shannon Gutierrez','Michael Jordan','2002-12-18','laki-laki','080063446403','53943 Thomas Ferry','Wellsside','New Courtneyport','Mitchellfurt','New York','adamperez@example.com'),
(274,'Jessica Cooper','Erica Perry','2020-10-03','perempuan','080481500742','682 Johnson Plains','Sheliatown','Greenton','Wallmouth','Maine','jordanlisa@example.org'),
(275,'Jesse Wiggins','Amy Hudson','1977-10-31','laki-laki','080768491965','7313 Valerie Path','Port Jamesberg','Tammyborough','Castroborough','West Virginia','julie45@example.org'),
(276,'Lisa Baker','James Kelly','2017-04-03','perempuan','080655566009','1933 Laura Union','Obrienton','Ianburgh','Baileychester','Montana','bryan90@example.com'),
(277,'Lydia Myers','Renee Hill','1977-12-02','perempuan','087094534397','14280 Kenneth Estates Suite 224','East Danielleshire','Port Lauren','Kellyview','Texas','phillipmiller@example.org'),
(278,'Rebekah King','Ronald Dunn','1981-09-06','perempuan','082335779797','6342 Floyd Shoals Apt. 341','South Heidibury','North Keithfort','Port Michael','Kansas','wshepherd@example.com'),
(279,'Michael Gould','Mrs. Christina Thomas DDS','2022-05-23','perempuan','089663165959','89120 Perez Extensions','South Williamburgh','Anthonymouth','Moralesview','West Virginia','martin95@example.com'),
(280,'Joseph Warren','Vincent Hodges','1995-07-22','laki-laki','088107256934','1349 Page Oval Suite 871','South Paul','South Marcus','West Phillip','Oregon','zgraves@example.net'),
(281,'Craig Hoffman','Fernando Davila','2002-07-05','laki-laki','086504810135','91538 Olivia Stravenue','Jonesville','Claytonport','Alanburgh','Virginia','elijah36@example.org'),
(282,'Christian Duarte','Holly King','2011-07-06','perempuan','083096501113','455 Kristen Pines Suite 263','New Jasonmouth','North Steven','Anthonytown','New York','elizabethjones@example.net'),
(283,'Preston Mann','Todd Andrews','1985-06-16','laki-laki','089614075743','28304 Price Lights','Dunntown','Lopezchester','Jonathanmouth','Oregon','kelsey39@example.org'),
(284,'Steven Robertson','Laura Hardy','1971-03-16','laki-laki','083415922626','90917 Kathleen Row','East Connie','Shawburgh','New Barbaraberg','Arkansas','areed@example.com'),
(285,'Jeffery Acosta','Evan Anderson','1971-05-09','laki-laki','080245612149','51559 Melissa Mountain','Maryside','Pittsborough','Lake Parker','Maine','elizabethyu@example.net'),
(286,'Devon Kemp MD','Paul Adams','1982-01-02','laki-laki','086420562623','2255 Samuel Locks','South Austin','New Dawntown','Tylerfort','Tennessee','xcarroll@example.com'),
(287,'Susan Powell','Meagan Arellano DDS','1994-01-06','laki-laki','088224683699','912 Brennan Lodge Suite 222','South Mitchellchester','Nicholasfurt','North Andrea','Idaho','gcarroll@example.org'),
(288,'Priscilla Lee','Emily Mccall','2005-03-09','perempuan','084802818725','8211 Amanda Rest Suite 667','Villarrealville','East Anitahaven','Bradymouth','Connecticut','jesus83@example.net'),
(289,'Joshua Phelps','Anna Taylor','1987-09-08','laki-laki','081504877818','9277 Wells Circle Apt. 296','Sarahtown','Watsonshire','North Raymondview','Oklahoma','crawfordaustin@example.net'),
(290,'Brooke Knight','Justin Jones','2002-11-29','perempuan','087999527492','55255 Nicholas Hills','North Yolanda','Lake Davidland','West Alexandra','Minnesota','ramosjack@example.net'),
(291,'Karen Brown','Jeffrey Simmons','2018-04-05','laki-laki','082066332955','0764 Fox Viaduct','East Dustin','Lake Karenshire','West Dawnfort','Alabama','lhenderson@example.net'),
(292,'Christina Morris DVM','Michael Garcia','1971-08-26','perempuan','086927473217','1436 Quinn Park Apt. 591','Andrewstad','Nicholsmouth','Morenotown','California','brendan91@example.net'),
(293,'Christine Jones','Kyle Meadows','1993-05-24','laki-laki','080035648300','784 Brent Ramp','Lake Jose','North Allison','Maryhaven','Kentucky','norman94@example.org'),
(294,'Angela Williams','Fred Russell','2018-08-27','perempuan','080129341962','847 Marvin Plaza Apt. 292','Lake Christinashire','New Amy','East Jonathanton','Wyoming','juanneal@example.com'),
(295,'Mary Stevenson','Willie Crawford','1998-06-02','laki-laki','080686724660','08386 Melissa Stravenue Apt. 951','Terryside','Blackview','North Mathewborough','Hawaii','qmartin@example.org'),
(296,'Joshua Lambert','Alejandra Smith','1988-11-28','laki-laki','085030766491','94304 Smith Point','Port Danielshire','Fryemouth','Lake Erik','Colorado','christopher07@example.net'),
(297,'Susan Davis','Jennifer Smith','1997-06-02','perempuan','085046839108','3422 James Pike','Josephchester','Guzmanbury','New Scott','Oklahoma','escott@example.org'),
(298,'Rebecca Bennett','Michael Ryan','2002-05-14','laki-laki','088942193712','997 Kristen Run','Linfurt','South Erinchester','Woodsmouth','Pennsylvania','hudsonrandall@example.org'),
(299,'Mary Ramos','Todd Watson','1986-06-29','perempuan','089637083649','008 Raymond Squares Suite 134','Timothyview','South Taraburgh','Alecshire','Minnesota','alexismartinez@example.net'),
(300,'Bill Simpson','Judith Vasquez','1985-10-07','laki-laki','086123337399','46533 Rose Lake','Trujilloberg','Donaldtown','North Gregory','California','kristy08@example.com');
/*!40000 ALTER TABLE `orang` ENABLE KEYS */;
UNLOCK TABLES;

--
-- Table structure for table `pasien`
--

DROP TABLE IF EXISTS `pasien`;
/*!40101 SET @saved_cs_client     = @@character_set_client */;
/*!40101 SET character_set_client = utf8 */;
CREATE TABLE `pasien` (
  `id` int(11) NOT NULL,
  PRIMARY KEY (`id`),
  CONSTRAINT `pasien_ibfk_1` FOREIGN KEY (`id`) REFERENCES `orang` (`id`)
) ENGINE=InnoDB DEFAULT CHARSET=utf8mb4 COLLATE=utf8mb4_general_ci;
/*!40101 SET character_set_client = @saved_cs_client */;

--
-- Dumping data for table `pasien`
--

LOCK TABLES `pasien` WRITE;
/*!40000 ALTER TABLE `pasien` DISABLE KEYS */;
INSERT INTO `pasien` VALUES
(1),
(4),
(5),
(6),
(9),
(12),
(17),
(18),
(19),
(20),
(21),
(24),
(28),
(31),
(32),
(35),
(37),
(39),
(43),
(44),
(45),
(46),
(53),
(55),
(70),
(72),
(77),
(80),
(82),
(83),
(84),
(85),
(92),
(93),
(108),
(110),
(111),
(115),
(120),
(121),
(123),
(125),
(130),
(134),
(138),
(142),
(146),
(147),
(152),
(154),
(156),
(157),
(159),
(161),
(163),
(168),
(169),
(170),
(171),
(176),
(179),
(181),
(184),
(186),
(188),
(189),
(193),
(194),
(195),
(201),
(204),
(205),
(207),
(209),
(214),
(216),
(217),
(220),
(221),
(223),
(225),
(233),
(243),
(246),
(250),
(253),
(264),
(273),
(274),
(278),
(283),
(284),
(288),
(289),
(290),
(292),
(293),
(295),
(296),
(298);
/*!40000 ALTER TABLE `pasien` ENABLE KEYS */;
UNLOCK TABLES;

--
-- Table structure for table `perawat`
--

DROP TABLE IF EXISTS `perawat`;
/*!40101 SET @saved_cs_client     = @@character_set_client */;
/*!40101 SET character_set_client = utf8 */;
CREATE TABLE `perawat` (
  `id` int(11) NOT NULL,
  PRIMARY KEY (`id`),
  CONSTRAINT `perawat_ibfk_1` FOREIGN KEY (`id`) REFERENCES `tenagamedis` (`id`)
) ENGINE=InnoDB DEFAULT CHARSET=utf8mb4 COLLATE=utf8mb4_general_ci;
/*!40101 SET character_set_client = @saved_cs_client */;

--
-- Dumping data for table `perawat`
--

LOCK TABLES `perawat` WRITE;
/*!40000 ALTER TABLE `perawat` DISABLE KEYS */;
INSERT INTO `perawat` VALUES
(2),
(3),
(8),
(10),
(11),
(14),
(15),
(16),
(25),
(27),
(30),
(33),
(34),
(38),
(40),
(41),
(42),
(48),
(52),
(54),
(56),
(59),
(60),
(62),
(63),
(66),
(68),
(69),
(73),
(74),
(81),
(87),
(89),
(97),
(99),
(100),
(101),
(102),
(104),
(106),
(109),
(112),
(114),
(116),
(117),
(119),
(124),
(128),
(129),
(131),
(132),
(135),
(137),
(140),
(148),
(153),
(155),
(158),
(165),
(167),
(174),
(178),
(182),
(187),
(191),
(192),
(199),
(203),
(206),
(208),
(211),
(212),
(235),
(236),
(240),
(241),
(244),
(249),
(251),
(254),
(255),
(256),
(257),
(258),
(259),
(260),
(261),
(262),
(263),
(265),
(266),
(267),
(268),
(270),
(272),
(282),
(285),
(291),
(297),
(299);
/*!40000 ALTER TABLE `perawat` ENABLE KEYS */;
UNLOCK TABLES;

--
-- Table structure for table `perusahaanasuransi`
--

DROP TABLE IF EXISTS `perusahaanasuransi`;
/*!40101 SET @saved_cs_client     = @@character_set_client */;
/*!40101 SET character_set_client = utf8 */;
CREATE TABLE `perusahaanasuransi` (
  `id` int(11) NOT NULL AUTO_INCREMENT,
  `nama_perusahaan` varchar(255) NOT NULL,
  `nama_kontak` varchar(255) DEFAULT NULL,
  `nomor_telepon` varchar(100) NOT NULL,
  PRIMARY KEY (`id`)
) ENGINE=InnoDB AUTO_INCREMENT=11 DEFAULT CHARSET=utf8mb4 COLLATE=utf8mb4_general_ci;
/*!40101 SET character_set_client = @saved_cs_client */;

--
-- Dumping data for table `perusahaanasuransi`
--

LOCK TABLES `perusahaanasuransi` WRITE;
/*!40000 ALTER TABLE `perusahaanasuransi` DISABLE KEYS */;
INSERT INTO `perusahaanasuransi` VALUES
(1,'Harrison, Rodgers and Turner','Francisco Turner','083402512579'),
(2,'Heath PLC','Gregory Riley','086393898162'),
(3,'Osborne, Knight and Baker','Margaret Blankenship','080647967365'),
(4,'Padilla-Edwards','Katherine Vaughn','086243514264'),
(5,'Murphy, King and Montes','Allison Cruz','088114618120'),
(6,'Wright Ltd','Meghan Ortiz','088826949354'),
(7,'Hayes LLC','Savannah Jimenez','084053187685'),
(8,'Cooper, Miller and Berg','Pamela Lamb','085315288570'),
(9,'Perez-Smith','William Dixon','084207596961'),
(10,'Walker Inc','Alicia Curry','089959585838');
/*!40000 ALTER TABLE `perusahaanasuransi` ENABLE KEYS */;
UNLOCK TABLES;

--
-- Table structure for table `prosedur`
--

DROP TABLE IF EXISTS `prosedur`;
/*!40101 SET @saved_cs_client     = @@character_set_client */;
/*!40101 SET character_set_client = utf8 */;
CREATE TABLE `prosedur` (
  `id` int(11) NOT NULL AUTO_INCREMENT,
  `id_medical_records` int(11) NOT NULL,
  `nama_pengobatan` varchar(255) NOT NULL,
  `dosis` varchar(255) NOT NULL,
  `tanggal_mulai` date NOT NULL,
  `tanggal_selesai` date NOT NULL,
  PRIMARY KEY (`id`),
  KEY `id_medical_records` (`id_medical_records`),
  CONSTRAINT `prosedur_ibfk_1` FOREIGN KEY (`id_medical_records`) REFERENCES `medicalrecord` (`id`)
) ENGINE=InnoDB AUTO_INCREMENT=101 DEFAULT CHARSET=utf8mb4 COLLATE=utf8mb4_general_ci;
/*!40101 SET character_set_client = @saved_cs_client */;

--
-- Dumping data for table `prosedur`
--

LOCK TABLES `prosedur` WRITE;
/*!40000 ALTER TABLE `prosedur` DISABLE KEYS */;
INSERT INTO `prosedur` VALUES
(1,137,'coach','training','2015-04-02','1978-09-19'),
(2,116,'garden','program','1977-09-25','2000-08-10'),
(3,77,'movement','continue','1975-07-14','2020-12-14'),
(4,138,'real','sister','1991-02-11','2013-08-10'),
(5,145,'care','reduce','1971-06-18','2006-07-09'),
(6,41,'would','town','2018-09-04','1971-04-08'),
(7,30,'tend','agent','1976-10-04','1982-11-10'),
(8,87,'mother','nearly','1989-06-20','1997-09-03'),
(9,3,'risk','wind','2013-03-11','1973-07-01'),
(10,82,'seek','difference','1981-09-04','2019-10-05'),
(11,102,'turn','daughter','2013-10-21','2022-04-19'),
(12,92,'begin','various','1971-09-10','2011-06-20'),
(13,96,'a','activity','1997-07-04','1975-11-17'),
(14,24,'since','support','1971-10-03','1979-01-30'),
(15,54,'throw','conference','1986-06-18','1991-06-04'),
(16,121,'bed','source','2015-12-11','1989-09-06'),
(17,59,'most','rather','1994-03-31','2011-09-21'),
(18,72,'within','heavy','1999-08-22','2002-03-24'),
(19,80,'data','concern','1999-08-12','2012-05-21'),
(20,139,'security','indicate','1987-02-05','2010-10-22'),
(21,3,'get','able','1993-12-16','1974-02-14'),
(22,73,'air','television','1997-03-04','2019-04-09'),
(23,145,'item','side','2006-02-05','2001-10-31'),
(24,1,'other','image','1985-11-09','2018-11-15'),
(25,119,'institution','walk','1973-02-26','2000-01-23'),
(26,127,'wide','church','2008-11-09','2019-02-22'),
(27,101,'message','forward','1996-06-30','2007-04-12'),
(28,75,'smile','career','2008-12-20','1980-10-03'),
(29,112,'interesting','senior','1973-03-11','1999-02-26'),
(30,85,'each','subject','1994-12-06','2019-03-05'),
(31,133,'join','benefit','1970-10-25','1992-02-16'),
(32,113,'draw','possible','1971-08-01','1993-01-05'),
(33,73,'relate','ten','1980-08-25','2011-06-11'),
(34,107,'yet','life','1984-02-29','2020-08-30'),
(35,25,'skin','manage','2010-03-31','2004-06-04'),
(36,34,'news','age','1975-02-24','2011-02-01'),
(37,98,'about','study','1982-01-04','1972-03-09'),
(38,136,'begin','agency','2001-04-29','2010-08-02'),
(39,14,'reduce','manage','1984-05-21','2020-03-02'),
(40,84,'simple','together','2008-03-07','2004-03-13'),
(41,61,'might','conference','1976-05-29','2007-01-19'),
(42,94,'down','deal','2022-11-17','2013-09-09'),
(43,139,'factor','serve','2021-09-20','1972-12-18'),
(44,126,'under','tax','2016-03-25','1990-04-23'),
(45,68,'people','shake','2017-06-03','1986-03-17'),
(46,55,'despite','fight','2006-08-19','1997-10-26'),
(47,16,'exist','financial','1991-11-08','1991-11-03'),
(48,134,'tough','exactly','2020-10-18','1972-01-27'),
(49,73,'pattern','go','1990-06-12','1972-09-10'),
(50,138,'certainly','role','1988-04-20','1979-06-14'),
(51,65,'little','quite','1971-08-05','1989-01-17'),
(52,38,'off','doctor','2014-01-25','1991-04-23'),
(53,73,'hope','open','1974-08-24','1975-04-22'),
(54,57,'surface','his','1998-03-28','1980-08-17'),
(55,56,'guess','support','2021-09-14','1997-09-28'),
(56,52,'on','bed','1981-12-23','2012-07-10'),
(57,73,'top','generation','2013-03-21','1979-06-15'),
(58,137,'than','before','2008-05-26','2009-04-16'),
(59,118,'food','bank','2019-04-20','1992-02-11'),
(60,35,'possible','much','2020-12-05','1999-07-28'),
(61,93,'political','candidate','2008-08-09','1990-05-22'),
(62,17,'table','fire','1994-07-27','2018-04-22'),
(63,114,'north','beautiful','1996-10-01','1990-12-16'),
(64,143,'then','staff','2007-05-07','1980-08-02'),
(65,87,'through','fear','1976-08-01','2008-03-29'),
(66,129,'true','though','1982-10-07','1982-09-09'),
(67,13,'eight','no','1980-05-12','2018-10-24'),
(68,132,'difference','stuff','2021-03-14','1999-08-16'),
(69,76,'up','appear','1985-01-18','1975-05-29'),
(70,105,'but','capital','1972-01-11','2011-04-27'),
(71,39,'school','reason','2002-06-21','2010-07-30'),
(72,116,'face','economy','2010-04-22','2004-06-08'),
(73,27,'seek','build','1976-02-19','1995-10-12'),
(74,68,'manager','his','1986-06-11','2019-04-14'),
(75,128,'actually','cover','1993-02-05','1976-06-04'),
(76,111,'Republican','husband','1984-08-21','1981-12-13'),
(77,148,'table','capital','2009-01-23','1989-09-02'),
(78,26,'light','admit','1992-04-18','2006-07-31'),
(79,48,'five','wrong','2004-06-12','1989-07-25'),
(80,115,'manager','necessary','2014-05-27','1981-08-18'),
(81,95,'indicate','travel','2019-07-30','2004-08-14'),
(82,31,'method','American','2002-09-12','2013-02-08'),
(83,66,'attorney','major','2012-05-18','1992-12-29'),
(84,16,'wrong','wife','1996-02-11','2016-07-28'),
(85,37,'skill','toward','1979-03-26','2000-04-23'),
(86,67,'either','represent','1997-10-22','2019-02-18'),
(87,107,'support','floor','1984-02-27','2004-03-25'),
(88,113,'local','technology','2005-03-07','1986-03-13'),
(89,123,'toward','next','1985-04-14','1982-01-29'),
(90,137,'total','easy','2003-09-22','2016-03-06'),
(91,52,'radio','candidate','2019-11-12','2011-04-23'),
(92,120,'fast','task','2014-02-28','1981-09-05'),
(93,103,'enter','run','2002-03-20','2003-09-05'),
(94,46,'son','Mrs','1979-01-21','1978-02-13'),
(95,46,'standard','instead','2019-09-17','1989-08-16'),
(96,27,'possible','it','1996-07-13','2011-01-06'),
(97,90,'most','quite','1970-12-10','1990-12-16'),
(98,90,'crime','gas','1998-12-13','1975-12-02'),
(99,51,'hundred','other','2006-03-05','1981-04-29'),
(100,68,'perhaps','read','2013-10-14','2006-04-23');
/*!40000 ALTER TABLE `prosedur` ENABLE KEYS */;
UNLOCK TABLES;

--
-- Table structure for table `resep`
--

DROP TABLE IF EXISTS `resep`;
/*!40101 SET @saved_cs_client     = @@character_set_client */;
/*!40101 SET character_set_client = utf8 */;
CREATE TABLE `resep` (
  `id` int(11) NOT NULL AUTO_INCREMENT,
  `id_medical_records` int(11) NOT NULL,
  `nama_pengobatan` varchar(255) NOT NULL,
  `dosis` varchar(255) NOT NULL,
  `tanggal_mulai` date NOT NULL,
  `tanggal_selesai` date NOT NULL,
  PRIMARY KEY (`id`),
  KEY `id_medical_records` (`id_medical_records`),
  CONSTRAINT `resep_ibfk_1` FOREIGN KEY (`id_medical_records`) REFERENCES `medicalrecord` (`id`)
) ENGINE=InnoDB AUTO_INCREMENT=101 DEFAULT CHARSET=utf8mb4 COLLATE=utf8mb4_general_ci;
/*!40101 SET character_set_client = @saved_cs_client */;

--
-- Dumping data for table `resep`
--

LOCK TABLES `resep` WRITE;
/*!40000 ALTER TABLE `resep` DISABLE KEYS */;
INSERT INTO `resep` VALUES
(1,146,'own','night','2017-08-15','2004-12-30'),
(2,114,'account','force','1995-03-08','1998-09-19'),
(3,125,'student','media','2017-09-27','2002-02-01'),
(4,56,'high','onto','2010-08-25','1995-08-17'),
(5,75,'term','type','2012-07-29','2015-03-26'),
(6,43,'first','defense','2014-10-11','1985-08-24'),
(7,19,'serious','media','2014-06-18','1977-05-22'),
(8,84,'behavior','tonight','1999-06-30','2005-08-20'),
(9,85,'coach','morning','2017-02-18','1994-09-05'),
(10,120,'blue','together','1994-12-23','1992-06-27'),
(11,133,'serious','whole','2015-10-21','2010-03-28'),
(12,22,'take','just','1983-03-30','2018-09-29'),
(13,4,'leave','skin','1991-03-23','1971-10-18'),
(14,13,'drug','book','2004-06-19','1978-11-24'),
(15,62,'option','number','2015-04-17','1972-12-02'),
(16,59,'kid','choose','2021-10-11','1984-08-08'),
(17,59,'smile','rock','2012-09-25','2005-10-13'),
(18,60,'decade','point','1982-12-25','2019-04-30'),
(19,147,'under','bed','1970-01-16','2021-01-30'),
(20,28,'its','yourself','1977-01-27','2007-04-04'),
(21,16,'site','Congress','1992-12-01','1984-04-24'),
(22,21,'reason','after','2022-11-13','2012-01-26'),
(23,36,'radio','fall','2011-06-21','1976-05-22'),
(24,80,'end','might','2004-07-06','2019-07-09'),
(25,126,'will','beautiful','1986-10-15','2022-02-24'),
(26,128,'she','trouble','1997-01-04','1978-11-10'),
(27,143,'test','organization','2019-02-23','1997-05-21'),
(28,80,'choose','apply','1981-10-04','1989-01-10'),
(29,34,'fly','entire','2014-05-15','1984-12-08'),
(30,48,'message','business','1999-04-20','2003-10-02'),
(31,53,'follow','computer','1982-04-23','1977-12-04'),
(32,110,'small','himself','2009-05-03','2003-11-08'),
(33,146,'number','hair','2014-05-15','2015-07-04'),
(34,6,'four','instead','2023-01-29','1970-12-05'),
(35,133,'year','garden','1973-12-08','1999-12-16'),
(36,126,'successful','prevent','1981-03-27','1992-11-18'),
(37,139,'describe','I','2013-11-02','2002-02-23'),
(38,131,'side','happy','2002-05-03','2016-04-20'),
(39,61,'list','we','1996-03-21','2020-04-06'),
(40,100,'long','performance','2004-07-03','1980-04-05'),
(41,142,'see','expect','1999-07-24','1979-07-25'),
(42,107,'really','fly','2005-08-31','1989-06-25'),
(43,148,'rock','spring','2019-03-18','2002-08-11'),
(44,31,'idea','option','1997-02-12','2022-05-18'),
(45,72,'however','character','1982-09-08','2010-02-04'),
(46,122,'ready','only','1975-11-25','1997-12-22'),
(47,82,'kid','bank','2022-02-07','2011-01-06'),
(48,128,'material','employee','1971-06-24','1975-08-13'),
(49,115,'heart','American','2019-01-04','1994-07-10'),
(50,44,'listen','seek','1994-07-31','2019-02-25'),
(51,84,'ten','foot','1970-09-05','1990-10-28'),
(52,97,'admit','thought','1986-04-19','2008-11-24'),
(53,47,'college','human','2018-02-28','2003-12-21'),
(54,77,'nice','sound','2000-10-06','1993-12-21'),
(55,148,'interview','security','1995-02-04','1983-07-21'),
(56,47,'understand','field','2001-08-01','1987-10-11'),
(57,7,'worker','several','2020-03-22','1990-09-22'),
(58,96,'against','economic','1990-06-06','1976-12-28'),
(59,9,'enough','organization','2020-11-12','2009-09-23'),
(60,32,'several','likely','1985-03-27','2021-11-23'),
(61,58,'standard','or','1992-03-11','1972-07-20'),
(62,89,'go','movement','1985-02-23','2020-04-10'),
(63,118,'authority','down','2008-12-14','2012-12-06'),
(64,141,'also','argue','1990-09-06','2015-09-23'),
(65,126,'address','sound','2002-10-31','2010-09-16'),
(66,146,'according','skin','1983-06-26','2010-07-25'),
(67,22,'outside','budget','1978-11-29','2010-11-06'),
(68,135,'significant','job','1983-11-18','1982-06-08'),
(69,125,'official','walk','1989-05-17','1988-03-11'),
(70,101,'write','real','2009-12-20','1975-03-08'),
(71,99,'whole','after','2009-10-16','2019-04-24'),
(72,148,'free','effort','1975-09-14','1986-02-28'),
(73,149,'recently','skin','2005-09-20','1982-04-19'),
(74,126,'off','more','2002-03-03','2000-03-29'),
(75,113,'full','yourself','1989-08-20','1974-11-20'),
(76,102,'ask','generation','2001-12-08','1984-06-18'),
(77,62,'dark','professional','1977-02-14','1983-09-26'),
(78,72,'rule','approach','1973-10-03','2018-12-24'),
(79,6,'that','wall','1985-08-11','2021-03-15'),
(80,99,'career','hand','1983-10-26','1987-06-14'),
(81,19,'center','nice','1982-04-04','2013-04-01'),
(82,120,'give','value','1998-11-25','1979-08-17'),
(83,108,'throughout','arrive','1972-11-29','1984-11-22'),
(84,92,'seek','to','2013-03-29','1993-08-07'),
(85,119,'hour','sing','1973-04-07','2010-01-16'),
(86,33,'lay','same','2021-10-21','1987-01-12'),
(87,63,'what','begin','1970-11-09','2020-08-07'),
(88,74,'prepare','new','2016-05-23','1983-12-14'),
(89,131,'almost','finally','2008-01-17','1970-05-19'),
(90,52,'think','TV','2015-12-06','2021-07-31'),
(91,67,'huge','there','1983-10-02','1979-12-20'),
(92,137,'performance','space','1982-08-09','1983-03-16'),
(93,6,'benefit','student','1994-10-10','1990-05-20'),
(94,129,'wife','major','2016-05-01','2012-12-23'),
(95,114,'whom','by','1997-04-30','2004-04-16'),
(96,32,'treatment','also','1999-10-04','1980-04-16'),
(97,79,'them','everything','2004-08-30','2007-07-14'),
(98,29,'structure','throughout','1997-02-12','1971-05-31'),
(99,136,'reach','even','1991-02-04','2001-08-17'),
(100,5,'guess','teacher','2018-06-19','1987-07-28');
/*!40000 ALTER TABLE `resep` ENABLE KEYS */;
UNLOCK TABLES;

--
-- Table structure for table `satuantugas`
--

DROP TABLE IF EXISTS `satuantugas`;
/*!40101 SET @saved_cs_client     = @@character_set_client */;
/*!40101 SET character_set_client = utf8 */;
CREATE TABLE `satuantugas` (
  `id_kerja_sama` int(11) NOT NULL,
  `id` int(11) NOT NULL,
  PRIMARY KEY (`id_kerja_sama`,`id`),
  KEY `id` (`id`),
  CONSTRAINT `satuantugas_ibfk_1` FOREIGN KEY (`id`) REFERENCES `tenagamedis` (`id`)
) ENGINE=InnoDB DEFAULT CHARSET=utf8mb4 COLLATE=utf8mb4_general_ci;
/*!40101 SET character_set_client = @saved_cs_client */;

--
-- Dumping data for table `satuantugas`
--

LOCK TABLES `satuantugas` WRITE;
/*!40000 ALTER TABLE `satuantugas` DISABLE KEYS */;
INSERT INTO `satuantugas` VALUES
(1,76),
(1,81),
(2,91),
(2,149),
(2,268),
(3,66),
(3,81),
(3,224),
(4,117),
(4,231),
(5,48),
(5,57),
(5,263),
(5,299),
(6,27),
(6,42),
(6,145),
(6,196),
(6,235),
(7,60),
(7,113),
(7,139),
(7,151),
(8,7),
(8,260),
(8,262),
(8,270),
(8,300),
(9,114),
(9,158),
(9,162),
(9,187),
(10,15),
(10,160),
(10,222),
(11,41),
(11,74),
(11,89),
(11,141),
(11,190),
(11,279),
(12,42),
(12,58),
(12,244),
(12,291),
(13,56),
(13,81),
(13,100),
(13,113),
(13,149),
(13,280),
(14,2),
(14,13),
(14,151),
(14,212),
(14,265),
(14,287),
(15,38),
(15,50),
(15,126),
(15,148),
(16,97),
(16,158),
(16,183),
(16,218),
(16,251),
(17,3),
(17,137),
(17,185),
(18,63),
(18,219),
(18,242),
(18,275),
(18,285),
(19,15),
(19,50),
(19,61),
(19,122),
(19,132),
(20,86),
(20,183),
(20,254),
(20,300),
(21,63),
(21,100),
(21,164),
(21,208),
(21,226),
(22,33),
(22,50),
(22,226),
(23,22),
(23,105),
(23,151),
(23,268),
(24,26),
(24,257),
(25,137),
(25,151),
(25,175),
(25,300),
(26,29),
(26,114),
(26,266),
(27,74),
(27,203),
(27,241),
(27,275),
(28,50),
(28,139),
(28,190),
(28,270),
(29,57),
(29,66),
(29,73),
(29,213),
(29,259),
(30,98),
(30,211),
(30,262),
(30,294),
(31,25),
(31,124),
(31,136),
(31,231),
(31,268),
(32,56),
(32,269),
(33,38),
(33,75),
(33,79),
(33,191),
(33,239),
(33,265),
(34,26),
(34,30),
(34,50),
(34,165),
(35,78),
(35,119),
(35,167),
(35,175),
(35,251),
(36,51),
(36,90),
(36,234),
(36,255),
(37,129),
(37,160),
(37,219),
(38,132),
(38,133),
(38,165),
(38,236),
(39,158),
(39,167),
(39,226),
(39,280),
(40,129),
(40,247),
(41,62),
(41,107),
(41,203),
(41,215),
(41,231),
(41,260),
(42,240),
(42,300),
(43,38),
(43,69),
(43,202),
(43,270),
(43,277),
(43,294),
(44,144),
(44,150),
(44,158),
(44,173),
(45,51),
(45,101),
(46,54),
(46,78),
(46,262),
(47,29),
(47,94),
(47,124),
(47,251),
(47,257),
(48,27),
(48,117),
(48,269),
(48,291),
(49,68),
(49,139),
(49,239),
(49,266),
(49,286),
(50,60),
(50,65),
(51,47),
(51,50),
(51,63),
(51,200),
(51,260),
(52,185),
(52,224),
(52,240),
(52,300),
(53,79),
(53,103),
(53,165),
(53,276),
(54,52),
(54,122),
(54,266),
(54,294),
(55,3),
(55,61),
(55,71),
(55,113),
(56,47),
(56,56),
(56,60),
(56,63),
(57,66),
(57,149),
(57,158),
(57,185),
(57,200),
(57,268),
(58,36),
(58,65),
(58,237),
(58,267),
(59,257),
(59,300),
(60,8),
(60,68),
(60,100),
(60,139),
(60,172),
(61,15),
(61,104),
(61,149),
(61,266),
(62,26),
(62,114),
(62,198),
(63,7),
(63,91),
(63,255),
(64,63),
(64,172),
(64,229),
(65,15),
(65,103),
(65,261),
(66,73),
(66,113),
(66,143),
(66,210),
(66,211),
(66,266),
(67,91),
(67,114),
(67,118),
(67,173),
(67,199),
(67,261),
(68,11),
(68,13),
(68,118),
(68,122),
(68,299),
(69,15),
(69,118),
(69,281),
(70,2),
(70,14),
(70,40),
(70,61),
(70,252),
(71,126),
(71,257),
(72,27),
(72,124),
(72,162),
(72,202),
(73,47),
(73,52),
(74,66),
(74,78),
(74,165),
(74,190),
(74,254),
(74,269),
(75,87),
(75,271),
(76,2),
(76,136),
(76,148),
(77,51),
(77,78),
(77,127),
(77,263),
(77,270),
(78,34),
(78,42),
(78,116),
(78,160),
(79,30),
(79,64),
(79,99),
(79,166),
(79,206),
(79,275),
(80,62),
(80,150),
(80,272),
(80,297),
(81,25),
(81,196),
(81,241),
(81,270),
(82,10),
(82,198),
(82,269),
(83,2),
(83,13),
(83,34),
(83,51),
(83,63),
(83,160),
(84,2),
(84,91),
(84,126),
(84,255),
(85,7),
(85,29),
(85,114),
(85,206),
(85,254),
(85,271),
(86,79),
(86,162),
(86,245),
(86,267),
(87,64),
(87,266),
(88,203),
(88,251),
(88,269),
(88,271),
(89,79),
(89,105),
(89,124),
(89,144),
(90,62),
(90,66),
(90,133),
(91,61),
(91,73),
(91,187),
(91,231),
(92,15),
(92,38),
(92,61),
(92,63),
(92,127),
(92,248),
(93,61),
(93,71),
(93,124),
(93,197),
(93,272),
(93,299),
(94,116),
(94,199),
(94,237),
(94,252),
(95,185),
(95,222),
(95,231),
(95,266),
(96,127),
(96,136),
(96,172),
(96,291),
(97,98),
(97,116),
(97,148),
(97,256),
(98,42),
(98,191),
(98,242),
(98,272),
(99,30),
(99,166),
(99,172),
(99,219),
(99,282),
(100,59),
(100,182),
(100,245),
(100,268),
(101,76),
(101,119),
(101,244),
(101,257),
(102,178),
(102,198),
(103,13),
(103,73),
(103,74),
(103,145),
(103,151),
(104,100),
(104,140),
(104,173),
(104,261),
(105,86),
(105,167),
(105,237),
(105,257),
(106,74),
(106,196),
(106,203),
(107,14),
(107,61),
(107,63),
(107,206),
(108,202),
(108,244),
(109,99),
(109,175),
(109,242),
(109,248),
(109,261),
(110,3),
(110,148),
(110,164),
(110,206),
(110,229),
(111,73),
(111,105),
(111,128),
(111,240),
(111,279),
(112,61),
(112,150),
(112,261),
(113,58),
(113,61),
(113,282),
(113,287),
(114,78),
(114,97),
(114,119),
(114,192),
(114,280),
(115,122),
(115,128),
(115,178),
(115,242),
(116,118),
(116,153),
(116,213),
(117,48),
(117,74),
(117,224),
(118,99),
(118,103),
(118,105),
(118,165),
(118,241),
(119,118),
(119,165),
(119,261),
(119,277),
(120,103),
(120,145),
(120,258),
(121,106),
(121,206),
(121,294),
(122,227),
(122,263),
(122,299),
(123,26),
(123,75),
(123,153),
(124,150),
(124,182),
(125,211),
(125,215),
(126,34),
(126,145),
(126,262),
(126,266),
(127,74),
(127,165),
(127,203),
(127,210),
(127,275),
(128,69),
(128,105),
(129,52),
(129,64),
(129,71),
(129,79),
(130,62),
(130,248),
(130,281),
(131,30),
(131,94),
(131,102),
(131,165),
(131,252),
(132,48),
(132,166),
(132,192),
(133,33),
(133,56),
(133,150),
(133,229),
(133,238),
(133,258),
(134,38),
(134,71),
(134,265),
(135,81),
(135,101),
(135,182),
(135,200),
(135,222),
(136,33),
(136,173),
(136,252),
(137,158),
(137,178),
(137,234),
(138,79),
(138,88),
(138,112),
(138,129),
(138,267),
(139,106),
(139,139),
(139,262),
(140,22),
(140,63),
(140,69),
(140,96),
(140,101),
(140,213),
(141,16),
(141,87),
(141,106),
(141,175),
(141,197),
(141,248),
(142,94),
(142,126),
(142,178),
(142,266),
(142,277),
(143,36),
(143,60),
(143,113),
(143,117),
(143,182),
(144,61),
(144,76),
(144,100),
(144,135),
(144,158),
(144,177),
(145,76),
(145,160),
(145,191),
(145,196),
(145,255),
(145,267),
(146,148),
(146,248),
(147,67),
(147,73),
(147,150),
(147,249),
(147,260),
(148,165),
(148,173),
(148,224),
(149,36),
(149,107),
(149,140),
(149,257),
(149,265),
(150,34),
(150,64),
(150,139),
(150,206),
(150,210),
(150,263);
/*!40000 ALTER TABLE `satuantugas` ENABLE KEYS */;
UNLOCK TABLES;

--
-- Table structure for table `tenagamedis`
--

DROP TABLE IF EXISTS `tenagamedis`;
/*!40101 SET @saved_cs_client     = @@character_set_client */;
/*!40101 SET character_set_client = utf8 */;
CREATE TABLE `tenagamedis` (
  `id` int(11) NOT NULL,
  `nomor_lisensi` varchar(25) NOT NULL,
  `id_departemen` int(11) NOT NULL,
  PRIMARY KEY (`id`),
  KEY `id_departemen` (`id_departemen`),
  CONSTRAINT `tenagamedis_ibfk_1` FOREIGN KEY (`id`) REFERENCES `orang` (`id`),
  CONSTRAINT `tenagamedis_ibfk_2` FOREIGN KEY (`id_departemen`) REFERENCES `departemen` (`id`)
) ENGINE=InnoDB DEFAULT CHARSET=utf8mb4 COLLATE=utf8mb4_general_ci;
/*!40101 SET character_set_client = @saved_cs_client */;

--
-- Dumping data for table `tenagamedis`
--

LOCK TABLES `tenagamedis` WRITE;
/*!40000 ALTER TABLE `tenagamedis` DISABLE KEYS */;
INSERT INTO `tenagamedis` VALUES
(2,'252',6),
(3,'129',13),
(7,'144',6),
(8,'132',12),
(10,'268',3),
(11,'261',12),
(13,'110',7),
(14,'127',6),
(15,'108',8),
(16,'116',9),
(22,'245',7),
(23,'133',9),
(25,'276',13),
(26,'167',17),
(27,'141',2),
(29,'257',10),
(30,'269',9),
(33,'198',14),
(34,'109',12),
(36,'212',9),
(38,'138',17),
(40,'102',5),
(41,'264',18),
(42,'275',11),
(47,'115',6),
(48,'274',3),
(49,'146',10),
(50,'123',5),
(51,'130',13),
(52,'156',17),
(54,'164',5),
(56,'187',15),
(57,'255',10),
(58,'241',7),
(59,'168',15),
(60,'183',5),
(61,'185',16),
(62,'271',11),
(63,'203',12),
(64,'270',17),
(65,'249',4),
(66,'177',11),
(67,'182',10),
(68,'279',15),
(69,'160',17),
(71,'213',15),
(73,'176',2),
(74,'149',2),
(75,'118',4),
(76,'161',15),
(78,'232',4),
(79,'235',1),
(81,'239',11),
(86,'243',18),
(87,'103',14),
(88,'265',8),
(89,'117',3),
(90,'139',1),
(91,'250',7),
(94,'157',10),
(95,'105',8),
(96,'280',18),
(97,'122',16),
(98,'171',10),
(99,'165',12),
(100,'111',4),
(101,'238',18),
(102,'211',5),
(103,'109',1),
(104,'218',17),
(105,'253',10),
(106,'214',17),
(107,'137',7),
(109,'178',6),
(112,'107',5),
(113,'163',4),
(114,'113',8),
(116,'260',7),
(117,'222',5),
(118,'135',5),
(119,'108',16),
(122,'277',17),
(124,'240',10),
(126,'233',15),
(127,'210',10),
(128,'172',4),
(129,'266',18),
(131,'278',6),
(132,'194',4),
(133,'118',9),
(135,'215',6),
(136,'195',1),
(137,'262',5),
(139,'112',11),
(140,'196',7),
(141,'153',1),
(143,'225',8),
(144,'181',6),
(145,'142',2),
(148,'124',10),
(149,'281',11),
(150,'143',7),
(151,'282',6),
(153,'140',8),
(155,'101',10),
(158,'231',14),
(160,'188',4),
(162,'145',15),
(164,'209',6),
(165,'147',14),
(166,'272',10),
(167,'114',9),
(172,'201',9),
(173,'242',16),
(174,'107',17),
(175,'226',10),
(177,'219',2),
(178,'267',7),
(180,'166',7),
(182,'125',6),
(183,'184',15),
(185,'110',8),
(187,'197',13),
(190,'191',11),
(191,'258',9),
(192,'273',7),
(196,'190',6),
(197,'248',1),
(198,'207',6),
(199,'200',3),
(200,'115',1),
(202,'263',12),
(203,'180',16),
(206,'236',10),
(208,'246',11),
(210,'104',16),
(211,'204',13),
(212,'193',17),
(213,'151',3),
(215,'117',15),
(218,'202',17),
(219,'136',17),
(222,'114',18),
(224,'104',15),
(226,'106',17),
(227,'113',14),
(228,'162',12),
(229,'121',5),
(230,'216',11),
(231,'223',6),
(232,'111',9),
(234,'103',8),
(235,'217',5),
(236,'244',10),
(237,'227',18),
(238,'116',5),
(239,'237',14),
(240,'134',10),
(241,'186',15),
(242,'170',6),
(244,'199',9),
(245,'259',16),
(247,'221',11),
(248,'119',9),
(249,'234',17),
(251,'220',18),
(252,'159',2),
(254,'101',9),
(255,'148',14),
(256,'120',15),
(257,'192',13),
(258,'206',5),
(259,'208',4),
(260,'126',7),
(261,'128',4),
(262,'105',13),
(263,'224',2),
(265,'254',3),
(266,'169',15),
(267,'174',9),
(268,'155',5),
(269,'230',10),
(270,'150',18),
(271,'228',3),
(272,'131',8),
(275,'112',15),
(276,'229',8),
(277,'152',8),
(279,'251',2),
(280,'154',4),
(281,'158',12),
(282,'179',17),
(285,'106',2),
(286,'175',9),
(287,'205',8),
(291,'189',7),
(294,'256',15),
(297,'247',7),
(299,'102',6),
(300,'173',16);
/*!40000 ALTER TABLE `tenagamedis` ENABLE KEYS */;
UNLOCK TABLES;

--
-- Table structure for table `teslab`
--

DROP TABLE IF EXISTS `teslab`;
/*!40101 SET @saved_cs_client     = @@character_set_client */;
/*!40101 SET character_set_client = utf8 */;
CREATE TABLE `teslab` (
  `id` int(11) NOT NULL AUTO_INCREMENT,
  `id_medical_records` int(11) NOT NULL,
  `tanggal_tes` date NOT NULL,
  `hasil` varchar(255) NOT NULL,
  `tempat` varchar(100) NOT NULL,
  PRIMARY KEY (`id`),
  KEY `id_medical_records` (`id_medical_records`),
  CONSTRAINT `teslab_ibfk_1` FOREIGN KEY (`id_medical_records`) REFERENCES `medicalrecord` (`id`)
) ENGINE=InnoDB AUTO_INCREMENT=101 DEFAULT CHARSET=utf8mb4 COLLATE=utf8mb4_general_ci;
/*!40101 SET character_set_client = @saved_cs_client */;

--
-- Dumping data for table `teslab`
--

LOCK TABLES `teslab` WRITE;
/*!40000 ALTER TABLE `teslab` DISABLE KEYS */;
INSERT INTO `teslab` VALUES
(1,1,'2017-10-02','Low surface once phone everyone lead father region.','Lab Serologi'),
(2,119,'2010-01-27','Defense trouble American.','Lab Patologi Klinik'),
(3,124,'2008-11-15','Must today north both.','Lab Imunologi'),
(4,135,'2016-07-01','Involve management finally these level present walk long.','Lab Mikrobiologi'),
(5,2,'2003-04-18','Will message song quickly talk.','Lab Imunologi'),
(6,3,'2016-01-08','Lawyer federal religious admit.','Lab Patologi Klinik'),
(7,134,'2002-11-17','Peace computer structure.','Lab Urinalisis'),
(8,4,'2008-02-04','Reflect thus people artist.','Lab Klinik'),
(9,136,'2020-12-19','System language however news country single.','Lab Mikrobiologi'),
(10,5,'2007-09-25','Quite concern well threat test cost whose social.','Lab Kimia Klinik'),
(11,6,'2018-04-17','Us it explain travel outside bring capital.','Lab Biokimia'),
(12,110,'2019-12-05','Ok consider serve.','Lab Imunologi'),
(13,145,'2015-11-04','Situation whom race.','Lab Genetik'),
(14,7,'2011-02-01','Structure mouth something his music happy.','Lab Mikrobiologi'),
(15,107,'2013-10-15','Finally table argue live language parent feel.','Lab Imunologi'),
(16,8,'2009-01-22','Free while continue foot factor trouble.','Lab Patologi Klinik'),
(17,9,'2015-05-17','Bill step tree push.','Lab Urinalisis'),
(18,10,'2016-11-10','Speak size least figure I seven gun.','Lab Imunologi'),
(19,11,'2009-03-31','Sometimes only provide through.','Lab Genetik'),
(20,12,'2019-02-20','Likely society theory total but.','Lab Urinalisis'),
(21,13,'2019-03-10','Dog carry heavy side.','Lab Serologi'),
(22,147,'2013-10-29','Claim democratic manager.','Lab Serologi'),
(23,14,'2017-04-28','Wish trade seek food exactly.','Lab Kimia Klinik'),
(24,15,'2016-01-02','Choose letter project together half believe.','Lab Kimia Klinik'),
(25,16,'2020-08-15','True note affect national.','Lab Parasitologi'),
(26,17,'2005-12-19','Hope pressure statement walk form event.','Lab Radiologi'),
(27,18,'2008-02-10','Human whether senior garden determine type vote.','Lab Biokimia'),
(28,19,'2020-09-14','Guess boy along law add agree.','Lab Patologi Klinik'),
(29,130,'2020-12-10','Left education data great save reduce pattern talk.','Lab Kimia Klinik'),
(30,140,'2010-05-25','Mission various fly first suffer step.','Lab Urinalisis'),
(31,20,'2012-11-29','Piece artist spend environmental southern.','Lab Parasitologi'),
(32,128,'2022-08-06','Dog interesting city likely.','Lab Hematologi'),
(33,21,'2017-07-07','Tough plan whose goal west suddenly itself.','Lab Genetik'),
(34,132,'2005-02-20','Three scientist name happy community.','Lab Imunologi'),
(35,22,'2022-04-15','Staff reflect color.','Lab Serologi'),
(36,148,'2016-06-15','Natural itself simple leave.','Lab Hematologi'),
(37,23,'2020-06-25','Point property first month.','Lab Parasitologi'),
(38,24,'2018-07-08','However occur begin sit deal else figure.','Lab Urinalisis'),
(39,118,'2018-02-20','Relationship two realize.','Lab Patologi Klinik'),
(40,25,'2009-04-16','Perhaps tell citizen speech leg allow.','Lab Biokimia'),
(41,105,'2020-04-19','Across he teacher particular floor war.','Lab Hematologi'),
(42,26,'2015-05-28','Letter memory think manager.','Lab Radiologi'),
(43,129,'2021-06-06','Investment data arm partner rate charge executive.','Lab Patologi Klinik'),
(44,27,'2021-10-05','Should PM serve draw.','Lab Radiologi'),
(45,113,'2016-07-19','Lose network task night ago worry clearly she.','Lab Biokimia'),
(46,142,'2022-12-12','Part skill back exist second interview always.','Lab Serologi'),
(47,28,'2022-09-24','Trouble spring young feeling.','Lab Serologi'),
(48,109,'2017-08-05','Scientist create theory.','Lab Parasitologi'),
(49,29,'2011-03-31','Society different ball rock study make here.','Lab Patologi Klinik'),
(50,111,'2006-07-18','Street deal together nice contain.','Lab Urinalisis'),
(51,116,'2007-02-23','Us day determine member audience friend movement.','Lab Genetik'),
(52,30,'2005-04-30','Old shoulder record budget first.','Lab Biokimia'),
(53,31,'2014-11-08','When treat concern.','Lab Kimia Klinik'),
(54,104,'2010-03-15','Subject check condition sea.','Lab Biokimia'),
(55,138,'2008-02-12','Management challenge suddenly black fire cut.','Lab Patologi Klinik'),
(56,32,'2019-03-12','Oil kitchen specific new.','Lab Klinik'),
(57,33,'2010-10-23','Expect skill tonight.','Lab Patologi Klinik'),
(58,34,'2011-02-21','Need either else Mr.','Lab Imunologi'),
(59,103,'2016-03-03','Debate yourself business certain my identify attack.','Lab Parasitologi'),
(60,122,'2006-04-19','Yes student face carry network stage responsibility.','Lab Kimia Klinik'),
(61,137,'2018-05-12','Everybody color fall choice.','Lab Klinik'),
(62,144,'2015-12-29','Now station raise better back.','Lab Urinalisis'),
(63,35,'2003-04-09','Finally by business debate right crime section.','Lab Kimia Klinik'),
(64,36,'2006-04-01','Fire whom worker movement themselves especially.','Lab Radiologi'),
(65,123,'2009-12-13','Third usually black serve door close weight let.','Lab Imunologi'),
(66,126,'2009-06-15','Fight test team like south.','Lab Genetik'),
(67,139,'2011-01-06','By water hand letter Congress question.','Lab Urinalisis'),
(68,37,'2015-09-09','Might account get sound wife address.','Lab Serologi'),
(69,101,'2003-12-21','Imagine music week fact figure.','Lab Genetik'),
(70,38,'2009-10-10','Herself participant glass figure.','Lab Klinik'),
(71,133,'2012-04-13','Turn operation us PM.','Lab Radiologi'),
(72,39,'2007-09-10','Provide process open safe.','Lab Hematologi'),
(73,40,'2010-04-19','Edge management mention time wide ground than.','Lab Imunologi'),
(74,41,'2013-12-12','Catch after someone effect military deep.','Lab Urinalisis'),
(75,42,'2002-05-20','Answer agree include close skill message.','Lab Imunologi'),
(76,43,'2021-10-18','Goal oil similar.','Lab Klinik'),
(77,114,'2019-08-30','Form speech sell need.','Lab Genetik'),
(78,44,'2003-10-19','Training candidate read last sure store society.','Lab Kimia Klinik'),
(79,45,'2009-05-06','Western call war student.','Lab Klinik'),
(80,46,'2010-03-23','Adult to nation if Mrs baby reach.','Lab Radiologi'),
(81,47,'2001-05-02','Red official camera worry two.','Lab Parasitologi'),
(82,106,'2013-03-26','Class anything painting daughter message cause city.','Lab Imunologi'),
(83,117,'2015-05-14','Along door will development hair.','Lab Patologi Klinik'),
(84,48,'2005-03-01','Instead consumer important senior international really also.','Lab Biokimia'),
(85,112,'2002-07-18','Remain professor old age up building million me.','Lab Genetik'),
(86,49,'2007-08-30','You little mission station anything my difference.','Lab Radiologi'),
(87,50,'2017-05-06','Learn fact machine garden culture.','Lab Parasitologi'),
(88,51,'2011-10-04','Number these control.','Lab Kimia Klinik'),
(89,52,'2020-04-10','Budget quality idea recently bring.','Lab Biokimia'),
(90,53,'2019-02-27','Entire perform industry court power.','Lab Radiologi'),
(91,108,'2009-12-02','Game theory audience fish kitchen ask method memory.','Lab Imunologi'),
(92,125,'2006-11-19','Know listen how piece east.','Lab Hematologi'),
(93,143,'2001-10-03','Base about total our end history.','Lab Genetik'),
(94,54,'2013-10-01','Standard water most end.','Lab Biokimia'),
(95,55,'2010-02-25','Guess today too.','Lab Radiologi'),
(96,56,'2018-11-30','Start figure coach grow skin special enough.','Lab Genetik'),
(97,149,'2022-11-14','But responsibility back course hard ok.','Lab Klinik'),
(98,57,'2010-08-28','Heart care policy they month pattern somebody.','Lab Hematologi'),
(99,58,'2005-05-31','Record listen idea.','Lab Kimia Klinik'),
(100,102,'2016-01-22','Fact east evening raise cup experience.','Lab Klinik');
/*!40000 ALTER TABLE `teslab` ENABLE KEYS */;
UNLOCK TABLES;
/*!40103 SET TIME_ZONE=@OLD_TIME_ZONE */;

/*!40101 SET SQL_MODE=@OLD_SQL_MODE */;
/*!40014 SET FOREIGN_KEY_CHECKS=@OLD_FOREIGN_KEY_CHECKS */;
/*!40014 SET UNIQUE_CHECKS=@OLD_UNIQUE_CHECKS */;
/*!40101 SET CHARACTER_SET_CLIENT=@OLD_CHARACTER_SET_CLIENT */;
/*!40101 SET CHARACTER_SET_RESULTS=@OLD_CHARACTER_SET_RESULTS */;
/*!40101 SET COLLATION_CONNECTION=@OLD_COLLATION_CONNECTION */;
/*!40111 SET SQL_NOTES=@OLD_SQL_NOTES */;

-- Dump completed on 2023-04-09 15:39:43
